x_utm,y_utm,domain,snow_free_doy,canopy_height_m,predicted_label,nearest_class,nearest_d,second_class,second_d,margin,ood_flag
352232.5,4290353.5,ALMO,114.00759887695312,0,S24.a,S24.a,18.134983940233248,S24.b,18.17422646386404,0.03924252363079361,TRUE
338565.5,4285509.5,ALMO,98.14420318603516,0,S01.a,S01.a,15.284827982935049,M04,15.332651044080373,0.04782306114532453,TRUE
344553.5,4280329.5,ALMO,114.68988800048828,0,S18,S25,15.1874457595065,S24.b,15.355988547570748,0.16854278806424716,TRUE
346388.5,4283818.5,ALMO,94.17155456542967,0,S22,S22,17.65634478248409,S24.b,17.877528489693397,0.22118370720930614,TRUE
345367.5,4285647.5,ALMO,103.57159423828124,0,S18,S24.b,17.746162641117838,S24.a,18.10563443624965,0.3594717951318138,TRUE
350724.5,4283149.5,ALMO,120.7688980102539,0,S24.a,S24.b,19.754846805449123,S24.a,19.914635611246915,0.15978880579779187,TRUE
339307.5,4286068.5,ALMO,89.68653869628906,0,S24.b,S24.b,18.42553196756179,S24.a,18.912983724308784,0.4874517567469958,TRUE
341826.5,4285635.5,ALMO,95.91986083984376,0,S18,S24.b,16.181655853460782,S24.a,16.25190364549582,0.07024779203503684,TRUE
342505.5,4287761.5,ALMO,102.39379119873048,0,S24.b,S24.b,16.70019029273994,S24.a,17.16459308352443,0.4644027907844901,TRUE
342631.5,4286575.5,ALMO,117.02545166015624,0,S05.a,M03,13.16256265508072,S04.a,13.212627007661483,0.05006435258076358,TRUE
338949.5,4282488.5,ALMO,90.60356903076172,0,S24.a,S24.b,19.474141770683676,S24.a,19.58574154629284,0.11159977560916445,TRUE
341712.5,4280254.5,ALMO,99.21593475341795,0,S24.a,S24.b,17.751898871100916,S24.a,17.79990391775824,0.04800504665732319,TRUE
339868.5,4283815.5,ALMO,100.7701187133789,0,S24.a,S24.b,17.465334854556158,S24.a,17.634195363647898,0.16886050909173989,TRUE
343229.5,4283419.5,ALMO,85.86254119873047,0,S24.a,S24.b,16.701708957009096,S24.a,16.875911981061954,0.1742030240528578,TRUE
343118.5,4287302.5,ALMO,100.05482482910156,0,S18,S18,14.13839252698525,S02.a,14.446985629892367,0.3085931029071176,TRUE
341238.5,4287047.5,ALMO,109.9928207397461,0,S05.a,M03,14.337247054339178,S04.a,14.595526140682,0.2582790863428226,TRUE
348061.5,4290491.5,ALMO,105.94213104248048,2.381999969482422,S18,S18,15.511118352757515,S02.a,15.645833858844533,0.13471550608701754,TRUE
342505.5,4282131.5,ALMO,111.46961212158205,0,S18,S24.b,16.766596567690907,S18,16.98181736732421,0.21522079963330398,TRUE
341094.5,4284275.5,ALMO,81.068359375,0,S22,S24.b,18.712430033886694,S24.a,18.839300379018763,0.12687034513206896,TRUE
340145.5,4283773.5,ALMO,98.2034149169922,0,S05.a,S01.b,13.578215662675468,M03,13.838875986063334,0.2606603233878655,TRUE
345400.5,4285083.5,ALMO,104.45098876953124,0,S18,S18,16.796500415019203,S22,16.871301795328325,0.07480138030912187,TRUE
339604.5,4283407.5,ALMO,80.115020751953125,0,S24.b,S24.b,17.740212857177287,S24.a,17.966250575113072,0.2260377179357853,TRUE
339694.5,4282389.5,ALMO,89.79627990722656,0,S18,S24.b,17.68339326298533,S24.a,17.748753268024178,0.06536000503884765,TRUE
340880.5,4280407.5,ALMO,103.46954345703124,0,S18,S24.b,17.669129902579343,S24.a,17.977529341862635,0.30839943928329205,TRUE
347352.5,4277065.5,ALMO,127.6173324584961,0,S05.a,M03,12.973793162922489,S05.a,13.022916075471796,0.049122912549307785,TRUE
347580.5,4280344.5,ALMO,106.78688049316406,2.3949999809265137,M03,M03,12.083701402897068,S04.a,12.169193505036189,0.08549210213912062,TRUE
348319.5,4282311.5,ALMO,91.5319595336914,0,S25,S24.b,16.701339394437614,S24.a,16.996506059146057,0.295166664708443,TRUE
339562.5,4283212.5,ALMO,87.61007690429686,0,S25,S24.b,16.714023804184983,S24.a,16.81440279745072,0.10037899326573907,TRUE
348289.5,4281461.5,ALMO,102.1008529663086,0.24699999392032623,S18,S24.b,17.576939119325118,S18,17.58226334414757,0.005324224822452095,TRUE
347934.5,4285488.5,ALMO,104.32345581054688,0.2939999997615814,S25,M03,14.035363860694003,S04.a,14.305363133006955,0.2699992723129512,TRUE
346961.5,4282503.5,ALMO,110.2847900390625,0,M03,M03,16.05845339349875,S22,16.161812622973226,0.10335922947447784,TRUE
346436.5,4283608.5,ALMO,107.87477111816406,0,S18,S18,14.241131263392774,M03,14.312847346483347,0.07171608309057298,TRUE
346487.5,4282083.5,ALMO,98.09812927246094,0,S25,S25,17.050128978011408,S24.b,17.06180954936975,0.011680571358343883,TRUE
348283.5,4281134.5,ALMO,98.62958526611328,0,S18,S24.b,17.768221770811188,S24.a,18.051122572338883,0.2829008015276955,TRUE
339406.5,4283743.5,ALMO,89.95823669433594,0,S24.a,S24.b,19.745830678368055,S24.a,19.960217982249308,0.21438730388125293,TRUE
344739.5,4285398.5,ALMO,104.63866424560548,0,M03,M03,12.894884284173404,S01.b,12.922906955860409,0.028022671687004674,TRUE
341184.5,4286605.5,ALMO,109.75617218017578,0,S01.a,S18,12.857579043199385,S19,12.975111601782388,0.11753255858300271,TRUE
343775.5,4285023.5,ALMO,112.56341552734376,0,S18,S24.b,17.252864853617435,S24.a,17.596374146211545,0.3435092925941099,TRUE
337958.5,4292248.5,ALMO,103.04146575927734,0,S22,S22,18.60286024117057,S18,19.178364112470856,0.5755038713002847,TRUE
352226.5,4280719.5,ALMO,118.03499603271484,1.559999942779541,S05.a,S10.b,11.355566984544614,S10.a,11.498490882201562,0.14292389765694757,TRUE
347130.5,4282890.5,ALMO,108.19589233398438,0.25,S18,S24.b,18.2254392052785,S24.a,18.510325648222807,0.28488644294430543,TRUE
343901.5,4282143.5,ALMO,107.2911148071289,0,S22,S22,18.874652193626844,S24.b,18.990735524272697,0.11608333064585352,TRUE
337994.5,4287728.5,ALMO,108.6448745727539,0,S19,S10.b,10.643287132868199,S26,10.869950388994509,0.22666325612630978,TRUE
349622.5,4280455.5,ALMO,80.93627166748047,0,S18,S25,16.129089771505313,S01.b,16.16963408358364,0.040544312078328204,TRUE
341565.5,4282170.5,ALMO,108.8590850830078,0,S18,S24.b,15.964649463796958,S18,16.036550105819508,0.07190064202255009,TRUE
342931.5,4283620.5,ALMO,100.84381866455078,0,S24.a,S24.b,17.505785724642738,S24.a,17.731700662640318,0.22591493799757956,TRUE
343259.5,4288065.5,ALMO,73.493011474609375,0,S25,S24.b,16.441584578787413,S24.a,16.810316195251982,0.36873161646456865,TRUE
342883.5,4283566.5,ALMO,100.10330200195312,0,S24.b,S24.b,16.604747519827335,S24.a,16.726673751260556,0.12192623143322123,TRUE
343271.5,4280881.5,ALMO,109.44290924072266,0,S24.b,S24.b,17.061350581682287,S24.a,17.48695388609622,0.4256033044139329,TRUE
351961.5,4293326.5,ALMO,98.018096923828125,0,S25,S24.b,18.009580621403067,S24.a,18.320196786964573,0.3106161655615054,TRUE
340235.5,4284806.5,ALMO,95.60303497314452,0,S24.a,S24.b,17.258541421304045,S24.a,17.53096429618834,0.2724228748842954,TRUE
341235.5,4285221.5,ALMO,87.173492431640625,0,S24.a,S24.b,16.876147151899183,S24.a,17.068178487989393,0.19203133609020995,TRUE
341658.5,4279929.5,ALMO,82.749114990234375,0,S24.b,S24.a,16.738578464768597,S24.b,16.743813840420792,0.005235375652194563,TRUE
339187.5,4284521.5,ALMO,97.32709503173828,0,S24.a,S24.b,17.093087509128715,S24.a,17.332853196829493,0.23976568770077833,TRUE
340724.5,4287425.5,ALMO,105.9552001953125,0,S18,S24.b,15.883957821961545,S25,16.013636835259362,0.1296790132978174,TRUE
342865.5,4283938.5,ALMO,95.8158264160156,0,S24.b,S24.b,16.23139091165591,S24.a,16.464624388605383,0.23323347694947216,TRUE
341895.5,4285443.5,ALMO,91.557281494140625,0,S24.b,S24.b,15.707513536699672,S24.a,15.79389351190289,0.0863799752032186,TRUE
343052.5,4284431.5,ALMO,102.23117065429688,0,S24.a,S24.b,16.699599756246027,S24.a,16.815602577305704,0.11600282105967707,TRUE
345634.5,4288110.5,ALMO,98.13892364501952,0,S22,S24.b,19.70148408158439,S22,19.70255448156052,0.0010703999761290106,TRUE
340418.5,4288146.5,ALMO,102.69793701171876,0,S24.a,S24.b,17.588394357122446,S24.a,17.893812479055182,0.30541812193273543,TRUE
342370.5,4289971.5,ALMO,100.13772583007812,0,S18,S18,19.56255399707222,S24.a,19.5883363570428,0.025782359970577318,TRUE
339976.5,4292509.5,ALMO,101.98478698730467,0,S25,S18,16.692779222490845,M03,16.75011234987772,0.057333127386876015,TRUE
339706.5,4284620.5,ALMO,93.31858825683594,0,S24.b,S24.b,18.37146349792099,S24.a,18.54627539015728,0.174811892236292,TRUE
347925.5,4280848.5,ALMO,91.3211975097656,0,S18,S02.a,15.169771378924226,S01.b,15.223594685503052,0.053823306578825836,TRUE
340589.5,4289863.5,ALMO,97.3530044555664,0,S25,S19,13.812780650933608,S18,14.030465016414349,0.217684365480741,TRUE
348952.5,4281527.5,ALMO,97.90264892578124,0,S25,S24.b,17.0595637849514,S25,17.204295963332154,0.14473217838075314,TRUE
342892.5,4281596.5,ALMO,108.44075012207033,0,S18,S18,16.32724594040084,S22,16.514822532753588,0.18757659235274815,TRUE
338952.5,4281344.5,ALMO,111.19945526123048,0.32199999690055847,S18,S18,18.304614411544165,S02.b,18.52062500197823,0.21601059043406678,TRUE
348505.5,4289716.5,ALMO,110.48725128173828,0,S02.a,S02.b,12.41441655127252,S02.a,12.582000547004398,0.16758399573187788,TRUE
341367.5,4279707.5,ALMO,87.43463897705078,0,S24.a,S24.b,17.68407370768628,S24.a,17.905843289198987,0.22176958151270654,TRUE
344121.5,4288020.5,ALMO,93.20924377441406,0,S18,S24.b,17.068903773585433,S24.a,17.077521729069673,0.00861795548424027,TRUE
341349.5,4287566.5,ALMO,106.64932250976562,0,S18,S18,15.319494204977168,S25,15.78907976925946,0.46958556428229237,TRUE
343622.5,4285008.5,ALMO,108.19513702392578,0,S24.b,S24.b,17.394693069487502,S24.a,17.634668745108687,0.23997567562118505,TRUE
346844.5,4282926.5,ALMO,109.70760345458984,0,S25,S22,17.67668741631237,S24.b,17.794732588687708,0.11804517237533929,TRUE
345904.5,4285695.5,ALMO,104.30452728271484,0,S22,S22,16.885524014826068,S25,17.594040047945647,0.7085160331195794,TRUE
347919.5,4285215.5,ALMO,104.49952697753906,0,S24.b,S24.b,19.115961691361584,S24.a,19.329613000066725,0.21365130870514193,TRUE
339022.5,4283848.5,ALMO,90.0941162109375,0,S24.a,S24.b,18.16230858825406,S24.a,18.181615872042048,0.019307283787988183,TRUE
342067.5,4287164.5,ALMO,108.60034942626952,0,S18,S18,13.242243337810113,S02.a,13.24452481579501,0.0022814779848978617,TRUE
344382.5,4283737.5,ALMO,117.74581146240234,0,S02.a,S02.a,16.73398243197838,S02.b,16.86442519857673,0.13044276659834964,TRUE
338682.5,4291683.5,ALMO,97.0348129272461,0,S18,S24.b,18.340124378767886,S24.a,18.68425826607323,0.3441338873053432,TRUE
342778.5,4284008.5,ALMO,95.73326110839844,0,S24.b,S24.b,17.081789276853122,S24.a,17.438079726325817,0.35629044947269506,TRUE
341556.5,4290056.5,ALMO,92.62220001220705,0,S18,S24.b,16.249386777686887,S24.a,16.728020816848495,0.4786340391616086,TRUE
345883.5,4287737.5,ALMO,86.44111633300781,0,S22,S22,17.969988974262886,S18,18.761342229342606,0.79135325507972,TRUE
340109.5,4284236.5,ALMO,98.37736511230467,0,S18,S24.b,16.688580472556502,S24.a,16.84949512230487,0.1609146497483671,TRUE
340514.5,4286677.5,ALMO,106.36190795898438,0,S24.b,S24.b,17.457735046229445,S24.a,17.710160709328015,0.2524256630985704,TRUE
340799.5,4287662.5,ALMO,96.34032440185548,0,S24.b,S24.b,16.85396780244324,S24.a,17.146717926033567,0.29275012359032715,TRUE
340193.5,4290929.5,ALMO,101.81546020507812,0,S05.a,S10.b,11.468149732021107,S19,11.486980028026576,0.018830296005468483,TRUE
343187.5,4286668.5,ALMO,101.4337921142578,0,S22,S24.b,19.116533317079586,S22,19.412511713431126,0.2959783963515399,TRUE
347982.5,4282587.5,ALMO,91.41719818115234,0,S24.a,S24.b,18.16474070724855,S24.a,18.29686244941289,0.13212174216434036,TRUE
339898.5,4293509.5,ALMO,101.72045135498048,0,S18,S24.b,15.942627607593394,S24.a,16.553554648361086,0.6109270407676917,TRUE
348394.5,4278746.5,ALMO,114.24280548095705,0,M03,M03,13.900990477888932,S04.a,14.199952198807745,0.2989617209188129,TRUE
344652.5,4285359.5,ALMO,101.04216766357422,0,S24.b,S24.b,16.6294197404071,S24.a,16.847131691410688,0.21771195100358653,TRUE
340403.5,4280461.5,ALMO,110.30252075195312,0,S18,S24.b,17.413912091079048,S24.a,17.63916114639877,0.22524905531972195,TRUE
347922.5,4295791.5,ALMO,115.53379821777344,0.0689999982714653,S25,S22,20.186835878727678,S25,20.87274065460722,0.6859047758795427,TRUE
345946.5,4282275.5,ALMO,123.970458984375,0,M03,M03,15.215577866819409,S04.a,15.432754323002062,0.2171764561826528,TRUE
340409.5,4287581.5,ALMO,101.59903717041016,0,S24.b,S24.b,17.979131117286986,S24.a,18.480391271869344,0.5012601545823578,TRUE
340586.5,4284071.5,ALMO,100.03398895263672,0,S25,S25,17.653441094787524,S24.a,17.93111476823211,0.2776736734445855,TRUE
348433.5,4279347.5,ALMO,111.10112762451172,0,S01.a,M03,14.833448788395552,S02.a,14.861100418067915,0.027651629672362787,TRUE
342763.5,4284188.5,ALMO,105.39138793945312,0,S18,S24.b,14.825125784941617,S24.a,15.087002151605214,0.26187636666359637,TRUE
342580.5,4287650.5,ALMO,106.08729553222656,0,S19,M03,13.002498143781025,S18,13.183898214598457,0.18140007081743192,TRUE
349679.5,4288875.5,ALMO,110.4365692138672,0,S18,S18,14.455930014330965,M03,14.673622105739058,0.2176920914080931,TRUE
338913.5,4281356.5,ALMO,109.32498931884766,0.47999998927116394,S22,S24.b,21.05187821771613,S24.a,21.318559072020335,0.2666808543042052,TRUE
342829.5,4287731.5,ALMO,91.20231628417967,0,S18,S24.b,17.586411808262493,S24.a,17.86854831592015,0.28213650765765763,TRUE
338940.5,4286389.5,ALMO,100.72671508789062,0,S11,S16,89.40784480116868,S11,93.35013643250942,3.942291631340737,TRUE
347460.5,4285053.5,ALMO,103.62467193603516,0,S18,S18,15.191847184491934,M03,15.828933224886157,0.6370860403942231,TRUE
339082.5,4292512.5,ALMO,91.2525863647461,0,S18,S01.b,13.811692719184691,S25,13.836540845051102,0.024848125866411053,TRUE
340694.5,4281191.5,ALMO,95.41963958740234,0,M03,M03,14.65057943183026,S05.a,14.885326490508172,0.2347470586779128,TRUE
347769.5,4286518.5,ALMO,124.21417236328124,0,S18,S18,15.276948663348556,S02.b,15.489108619642273,0.21215995629371776,TRUE
341133.5,4290431.5,ALMO,102.66564178466795,0,S18,S24.b,15.33308804020393,S24.a,15.550551734491682,0.21746369428775303,TRUE
341184.5,4286281.5,ALMO,109.68234252929688,0,S18,S18,14.20696947737608,M03,14.212393685769808,0.005424208393726815,TRUE
349637.5,4286053.5,ALMO,121.75326538085938,0,S10.a,S10.b,10.357628679777344,S04.a,10.541844141242212,0.1842154614648681,TRUE
341115.5,4288650.5,ALMO,101.64107513427734,0,S24.a,S24.b,17.014765440926283,S24.a,17.364953900918586,0.3501884599923031,TRUE
341760.5,4280014.5,ALMO,84.6963119506836,0,S24.a,S24.a,17.146224609264955,S24.b,17.254796766487942,0.10857215722298719,TRUE
350007.5,4287539.5,ALMO,119.8954620361328,0,S02.a,S10.b,9.372281678364404,S02.b,9.385047703551129,0.012766025186724761,TRUE
339556.5,4285161.5,ALMO,93.865264892578125,0,S24.a,S24.b,18.892745065714358,S24.a,19.060715639535882,0.16797057382152403,TRUE
342289.5,4281386.5,ALMO,108.23479461669922,0,S18,S18,15.170885539716517,S19,16.13231571905828,0.9614301793417628,TRUE
339661.5,4291620.5,ALMO,100.86145782470705,0,S18,S24.b,16.717966336716955,S18,16.76389565022909,0.04592931351213636,TRUE
337868.5,4287278.5,ALMO,100.60075378417967,0,S18,S18,13.53806243836024,S24.b,14.166325930076457,0.6282634917162166,TRUE
350349.5,4280914.5,ALMO,98.40460205078124,2.9010000228881836,M03,M03,14.7186838675765,S04.a,15.03839071759928,0.3197068500227793,TRUE
340529.5,4284272.5,ALMO,95.9696044921875,0,S25,S24.a,17.88641235163172,S24.b,17.95342324487389,0.0670108932421698,TRUE
338736.5,4292140.5,ALMO,101.46205139160156,0,S25,S24.b,17.225868506099776,S25,17.56126792293918,0.33539941683940455,TRUE
340703.5,4284575.5,ALMO,97.13616943359376,0,S25,S20,18.438187082675384,S25,18.5771719096702,0.13898482699481463,TRUE
340916.5,4281839.5,ALMO,102.4476318359375,0,S18,S24.b,16.36459453093496,S24.a,16.543211568190543,0.17861703725558442,TRUE
350136.5,4279827.5,ALMO,104.68905639648438,0,S25,S24.b,18.187694756740097,S24.a,18.440714113882642,0.253019357142545,TRUE
341472.5,4291560.5,ALMO,101.86743927001952,0,S25,M03,12.945199543525693,S10.b,12.981083314486218,0.03588377096052575,TRUE
342217.5,4282815.5,ALMO,92.366363525390625,0,S18,S24.b,16.411917120828335,S24.a,16.52412361725085,0.11220649642251601,TRUE
349481.5,4286299.5,ALMO,116.940185546875,0,S24.a,S24.b,18.461483225424054,S24.a,18.476325108998854,0.014841883574799652,TRUE
348751.5,4277548.5,ALMO,122.7294692993164,0,S01.a,S02.a,10.828422084340364,S02.b,11.03851234849317,0.21009026415280552,TRUE
347466.5,4285956.5,ALMO,104.3484344482422,0,S05.a,M03,14.024849360825023,S04.a,14.251827080492166,0.22697771966714342,TRUE
348718.5,4282227.5,ALMO,105.83982849121094,0,S05.a,M03,14.935191506846564,S04.a,15.102841549755246,0.16765004290868113,TRUE
343583.5,4282662.5,ALMO,109.17627716064452,0,M03,M03,14.3541759187189,S04.a,14.768451305874112,0.4142753871552127,TRUE
339061.5,4284350.5,ALMO,102.43445587158205,0,S18,S24.b,17.34730133444369,S24.a,17.544863970837447,0.1975626363937586,TRUE
342745.5,4287170.5,ALMO,105.1167984008789,0,S18,S18,16.20904753832447,S24.b,16.378430883708216,0.16938334538374633,TRUE
341169.5,4288926.5,ALMO,97.90461730957033,0,S18,S24.b,18.266493093475834,S24.a,18.586293647519206,0.31980055404337193,TRUE
341835.5,4287251.5,ALMO,112.55535125732422,0,S01.a,S10.a,11.34067431642555,M04,11.38478652770556,0.04411221128000875,TRUE
342877.5,4284245.5,ALMO,103.75253295898438,0,S25,S24.b,17.084732616637087,S24.a,17.45797707031253,0.37324445367544357,TRUE
342373.5,4280575.5,ALMO,92.6784439086914,0,S22,S22,15.746841776099243,S25,16.170680682861494,0.423838906762251,TRUE
347400.5,4280053.5,ALMO,108.6951141357422,0,S01.a,M03,12.354581312709472,S04.a,12.39116861947913,0.0365873067696576,TRUE
339310.5,4292749.5,ALMO,81.48802185058594,0,S25,S24.b,14.646205681185348,S25,14.94369136416083,0.2974856829754824,TRUE
338406.5,4286743.5,ALMO,85.42699432373047,0,S24.b,S24.b,18.486286923263727,S24.a,18.7819398863472,0.295652963083473,TRUE
341496.5,4289947.5,ALMO,89.13912200927734,0,S25,S18,15.630869162630143,S25,15.736765857304109,0.1058966946739659,TRUE
342028.5,4287440.5,ALMO,109.28720092773438,0,S19,S10.a,9.655237663941795,S10.b,9.669242986603766,0.014005322661970965,TRUE
345706.5,4285815.5,ALMO,101.83570861816406,0,S18,S24.b,15.067559422143761,S24.a,15.198340015276782,0.13078059313302148,TRUE
338064.5,4284113.5,ALMO,98.4117660522461,0,S18,S24.b,16.309568150214666,S24.a,16.60536887310236,0.29580072288769443,TRUE
347544.5,4285830.5,ALMO,101.46862030029295,0,S05.a,M03,12.548477521173304,S19,12.824350916273454,0.27587339510015063,TRUE
345388.5,4288692.5,ALMO,95.4963150024414,0,S25,S24.b,16.89868181561519,S24.a,17.159818787310417,0.2611369716952261,TRUE
350406.5,4276536.5,ALMO,116.1613311767578,0,M03,S04.a,11.346736284619487,M03,11.927412147223176,0.5806758626036892,TRUE
341922.5,4279755.5,ALMO,92.70894622802734,0,S18,M04,14.490699822543144,S01.b,14.566446847799513,0.07574702525636923,TRUE
348073.5,4281521.5,ALMO,110.26109313964844,0,M03,M03,15.311777862401572,S05.a,15.650052269660948,0.33827440725937663,TRUE
342022.5,4288464.5,ALMO,89.961273193359375,0,S25,S25,15.663526548921471,S24.b,15.988977653276903,0.325451104355432,TRUE
341892.5,4282137.5,ALMO,107.15084075927734,0,S18,S24.b,16.607288388622994,S18,16.896740987367096,0.2894525987441021,TRUE
343394.5,4283848.5,ALMO,102.79883575439452,0,S24.b,S24.b,17.804577502863538,S24.a,18.02510694072073,0.22052943785719137,TRUE
339490.5,4290725.5,ALMO,100.93196868896484,0,S24.b,S24.b,18.56099209629243,S24.a,18.982262297583453,0.42127020129102277,TRUE
347316.5,4280053.5,ALMO,108.27826690673828,0,S18,S18,16.99493667438342,S24.b,17.317128836581674,0.3221921621982524,TRUE
340817.5,4279785.5,ALMO,85.22735595703125,0,S24.a,S24.b,17.59713405832738,S24.a,17.734713403365735,0.137579345038354,TRUE
347784.5,4281134.5,ALMO,109.77405548095705,0,S18,S24.b,16.02504107678653,S24.a,16.24641299746157,0.22137192067503975,TRUE
340481.5,4287380.5,ALMO,100.2458724975586,0,S18,S24.b,17.07904170276465,S24.a,17.35909175771793,0.28005005495328206,TRUE
343853.5,4282773.5,ALMO,86.743988037109375,0.09799999743700027,S25,S25,16.931400426774125,S24.a,17.305126263928905,0.3737258371547796,TRUE
341010.5,4280227.5,ALMO,108.95004272460938,0,S18,S18,16.470650196654077,S22,16.776621744994497,0.30597154834041973,TRUE
345022.5,4280098.5,ALMO,96.777069091796875,0,S18,S02.a,16.13877572954251,S02.b,16.32760632759349,0.18883059805098057,TRUE
344352.5,4280215.5,ALMO,112.04851531982422,0,M03,M03,15.112628787533314,S05.a,15.354251816846206,0.24162302931289226,TRUE
349304.5,4281596.5,ALMO,89.15837097167969,0,S18,S24.a,15.526144640878758,S24.b,15.544633557374016,0.018488916495257968,TRUE
340016.5,4282569.5,ALMO,92.52214813232422,0,S24.a,S24.b,17.950938937839563,S24.a,18.32791218839513,0.3769732505555652,TRUE
340664.5,4280707.5,ALMO,97.18516540527344,0,S24.b,S24.b,17.70633834082959,S24.a,17.95693377318446,0.2505954323548707,TRUE
348286.5,4279794.5,ALMO,105.58417510986328,0.49900001287460327,S18,S18,16.409217117485657,S22,16.415702886922148,0.00648576943649104,TRUE
341361.5,4291221.5,ALMO,99.048492431640625,0,S18,S18,14.691987152360696,M03,14.76049122130111,0.06850406894041505,TRUE
342643.5,4282104.5,ALMO,105.94388580322266,0,S18,S18,14.666937172995251,S10.b,14.848724167141569,0.18178699414631794,TRUE
347172.5,4279527.5,ALMO,115.9066162109375,0.4160000085830689,S18,S02.a,16.68701336852961,M03,16.706413168625048,0.019399800095438735,TRUE
342157.5,4285893.5,ALMO,87.51628875732422,0,S24.b,S24.b,16.204170076261143,S24.a,16.320930365916368,0.11676028965522534,TRUE
341271.5,4282860.5,ALMO,91.8538055419922,0,S18,S24.b,17.44535630654333,S24.a,17.64964470061789,0.20428839407455968,TRUE
347793.5,4288506.5,ALMO,95.6624984741211,0,S22,S22,18.75524308238862,S24.b,18.78196345611956,0.026720373730938718,TRUE
340193.5,4285080.5,ALMO,95.71778106689452,0,S24.b,S24.b,17.758213376401102,S24.a,18.063066387800426,0.30485301139932375,TRUE
341682.5,4287857.5,ALMO,106.46672821044922,0,S05.a,M03,12.711355695763531,S04.a,13.032476013544736,0.32112031778120453,TRUE
338898.5,4291716.5,ALMO,100.44437408447266,0,S18,S18,14.891317500031793,S02.a,14.953752809391114,0.06243530935932107,TRUE
349799.5,4281638.5,ALMO,87.8528823852539,0,S18,S24.b,15.741475348544082,S24.a,15.793591866428262,0.052116517884179814,TRUE
341892.5,4280026.5,ALMO,82.21034240722656,0,S18,S24.b,17.950840055140937,S24.a,18.25532222443042,0.30448216928948213,TRUE
341658.5,4291737.5,ALMO,101.97604370117188,0,M03,M03,11.998511509604562,S04.a,12.357710797299095,0.35919928769453335,TRUE
341883.5,4279728.5,ALMO,97.11802673339844,0,S25,S25,15.546740160292666,S18,15.838145185335426,0.29140502504276,TRUE
348922.5,4279728.5,ALMO,103.77456665039062,0,S18,S18,17.4234982115286,S24.b,17.445517533948212,0.02201932241961302,TRUE
348349.5,4287362.5,ALMO,110.67996978759766,0,S18,S24.b,17.038662996756706,S24.a,17.30467706617167,0.26601406941496464,TRUE
338082.5,4285875.5,ALMO,100.2658233642578,0,S25,S24.b,15.020160052834308,S25,15.15462081361754,0.13446076078323266,TRUE
339052.5,4288665.5,ALMO,94.57582092285156,0,S22,S22,17.572279078718026,M03,18.652358430828393,1.080079352110367,TRUE
339877.5,4282434.5,ALMO,88.63626861572266,0,S24.a,S24.b,18.48372347097023,S24.a,18.794490615024944,0.31076714405471506,TRUE
347211.5,4281380.5,ALMO,110.56270599365234,0,M03,M03,6.666906037985126,S19,6.929684326835448,0.2627782888503223,FALSE
338625.5,4292422.5,ALMO,102.22437286376952,0,S18,S18,15.860641949692207,M03,15.926565699568062,0.06592374987585536,TRUE
339520.5,4281596.5,ALMO,89.84232330322266,0,S25,S24.a,18.121682796469006,S24.b,18.4985019903841,0.3768191939150931,TRUE
340946.5,4285323.5,ALMO,99.65208435058594,0,S18,S24.b,15.467230714637276,S24.a,15.553206047805293,0.08597533316801709,TRUE
339520.5,4284200.5,ALMO,99.329376220703125,0,S25,S24.a,17.42134084483333,S24.b,17.42960375847562,0.008262913642287373,TRUE
342337.5,4289146.5,ALMO,105.42693328857422,0,S18,S18,15.127999762211722,S24.b,15.583786514239385,0.45578675202766306,TRUE
342070.5,4287683.5,ALMO,104.79251861572266,0,S01.a,S10.b,12.346992598401506,S02.a,12.41984309130561,0.07285049290410406,TRUE
340601.5,4280605.5,ALMO,101.00634002685548,0,S18,S24.b,17.17005219975788,S24.a,17.20115314058803,0.031100940830150137,TRUE
340868.5,4284734.5,ALMO,110.65127563476562,0,S25,S24.b,17.82014834253739,S24.a,17.944248935222156,0.12410059268476559,TRUE
345475.5,4284209.5,ALMO,99.5702896118164,0,S18,S24.b,16.303475694182662,S24.a,16.603058908773416,0.2995832145907542,TRUE
343679.5,4289227.5,ALMO,103.39337158203124,0,S01.a,S02.b,14.387147956557971,S10.b,14.401012279215934,0.013864322657962447,TRUE
346622.5,4282986.5,ALMO,109.61023712158205,0,S25,S22,16.856898588506038,M03,16.87479511248664,0.017896523980603263,TRUE
346217.5,4285374.5,ALMO,100.70946502685548,0,S25,S24.b,17.057262935247223,S24.a,17.1148787176932,0.05761578244597487,TRUE
341592.5,4280383.5,ALMO,103.74413299560548,0,S18,S24.b,16.55362266627655,S24.a,16.746155714482757,0.19253304820620798,TRUE
342253.5,4281293.5,ALMO,110.91072082519533,0,S18,S18,13.65591590993048,M03,13.912009281026414,0.25609337109593433,TRUE
340235.5,4285923.5,ALMO,98.929229736328125,0,S18,S24.b,17.015412627901735,S24.a,17.356659925254945,0.3412472973532097,TRUE
339910.5,4282878.5,ALMO,97.27606964111328,0,S24.a,S24.b,17.572200890787112,S24.a,17.6625629849565,0.09036209416938945,TRUE
342076.5,4288941.5,ALMO,97.20399475097656,0,S18,S18,14.702220589661618,M03,14.949210161153427,0.24698957149180956,TRUE
348202.5,4289131.5,ALMO,98.44341278076172,0,S18,S24.b,16.47878697796276,S24.a,16.726986482793116,0.2481995048303567,TRUE
341508.5,4281539.5,ALMO,99.698272705078125,0,S24.b,S24.b,16.09008429061532,S24.a,16.281417295480427,0.19133300486510763,TRUE
339502.5,4292083.5,ALMO,99.95650482177734,0,S24.b,S24.b,18.027327542616064,S24.a,18.337593812020806,0.31026626940474245,TRUE
348280.5,4280992.5,ALMO,114.99674987792967,0,M03,S04.a,15.773573832262223,M03,16.128781074954354,0.35520724269213133,TRUE
348088.5,4280332.5,ALMO,115.921630859375,0,M03,M03,11.449247775392841,S04.a,11.643309062042972,0.19406128665013078,TRUE
342577.5,4280167.5,ALMO,100.03671264648438,0,S18,S02.a,14.512677287835904,S02.b,14.563984705947746,0.051307418111841585,TRUE
343451.5,4286710.5,ALMO,97.7439956665039,0,S25,S24.a,19.757345082563432,S24.b,19.95329777920481,0.1959526966413776,TRUE
350751.5,4290683.5,ALMO,97.17079162597656,0,S18,M03,15.938681334119128,S04.a,15.949862414095588,0.011181079976459785,TRUE
349451.5,4282005.5,ALMO,97.63502502441406,0,S18,S24.b,14.938256534457146,S18,14.983120577502284,0.04486404304513769,TRUE
340703.5,4286143.5,ALMO,109.188720703125,0,S25,S18,16.679142677493193,S24.b,16.725292369674143,0.04614969218095055,TRUE
342277.5,4287731.5,ALMO,107.83126068115234,0,S19,S10.b,8.064593946364363,S19,8.185439275788886,0.12084532942452242,TRUE
341634.5,4290437.5,ALMO,103.88693237304688,0,S18,S18,14.722825150789882,S24.b,14.747874071917359,0.025048921127476476,TRUE
340067.5,4282839.5,ALMO,95.23181915283205,0,S24.a,S24.b,18.857505068829145,S24.a,19.00764838372983,0.150143314900685,TRUE
338817.5,4292323.5,ALMO,89.40619659423828,0,S25,S24.b,16.89418546958614,S25,17.084861504099333,0.19067603451319215,TRUE
340454.5,4283656.5,ALMO,97.6581573486328,0,S24.b,S24.b,17.55074362463895,S24.a,17.675834797479716,0.1250911728407651,TRUE
343079.5,4283857.5,ALMO,104.52210998535156,0,S25,S24.b,17.074902400878294,S22,17.141713079867632,0.0668106789893379,TRUE
341733.5,4288764.5,ALMO,92.31267547607422,0,S18,S24.b,16.238882691643486,S24.a,16.43837668817157,0.19949399652808353,TRUE
340904.5,4281287.5,ALMO,106.37297058105467,0,S24.a,S24.b,16.771169630802802,S24.a,16.949751027088162,0.17858139628535952,TRUE
340904.5,4281257.5,ALMO,107.83302307128906,0,S22,S24.a,18.127282007674413,S24.b,18.163633520120158,0.036351512445744305,TRUE
340205.5,4283536.5,ALMO,99.9026870727539,0,S18,S24.a,16.017655688121177,S24.b,16.134900534272855,0.11724484615167796,TRUE
343076.5,4288956.5,ALMO,107.73600006103516,0,S22,S24.b,17.98475708754116,S22,18.059275176312443,0.07451808877128485,TRUE
339373.5,4283974.5,ALMO,88.41922760009766,0,S24.a,S24.b,19.974241932119288,S24.a,20.328718848450766,0.35447691633147826,TRUE
341115.5,4281722.5,ALMO,101.97454833984376,0,S24.a,S24.b,17.533174400156444,S24.a,17.730479378605292,0.1973049784488481,TRUE
340304.5,4284908.5,ALMO,95.92979431152344,0,S25,M03,14.692007591038442,S25,14.933627603511425,0.2416200124729837,TRUE
339880.5,4284872.5,ALMO,96.37158203125,0,S24.a,S24.b,18.00511346612841,S24.a,18.22546379097858,0.2203503248501697,TRUE
341754.5,4285920.5,ALMO,113.17566680908205,0,S18,S10.a,13.654054882146582,S18,13.726143974354882,0.07208909220829973,TRUE
346151.5,4283653.5,ALMO,101.85857391357422,0,S25,S18,15.347365061618639,M03,15.42486686001496,0.07750179839632132,TRUE
341139.5,4285677.5,ALMO,108.94097900390624,0,S18,S24.b,16.22668589366818,S18,16.366839371243806,0.1401534775756268,TRUE
349880.5,4288911.5,ALMO,107.3268051147461,0,S18,S24.b,16.78204263555305,S24.a,17.205750075324424,0.4237074397713734,TRUE
345517.5,4287251.5,ALMO,97.18463134765624,0,S01.a,S10.b,9.253696820315815,S04.a,9.443083277349631,0.18938645703381596,TRUE
342646.5,4288635.5,ALMO,97.0023193359375,0,S18,M03,15.096246932761751,S18,15.134555120550731,0.03830818778897971,TRUE
349628.5,4278467.5,ALMO,93.41246032714844,0,S24.b,S24.b,17.185368445609186,S24.a,17.54302512440687,0.35765667879768515,TRUE
346964.5,4283026.5,ALMO,112.27484130859376,0,S05.a,M03,11.559894216576005,S05.a,11.612524766284134,0.05263054970812853,TRUE
348931.5,4290605.5,ALMO,113.40727996826172,0,S18,S24.b,16.206645476513415,S24.a,16.333940868432617,0.12729539191920125,TRUE
353256.5,4292860.5,ALMO,92.99442291259766,0,S04.b,M03,15.576306955460304,S02.a,15.610449686608654,0.03414273114834998,TRUE
340517.5,4283701.5,ALMO,104.21668243408205,0,S25,S22,18.094458394923205,S25,18.267339158313128,0.17288076338992298,TRUE
342979.5,4281773.5,ALMO,117.55581665039062,0,S18,S24.b,15.844148560912325,S24.a,16.072053840741518,0.2279052798291925,TRUE
341007.5,4290437.5,ALMO,100.25837707519533,0,S25,S25,16.029505702236204,S24.b,16.107130414237677,0.07762471200147303,TRUE
340901.5,4285242.5,ALMO,96.09144592285156,0,S22,S22,18.36302656900418,S24.b,18.861619298982095,0.49859272997791493,TRUE
344169.5,4285821.5,ALMO,106.2745132446289,0,S18,S24.b,18.00377181632611,S24.a,18.332652436656538,0.32888062033042686,TRUE
347847.5,4278845.5,ALMO,112.44058227539062,0,S02.a,S02.a,15.62050722974381,S02.b,15.763544171853994,0.14303694211018403,TRUE
349706.5,4288839.5,ALMO,112.18726348876952,0,S18,S18,15.017348352881864,S24.b,15.179067316885435,0.16171896400357078,TRUE
341229.5,4281167.5,ALMO,101.37715911865234,0,S18,S18,18.84495942053147,S24.b,18.887064720049853,0.04210529951838282,TRUE
349700.5,4288755.5,ALMO,115.83322143554688,0,S18,S18,15.086233078328997,S24.b,15.67529541070915,0.5890623323801538,TRUE
343577.5,4283614.5,ALMO,89.70368194580078,0,S24.b,S24.b,17.062131004657015,S24.a,17.441739207352065,0.37960820269504936,TRUE
338805.5,4292152.5,ALMO,95.515167236328125,0,S25,S24.b,16.69692777265744,S24.a,17.21092134233131,0.5139935696738718,TRUE
340250.5,4291671.5,ALMO,104.6968231201172,0,S25,S25,16.259270937919126,S24.b,16.91440541764175,0.6551344797226228,TRUE
347853.5,4284887.5,ALMO,101.34166717529295,0,S25,S24.b,17.26830120937876,S24.a,17.679003869735656,0.41070266035689684,TRUE
343532.5,4287563.5,ALMO,80.4530029296875,0,S25,S24.b,16.23054150089283,S24.a,16.524580199890696,0.2940386989978663,TRUE
343598.5,4281440.5,ALMO,122.98249816894533,0,M03,M03,14.052700095393861,S04.a,14.240056505597584,0.18735641020372285,TRUE
339670.5,4292251.5,ALMO,99.12651824951172,0,S24.a,S24.b,17.781487157383676,S24.a,18.015280681662624,0.23379352427894773,TRUE
342454.5,4283170.5,ALMO,115.82386016845705,0,S05.a,S04.a,10.056525664118622,M03,10.404591540461483,0.34806587634286146,TRUE
339991.5,4293278.5,ALMO,102.02507781982422,0,S25,S25,16.3793832905032,S01.b,16.7228434159838,0.34346012548060045,TRUE
343655.5,4282935.5,ALMO,99.15422058105467,0,S25,S24.a,18.078505106772823,S24.b,18.089098397900752,0.01059329112792895,TRUE
339859.5,4282755.5,ALMO,92.29708099365234,0,S24.a,S24.b,18.89910647324097,S24.a,19.15543837105993,0.25633189781895993,TRUE
340058.5,4290557.5,ALMO,97.244598388671875,0,S22,S24.b,18.2036028394964,S24.a,18.363538075252094,0.15993523575569313,TRUE
343265.5,4289707.5,ALMO,94.01414489746094,0,S05.a,M03,15.075873609109552,S04.a,15.225312385218581,0.14943877610902945,TRUE
339961.5,4283047.5,ALMO,79.07097625732422,0,S24.b,S24.b,17.35382886027876,S24.a,17.44887194225602,0.09504308197725919,TRUE
340160.5,4283176.5,ALMO,80.23077392578125,0,S24.b,S24.b,17.686369065131867,S24.a,17.997030727260796,0.3106616621289291,TRUE
343433.5,4281449.5,ALMO,120.3978500366211,0,S18,S24.b,15.831311001411644,S25,16.224001003664767,0.3926900022531239,TRUE
340268.5,4285497.5,ALMO,98.58131408691406,0,S24.a,S24.b,17.57407349839325,S24.a,17.74663228876427,0.17255879037102062,TRUE
342166.5,4281941.5,ALMO,109.13350677490234,0,S18,S18,14.652159664636706,M03,15.149818084365139,0.49765841972843283,TRUE
341844.5,4289725.5,ALMO,98.25908660888672,0,S18,S18,14.844661311978498,S24.b,15.058807051665235,0.214145739686737,TRUE
342127.5,4280938.5,ALMO,102.0128402709961,0,S18,S24.b,16.139686346496685,S18,16.41999332251771,0.2803069760210235,TRUE
347667.5,4285986.5,ALMO,98.7488021850586,0,S25,S25,11.856378236353361,M03,12.1632164813796,0.30683824502623835,TRUE
341913.5,4280446.5,ALMO,107.82209014892578,0.2680000066757202,S26,S10.b,10.117002890242345,M03,10.131968083944688,0.014965193702343171,TRUE
346676.5,4282173.5,ALMO,97.11236572265624,0,S25,S25,16.115975697529635,S24.b,16.185965208886717,0.06998951135708253,TRUE
344544.5,4287362.5,ALMO,89.95771026611328,0,S24.a,S24.a,21.23528128570291,S24.b,21.446187906883672,0.21090662118076153,TRUE
347031.5,4285125.5,ALMO,102.68473052978516,0,S18,S18,14.642840386587324,M03,14.919967187676832,0.2771268010895085,TRUE
340115.5,4295113.5,ALMO,103.57747650146484,0,S01.b,S10.b,14.691640924042847,S10.a,14.898975167716669,0.20733424367382192,TRUE
343217.5,4287401.5,ALMO,95.0214385986328,0,S24.b,S24.b,18.890205498200654,S24.a,19.41311617036238,0.5229106721617249,TRUE
348079.5,4287083.5,ALMO,102.08386993408205,0,S18,S04.b,15.597594769461214,M03,15.653172468125268,0.055577698664054154,TRUE
345016.5,4287590.5,ALMO,96.89015197753906,0,S18,S18,17.664455592861195,S24.b,18.21390632253059,0.5494507296693953,TRUE
340265.5,4291968.5,ALMO,101.59825897216795,0,S18,S18,14.866395370144634,S25,14.9847091912621,0.11831382111746613,TRUE
348481.5,4284434.5,ALMO,94.55005645751952,0,S24.b,S24.b,17.41707990796768,S24.a,17.81518443820693,0.39810453023925163,TRUE
339730.5,4292452.5,ALMO,102.61648559570312,0,S18,S24.b,17.038704507798627,S18,17.242782256954776,0.2040777491561485,TRUE
340727.5,4281134.5,ALMO,98.20899963378906,0,S24.b,S24.b,18.033330770262236,S24.a,18.512304073245847,0.4789733029836114,TRUE
347007.5,4286017.5,ALMO,102.01346588134766,0,S18,S18,16.716461835305637,S24.b,16.79222566797085,0.07576383266521347,TRUE
338463.5,4283566.5,ALMO,98.08574676513672,0.09600000083446504,S24.a,S24.b,19.21075703527406,S24.a,19.580782393922824,0.37002535864876407,TRUE
345400.5,4287797.5,ALMO,89.91278076171875,0,S25,S25,21.743494360127315,S20,21.74989403582074,0.0063996756934265875,TRUE
345781.5,4287740.5,ALMO,76.81240844726561,0,S25,S24.a,17.7545304170336,S25,17.819204880348153,0.06467446331455307,TRUE
339760.5,4281674.5,ALMO,91.6239242553711,0,S24.a,S24.b,19.636852022561207,S24.a,19.696790566678807,0.05993854411759969,TRUE
342271.5,4291503.5,ALMO,88.05828094482422,0,S25,S25,15.686160230628676,S20,15.848416322970381,0.16225609234170513,TRUE
340373.5,4292188.5,ALMO,99.92771911621094,0,S19,S10.b,12.790007333627464,S26,12.849726372259555,0.059719038632090715,TRUE
340403.5,4290575.5,ALMO,102.59098815917967,0,S01.a,S18,13.051216337087748,S10.b,13.083815330384398,0.03259899329665039,TRUE
341736.5,4289350.5,ALMO,103.12884521484376,0,S22,S22,17.33694014004572,S24.b,17.380325780028524,0.0433856399828052,TRUE
341511.5,4290395.5,ALMO,98.28026580810548,0,S18,S24.b,15.807167607963239,S24.a,16.178330074058046,0.3711624660948072,TRUE
341949.5,4286956.5,ALMO,106.98484802246094,0,S18,S18,14.651584989256726,S02.a,14.905728073859242,0.2541430846025161,TRUE
341442.5,4285077.5,ALMO,85.02684783935547,0,S24.a,S24.b,17.0800363237401,S24.a,17.113077684256695,0.03304136051659512,TRUE
342307.5,4284812.5,ALMO,95.18603515625,0,S25,S24.a,15.36287922787714,S24.b,15.363211405108531,3.3217723139067346e-4,TRUE
346295.5,4285959.5,ALMO,93.4125518798828,0,S18,S25,16.448085464386093,S18,16.6186935890189,0.17060812463280683,TRUE
340508.5,4283938.5,ALMO,98.48072814941406,0,S24.b,S24.a,18.674239979928892,S24.b,18.795803049394262,0.12156306946537043,TRUE
346676.5,4286797.5,ALMO,85.74943542480469,0,S18,S25,15.182598181238266,S18,15.375029798465418,0.19243161722715207,TRUE
340286.5,4292308.5,ALMO,99.21015167236328,0,S25,S25,17.305336986907808,S24.b,17.90853908639221,0.6032020994844025,TRUE
341829.5,4280803.5,ALMO,98.70096588134766,0,S18,S24.b,16.651070931497305,S24.a,17.16877519046822,0.517704258970916,TRUE
348814.5,4283125.5,ALMO,95.85780334472656,0,S25,S24.b,16.422575779743756,S24.a,16.639076493103705,0.2165007133599488,TRUE
344523.5,4280914.5,ALMO,127.7206039428711,0,M03,M03,10.829806618978745,S04.a,11.021553762497618,0.19174714351887268,TRUE
349568.5,4280665.5,ALMO,117.12239074707033,0,S01.a,M03,13.616315874329265,S02.a,13.664075321792202,0.04775944746293703,TRUE
343958.5,4286320.5,ALMO,95.3052978515625,0,S18,M03,14.583273161353103,S01.b,14.751387495169666,0.16811433381656293,TRUE
350472.5,4290752.5,ALMO,110.37399291992188,0,Juniperus sp.,Juniperus sp.,11.336293622805005,S04.a,11.40297114521169,0.06667752240668534,TRUE
345304.5,4285794.5,ALMO,106.97189331054688,0,S18,S24.b,19.67806731023071,S24.a,19.989928574679677,0.311861264448968,TRUE
340487.5,4289578.5,ALMO,103.53118133544922,0,S05.a,M03,11.990808129824979,S04.a,12.04509346560455,0.0542853357795714,TRUE
341484.5,4290134.5,ALMO,95.16614532470705,0,S18,S24.b,16.931128566139147,S24.a,17.259191767255167,0.32806320111602005,TRUE
340646.5,4285584.5,ALMO,99.33930206298828,0,S18,S24.b,18.150427684692996,S24.a,18.50220129329818,0.3517736086051855,TRUE
346526.5,4285689.5,ALMO,94.331695556640625,0,S25,S25,15.89953302140355,S22,16.43680358364804,0.5372705622444887,TRUE
343439.5,4284101.5,ALMO,103.35443115234376,0,S24.b,S24.b,16.949365650444808,S24.a,17.368829917638664,0.419464267193856,TRUE
342391.5,4282347.5,ALMO,113.18144989013672,0,S05.a,M03,12.330154207554582,S19,12.648994887463619,0.3188406799090373,TRUE
341262.5,4291743.5,ALMO,104.41696166992188,0,S19,S10.b,8.565853872886185,S10.a,9.08507192203396,0.5192180491477743,TRUE
339526.5,4283686.5,ALMO,100.42642211914062,0,S25,S24.b,17.03522131756854,S24.a,17.136399464760267,0.10117814719172813,TRUE
341775.5,4288680.5,ALMO,93.9205093383789,0,S18,S24.b,15.649796425362354,S18,15.780218210418832,0.1304217850564786,TRUE
342748.5,4281428.5,ALMO,113.82718658447266,0,S05.a,M03,10.969151219621113,S04.a,11.082355581025352,0.1132043614042395,TRUE
342202.5,4282335.5,ALMO,111.91921997070312,0,S18,M03,14.91429486192984,S18,15.038167855831873,0.1238729939020331,TRUE
339556.5,4291041.5,ALMO,101.7221908569336,0,S18,S22,16.772391018483795,S18,17.240256695240415,0.4678656767566203,TRUE
345370.5,4285032.5,ALMO,93.98828125,0,S24.a,S24.b,17.594351944513434,S24.a,17.88549946189927,0.2911475173858342,TRUE
342115.5,4282920.5,ALMO,102.68982696533205,0,S18,S18,15.164047105515404,S25,15.201042918953618,0.03699581343821379,TRUE
345322.5,4287584.5,ALMO,92.42185974121094,0,S18,S04.b,16.353714515965933,S02.a,16.494927946741814,0.14121343077588122,TRUE
346790.5,4283416.5,ALMO,105.58553314208984,0,S18,S24.b,16.438309334942744,S24.a,16.809316260359722,0.3710069254169781,TRUE
348733.5,4282731.5,ALMO,97.1631317138672,0,S18,S24.b,17.621243605455305,S24.a,17.90335453795566,0.28211093250035546,TRUE
340322.5,4286275.5,ALMO,104.2115478515625,0,S18,S18,16.16997478836487,S24.b,16.629812191157374,0.4598374027925054,TRUE
341865.5,4285872.5,ALMO,101.7693328857422,0,S24.b,S24.b,18.305561132780568,S24.a,18.743910426332633,0.438349293552065,TRUE
348898.5,4291788.5,ALMO,119.18121337890624,0,S24.a,S24.a,20.281453697331507,S24.b,20.38869083809239,0.10723714076088342,TRUE
344523.5,4281155.5,ALMO,125.01459503173828,0,S05.a,M03,14.04281665665797,S04.a,14.323571725233881,0.28075506857591037,TRUE
340253.5,4287077.5,ALMO,111.71745300292967,0,S18,S18,16.480442957740188,S24.b,16.53915740357271,0.05871444583252128,TRUE
342106.5,4281233.5,ALMO,110.09442901611328,0,S18,S24.b,16.892159793772297,S24.a,17.327259291273826,0.435099497501529,TRUE
338886.5,4292194.5,ALMO,94.54907989501952,0,S25,S18,14.965401623046414,M03,15.049467563172618,0.08406594012620339,TRUE
339250.5,4291665.5,ALMO,98.48218536376952,0,S18,S24.b,15.798056228062407,S18,15.972447877069314,0.17439164900690685,TRUE
345940.5,4290509.5,ALMO,94.5066146850586,0.1340000033378601,S25,S24.b,18.7728006741863,S24.a,18.875831901981222,0.10303122779492213,TRUE
338055.5,4291611.5,ALMO,105.28668975830078,0,S01.a,S10.b,11.746175459654083,S01.a,11.95316306448233,0.20698760482824774,TRUE
348772.5,4277698.5,ALMO,112.47764587402344,0,S18,S02.a,14.480937378982558,S02.b,14.571683388374966,0.09074600939240796,TRUE
340592.5,4281860.5,ALMO,91.29723358154295,0,S18,S24.b,16.826932466334178,S24.a,17.06458379911654,0.23765133278236306,TRUE
339970.5,4283998.5,ALMO,97.76830291748048,0,S24.b,S24.b,17.822404497523678,S24.a,18.16140963137921,0.3390051338555331,TRUE
341235.5,4288821.5,ALMO,97.63365173339844,0,S18,S18,16.801748034365463,S24.b,16.972667737418117,0.17091970305265392,TRUE
340502.5,4284248.5,ALMO,98.76282501220705,0,S18,S18,15.37621779982611,S01.b,15.511105875253849,0.13488807542773884,TRUE
339319.5,4282905.5,ALMO,81.47822570800781,0,S24.a,S24.a,18.262488974813294,S24.b,18.415410830142505,0.1529218553292111,TRUE
345385.5,4285524.5,ALMO,101.61844635009766,0,S18,S24.b,18.113498572212045,S24.a,18.430253083782677,0.3167545115706325,TRUE
350553.5,4287236.5,ALMO,112.7958526611328,0,S18,S24.b,18.238177979980147,S24.a,18.750156204373404,0.5119782243932569,TRUE
341280.5,4286539.5,ALMO,104.01834106445312,0,S18,S24.b,18.775611560643174,S24.a,19.05131966739281,0.27570810674963653,TRUE
337823.5,4291215.5,ALMO,104.7884521484375,0,S18,S10.b,14.402272680437813,S02.b,14.48126835960911,0.0789956791712978,TRUE
347616.5,4280611.5,ALMO,112.93351745605467,0,M03,M03,12.647959437298642,S04.a,13.056651541294611,0.40869210399596945,TRUE
339001.5,4292587.5,ALMO,87.20753479003906,0.1889999955892563,S25,S25,15.628600595017321,S24.b,15.793133446223827,0.16453285120650563,TRUE
341256.5,4289215.5,ALMO,94.76359558105467,0,S18,S24.b,17.7807309488569,S24.a,17.96452400358636,0.18379305472945973,TRUE
340625.5,4279920.5,ALMO,89.22393798828125,0,S25,S24.b,16.518426820202663,S24.a,16.591136534734424,0.07270971453176145,TRUE
342478.5,4282641.5,ALMO,87.84794616699219,0,S25,S25,14.454371702182005,S01.b,14.660359948099526,0.20598824591752063,TRUE
341448.5,4280515.5,ALMO,96.47856903076172,0,S22,S24.b,18.48938113721531,S18,18.57080611218684,0.08142497497152945,TRUE
345061.5,4284503.5,ALMO,108.91072845458984,0,M03,S22,16.359143690097643,M03,16.47567698327388,0.11653329317623573,TRUE
341793.5,4281212.5,ALMO,108.51725006103516,0,S24.b,S24.b,17.401379727341112,S24.a,17.676807430563777,0.27542770322266463,TRUE
340613.5,4288380.5,ALMO,105.03376007080078,0,S18,S24.b,17.59213206084961,S18,17.78282990990384,0.19069784905422793,TRUE
340505.5,4291380.5,ALMO,96.30990600585936,0,S18,S18,14.52769792643339,M03,14.817998815616322,0.29030088918293195,TRUE
338784.5,4291596.5,ALMO,98.1999969482422,0,S18,S18,16.090102311240184,S24.b,16.09259921752256,0.0024969062823778643,TRUE
341124.5,4288875.5,ALMO,100.32284545898438,0,S24.b,S24.b,17.844841139310873,S24.a,18.097888844127525,0.25304770481665173,TRUE
340835.5,4288422.5,ALMO,101.93682861328124,0,S24.a,S24.b,18.163047213948694,S24.a,18.396978768621842,0.2339315546731484,TRUE
340190.5,4289824.5,ALMO,98.26252746582033,0,S22,S22,18.241246068683463,S18,18.819602414123235,0.5783563454397722,TRUE
347793.5,4287272.5,ALMO,117.30510711669922,0.5720000267028809,M03,M03,14.785129593973934,S18,14.851974832799769,0.06684523882583449,TRUE
341136.5,4284743.5,ALMO,95.0395278930664,0,S24.a,S24.b,17.512736191068733,S24.a,17.66681421255475,0.15407802148601846,TRUE
347397.5,4285917.5,ALMO,98.79241180419922,0,S25,S25,16.049440020810216,S24.b,16.057472948028494,0.008032927218277308,TRUE
343658.5,4284893.5,ALMO,103.31117248535156,0,S18,S24.b,17.056846609622355,S24.a,17.4133806278503,0.35653401822794706,TRUE
338562.5,4292233.5,ALMO,94.9634246826172,0,S18,S25,17.170595445045524,S24.b,17.25069874628083,0.08010330123530451,TRUE
341418.5,4280689.5,ALMO,97.04352569580078,0,S24.b,S24.b,18.089359907163345,S24.a,18.338876143945928,0.24951623678258272,TRUE
341781.5,4281455.5,ALMO,99.90216064453124,0,S24.a,S24.b,17.197594360827644,S24.a,17.281171697139712,0.08357733631206798,TRUE
340841.5,4285080.5,ALMO,106.99915313720705,0,S18,S18,16.45095450140005,S25,16.48505605083796,0.034101549437909995,TRUE
340286.5,4292437.5,ALMO,107.51984405517578,0,S05.a,M03,13.608305054333124,S18,13.943415191087055,0.3351101367539311,TRUE
349709.5,4280797.5,ALMO,113.15982055664062,0,S18,S24.b,16.86889878134483,S18,17.014388079498456,0.14548929815362754,TRUE
343106.5,4281995.5,ALMO,109.42150115966795,0,S24.b,S24.b,17.72617330039906,S24.a,17.992873060428014,0.2666997600289527,TRUE
343502.5,4289563.5,ALMO,84.35601806640625,0,S25,S24.b,18.823327462966287,S24.a,18.896704458380352,0.0733769954140655,TRUE
348601.5,4287869.5,ALMO,102.23572540283205,0,S25,S24.b,16.9669767048995,S24.a,17.185150066964457,0.21817336206495597,TRUE
343121.5,4284479.5,ALMO,110.13611602783205,0,S25,S24.b,15.10943982399066,S24.a,15.307665241946872,0.19822541795621085,TRUE
343601.5,4283500.5,ALMO,95.13013458251952,0,S24.a,S24.b,18.0659745589778,S24.a,18.09668401281776,0.030709453839961043,TRUE
344205.5,4282878.5,ALMO,96.2954559326172,0,S25,S24.b,17.075393573243222,S25,17.292503320065162,0.21710974682194006,TRUE
347919.5,4280707.5,ALMO,100.43479919433594,0,M03,M03,16.212554454959587,S04.a,16.454336730005007,0.24178227504541994,TRUE
348232.5,4278371.5,ALMO,115.46739959716795,0,S18,S02.a,15.93030374220327,S02.b,16.011093048970462,0.08078930676719231,TRUE
345196.5,4284875.5,ALMO,104.54181671142578,0,S18,S25,15.242812564231327,S24.b,15.443702820925168,0.20089025669384064,TRUE
341889.5,4290365.5,ALMO,97.47289276123048,0,S05.a,M03,13.192103536090205,S18,13.470747062249847,0.2786435261596427,TRUE
342538.5,4287524.5,ALMO,109.56018829345705,0,S01.a,M03,8.715746529265994,S02.a,9.025501537070433,0.3097550078044389,TRUE
340976.5,4290317.5,ALMO,99.31339263916016,0,S25,M03,15.365613882150381,S18,15.451019266759568,0.0854053846091869,TRUE
341109.5,4289461.5,ALMO,101.3776626586914,0,S18,S24.b,17.016731373547522,S24.a,17.259526361530398,0.2427949879828759,TRUE
341649.5,4282143.5,ALMO,109.9686050415039,0,S05.a,M03,12.47635509110385,S04.a,12.567493851117858,0.09113876001400811,TRUE
342583.5,4291206.5,ALMO,103.79802703857422,0.7940000295639038,S10.a,S10.b,7.805563528824478,S04.a,8.220620669406705,0.41505714058222676,TRUE
340307.5,4283896.5,ALMO,95.88450622558594,0,S18,S18,16.939113984256732,S24.b,17.208232599251943,0.26911861499521095,TRUE
341424.5,4286341.5,ALMO,114.82440948486328,0,M03,M03,13.169223699126135,S04.a,13.355178137741934,0.18595443861579852,TRUE
343199.5,4284098.5,ALMO,99.03043365478516,0,S24.b,S24.b,17.61175246991337,S24.a,18.071477484973563,0.4597250150601937,TRUE
341652.5,4280431.5,ALMO,109.7155990600586,0,M03,M03,13.410067132887283,S04.a,13.740179222446486,0.33011208955920246,TRUE
341118.5,4289035.5,ALMO,103.6725616455078,0,S01.a,S10.b,12.409332031924627,S10.a,12.478503665303673,0.06917163337904597,TRUE
342274.5,4291518.5,ALMO,92.9880142211914,0.5049999952316284,S25,S01.b,14.82584931527443,S04.b,14.876284381221966,0.05043506594753566,TRUE
341241.5,4287626.5,ALMO,102.16786193847656,0,S05.a,S18,15.186262881965101,M03,15.26927829081664,0.08301540885153891,TRUE
342058.5,4285935.5,ALMO,100.29812622070312,0,S24.b,S24.b,17.93046703864252,S24.a,18.277463900469865,0.34699686182734624,TRUE
348142.5,4279296.5,ALMO,114.169189453125,0,S18,S18,15.133410930008893,S24.a,15.282271473170002,0.14886054316110986,TRUE
349280.5,4283179.5,ALMO,100.0192413330078,0,S24.a,S24.b,20.150993973480848,S24.a,20.16306989318101,0.01207591970016253,TRUE
349466.5,4280539.5,ALMO,82.9136962890625,0,S24.b,S24.b,17.13718182874087,S24.a,17.2753995573617,0.13821772862082682,TRUE
337997.5,4285740.5,ALMO,100.95792388916016,0,S24.b,S24.b,17.698305567194346,S24.a,18.025892152963962,0.3275865857696161,TRUE
344529.5,4280953.5,ALMO,127.37723541259766,0,M03,M03,14.325931280574657,S04.a,14.484450707852577,0.1585194272779198,TRUE
342763.5,4287023.5,ALMO,117.3564224243164,2.0190000534057617,M03,S10.b,12.955507861117686,S10.a,13.036851734297445,0.08134387317975822,TRUE
341490.5,4287167.5,ALMO,99.050079345703125,0,S18,S24.b,17.19896279947501,S24.a,17.625842471646866,0.4268796721718573,TRUE
342220.5,4289287.5,ALMO,106.7244873046875,0,M03,S19,11.624077317519022,M03,11.761663939134753,0.1375866216157302,TRUE
341610.5,4291509.5,ALMO,92.3317413330078,0,S24.b,S24.b,16.55263187521236,S24.a,17.00114563209319,0.44851375688083195,TRUE
348793.5,4281221.5,ALMO,118.47249603271484,0,S05.a,S21,40.823771081467676,S23,44.21400450312924,3.390233421661563,TRUE
343670.5,4282707.5,ALMO,104.47044372558594,0,S25,S24.b,17.323156489603328,S24.a,17.662344673666286,0.3391881840629587,TRUE
342622.5,4281428.5,ALMO,117.3926239013672,0,S18,M03,14.113247512847684,S10.a,14.143385409118192,0.030137896270508335,TRUE
342904.5,4287467.5,ALMO,101.3829116821289,0,S25,S24.b,15.53635479860097,S24.a,15.885561106101976,0.34920630750100656,TRUE
348061.5,4279677.5,ALMO,115.7602767944336,0,S01.a,S02.a,12.396541816196354,S02.b,12.454472369219568,0.057930553023213704,TRUE
346415.5,4289320.5,ALMO,107.79117584228516,0,S18,S24.b,16.762234535238015,S24.a,17.01770698937688,0.25547245413886444,TRUE
347277.5,4283269.5,ALMO,105.15011596679688,0,S25,S24.a,17.6577664979214,S24.b,17.677982740252848,0.02021624233144692,TRUE
348682.5,4286653.5,ALMO,106.37674713134766,0,S18,S24.b,17.625152383596173,S24.a,17.863053218016006,0.23790083441983256,TRUE
349619.5,4290131.5,ALMO,108.24250793457033,0,S22,S22,17.54908399083971,S24.b,18.996335240499675,1.447251249659967,TRUE
343436.5,4283905.5,ALMO,110.30354309082033,0,S25,S24.b,16.041396564943998,S25,16.24341579036797,0.202019225423971,TRUE
347409.5,4285110.5,ALMO,102.38668060302734,0,S18,S24.b,15.099674525609856,S18,15.153629410775853,0.05395488516599656,TRUE
344853.5,4285791.5,ALMO,100.30890655517578,0,S25,S18,16.536942100740028,S22,16.595523602255245,0.05858150151521713,TRUE
339709.5,4284857.5,ALMO,93.342071533203125,0,S24.b,S24.b,18.286303605240118,S24.a,18.511541636792327,0.2252380315522089,TRUE
349067.5,4277407.5,ALMO,126.64385986328124,0,S01.a,S02.b,11.01846067502687,S02.a,11.053559545032144,0.03509887000527456,TRUE
339520.5,4293026.5,ALMO,92.87945556640624,0,S24.b,S24.b,17.01536644825608,S24.a,17.46256636941777,0.4471999211616904,TRUE
340658.5,4286299.5,ALMO,102.69490814208984,0,S25,M03,14.915283448974924,S18,15.060439444468438,0.1451559954935142,TRUE
347076.5,4282224.5,ALMO,107.81128692626952,0,S18,M03,15.820875049042003,S18,16.001666649571938,0.18079160052993437,TRUE
347436.5,4285716.5,ALMO,101.98380279541016,0,S18,S18,14.887735922833999,S25,14.987465054156978,0.09972913132297911,TRUE
343718.5,4288932.5,ALMO,95.0020751953125,0,S25,S25,19.751781486878652,S24.a,19.78719607177904,0.03541458490038707,TRUE
340760.5,4285704.5,ALMO,103.52482604980467,0,S25,S18,15.382076652080366,S24.b,15.427626680461204,0.04555002838083766,TRUE
348271.5,4279377.5,ALMO,113.1531982421875,0,S18,S24.a,16.176457579479603,S24.b,16.279023719132883,0.10256613965328043,TRUE
341748.5,4279749.5,ALMO,84.87881469726561,0,S18,S24.b,15.4192632038761,S24.a,15.427604056720691,0.008340852844590074,TRUE
346154.5,4278989.5,ALMO,129.31838989257812,0,S02.a,S02.a,10.636835542703105,S02.b,10.664841294874245,0.028005752171139875,TRUE
341289.5,4289056.5,ALMO,102.94479370117188,0,S19,S10.c,11.88258435152529,S10.a,11.891141696749054,0.008557345223763946,TRUE
341073.5,4282608.5,ALMO,91.262969970703125,0,S01.a,S10.b,12.636267715114203,S10.a,12.788988673148056,0.15272095803385355,TRUE
347676.5,4285395.5,ALMO,104.3518295288086,0,S25,S24.b,16.352399960457667,S18,16.377795470299326,0.02539550984165828,TRUE
341028.5,4284332.5,ALMO,81.83311462402344,0,S24.a,S24.b,17.204905056450574,S24.a,17.433066195293794,0.22816113884321965,TRUE
349409.5,4281551.5,ALMO,97.189666748046875,0,S25,M03,15.581923896765264,S04.a,15.773941723109514,0.1920178263442498,TRUE
342232.5,4289683.5,ALMO,85.04338836669922,0,S18,S24.b,15.896238054506735,S18,16.248559460657717,0.3523214061509812,TRUE
347118.5,4285014.5,ALMO,92.65521240234376,0,S18,S24.b,16.50287999262404,S24.a,16.65684008921003,0.15396009658598686,TRUE
348484.5,4280098.5,ALMO,100.90264892578124,0,S25,S25,17.013006900964847,S24.a,17.121362717068777,0.10835581610393064,TRUE
347934.5,4295836.5,ALMO,122.11325073242188,0,S20,S13.b,20.966633292209803,S23,21.53210882180991,0.565475529600107,TRUE
345685.5,4284905.5,ALMO,111.09021759033205,0,S05.a,M03,13.5456132800567,S04.a,13.867836537072032,0.32222325701533094,TRUE
341532.5,4285239.5,ALMO,87.4039306640625,0,S24.b,S24.b,17.32659456769032,S24.a,17.515226827852803,0.1886322601624819,TRUE
339028.5,4286608.5,ALMO,96.58099365234376,0,S25,S24.a,15.746719851347155,S24.b,15.869612963589622,0.12289311224246724,TRUE
339499.5,4291008.5,ALMO,100.01534271240234,0,S24.b,S24.b,18.63915056160412,S24.a,19.146869788809546,0.5077192272054276,TRUE
344451.5,4280284.5,ALMO,115.06722259521484,0,M03,M03,15.300076218797674,S05.a,15.641091901138992,0.3410156823413182,TRUE
344271.5,4285554.5,ALMO,110.8671646118164,0,S05.a,M03,15.509810254612654,S25,15.691630466274987,0.1818202116623322,TRUE
347586.5,4281812.5,ALMO,99.92401123046876,0,S18,S24.b,16.342965897404653,S18,16.545489811130835,0.20252391372618206,TRUE
341268.5,4280056.5,ALMO,91.4197006225586,0,S24.a,S24.b,17.755888774650842,S24.a,17.8632064155074,0.10731764085655726,TRUE
344454.5,4280671.5,ALMO,114.19438934326172,0,S18,S24.b,16.443420049426734,S24.a,16.953026650523974,0.5096066010972393,TRUE
339160.5,4291536.5,ALMO,97.51014709472656,0,S18,S18,16.22275098839127,S02.a,16.461614049947602,0.23886306155633363,TRUE
347127.5,4281722.5,ALMO,106.2134780883789,0,S02.a,S02.a,12.520534476496753,S04.a,12.62704864958401,0.10651417308725719,TRUE
340169.5,4281827.5,ALMO,94.0444107055664,0,S24.b,S24.b,19.000107989923155,S24.a,19.279529228359614,0.27942123843645916,TRUE
341589.5,4285335.5,ALMO,89.62470245361328,0,S18,S18,14.713731515596427,S24.b,14.893634476018448,0.17990296042202125,TRUE
342409.5,4288227.5,ALMO,99.718719482421875,0,S05.a,M03,12.181949188430167,S01.b,12.47156070399972,0.2896115155695522,TRUE
341163.5,4289320.5,ALMO,99.05106353759766,0,S18,S25,15.81257402070814,S18,15.848265734175818,0.035691713467677744,TRUE
338508.5,4286848.5,ALMO,86.03746795654297,0,S24.a,S24.b,18.183828119211505,S24.a,18.255702949391374,0.07187483017986906,TRUE
339733.5,4285101.5,ALMO,99.2642059326172,0,S24.a,S24.b,17.678419080313095,S24.a,17.752958162372888,0.07453908205979332,TRUE
339355.5,4284269.5,ALMO,100.90941619873048,0,S24.b,S24.b,16.960656028525275,S24.a,17.123291013347526,0.16263498482225103,TRUE
342040.5,4288677.5,ALMO,103.31968688964844,0,M03,M03,12.948371229977926,S18,13.216679459891562,0.2683082299136359,TRUE
338400.5,4292641.5,ALMO,92.25502014160156,0,S25,S25,16.216220424291134,S24.b,17.04226683132939,0.8260464070382554,TRUE
341445.5,4288281.5,ALMO,106.58526611328124,0,S18,S18,15.593853229522209,S24.a,15.614095479603563,0.020242250081354385,TRUE
337913.5,4288566.5,ALMO,97.73674011230467,0,S25,S25,16.891367108468085,S24.a,17.31431506804618,0.42294795957809583,TRUE
349892.5,4279704.5,ALMO,101.8836669921875,0,M03,M03,8.893797061193213,S04.b,8.959098806541867,0.06530174534865374,TRUE
343340.5,4282503.5,ALMO,101.0623550415039,0,S24.a,S24.b,18.20968277981432,S24.a,18.50801406367212,0.2983312838578023,TRUE
338709.5,4291986.5,ALMO,104.563720703125,0,S18,S18,16.18356689727174,S02.a,16.293626746047508,0.11005984877576935,TRUE
348118.5,4288722.5,ALMO,89.41748809814453,0.19200000166893005,S25,S25,16.73059815574234,S24.b,16.743256514113398,0.012658358371059109,TRUE
339295.5,4282647.5,ALMO,84.34541320800781,0,S24.a,S24.b,19.18840306213572,S24.a,19.28778261780094,0.0993795556652195,TRUE
347145.5,4283152.5,ALMO,110.9629135131836,0,M03,S22,15.816794900193193,M03,16.18676326487373,0.3699683646805365,TRUE
340577.5,4283983.5,ALMO,91.51008605957033,0,S25,S25,20.380839765134777,S20,20.66597486861378,0.2851351034790035,TRUE
345121.5,4283203.5,ALMO,116.20316314697266,0,S18,S24.b,25.00283618623334,S24.a,25.405861579623586,0.4030253933902479,TRUE
345550.5,4285614.5,ALMO,103.93122100830078,0,S18,S24.b,16.720857041112353,S24.a,17.033107338894208,0.31225029778185487,TRUE
341139.5,4289713.5,ALMO,93.37767791748048,0,S18,S24.b,16.758441956842155,S24.a,16.777082710623695,0.018640753781539843,TRUE
340283.5,4284857.5,ALMO,95.038360595703125,0,S18,S24.b,17.351564277330496,S18,17.57620488154494,0.22464060421444287,TRUE
337736.5,4288890.5,ALMO,100.43927001953124,0,S18,S22,18.649492651282948,S24.a,18.694278460175767,0.04478580889281858,TRUE
341217.5,4286221.5,ALMO,106.99606323242188,0,S18,S18,16.3693934123296,S24.b,16.41121398843893,0.04182057610933043,TRUE
341550.5,4281038.5,ALMO,102.7531280517578,0,S24.a,S24.b,16.06729311994789,S24.a,16.286451587943965,0.21915846799607408,TRUE
346139.5,4279206.5,ALMO,126.8280029296875,0,S02.a,S02.a,13.572403507208215,S02.b,13.730551462207474,0.1581479549992597,TRUE
343484.5,4284107.5,ALMO,104.06157684326172,0,S24.b,S24.b,16.573717270844266,S24.a,16.945624301774057,0.3719070309297905,TRUE
351223.5,4293575.5,ALMO,126.97882843017578,0,S01.a,S04.a,13.551684722685497,M03,13.706613858370893,0.15492913568539635,TRUE
341181.5,4285620.5,ALMO,108.10222625732422,0,S18,S18,13.453586579093905,M03,13.467990057645984,0.014403478552079463,TRUE
342460.5,4280479.5,ALMO,84.12779998779297,0,S18,S18,16.457112740281854,S25,16.60094470233859,0.14383196205673698,TRUE
340427.5,4282881.5,ALMO,92.30509948730467,0,S18,S24.b,17.82577813197543,S24.a,18.329439317502995,0.5036611855275659,TRUE
344322.5,4281617.5,ALMO,125.4769058227539,0,S05.a,S04.a,12.125574693423719,M03,12.140395332491382,0.014820639067663066,TRUE
345775.5,4285593.5,ALMO,108.1556396484375,0,S25,M03,15.559085242366079,S18,15.592534555292696,0.033449312926617125,TRUE
348139.5,4281812.5,ALMO,100.63446807861328,0,S22,S22,18.55942866840304,S24.b,18.840405124779284,0.28097645637624424,TRUE
348781.5,4283923.5,ALMO,91.2774887084961,0,M03,S22,17.02167265430732,S18,17.54625764335827,0.5245849890509504,TRUE
343166.5,4280362.5,ALMO,104.03790283203124,0,S18,S04.a,14.09374430485408,M03,14.132340190965751,0.0385958861116702,TRUE
348781.5,4278944.5,ALMO,113.10581970214844,0,M03,M03,12.046246995113117,S04.a,12.294878435159681,0.24863144004656412,TRUE
341004.5,4288161.5,ALMO,102.7843780517578,0,S18,S18,15.616286575847447,S24.b,15.691202212190777,0.07491563634333076,TRUE
340190.5,4283530.5,ALMO,98.83406829833984,0,S24.a,S24.a,17.41018970158883,S24.b,17.4940907159314,0.08390101434256891,TRUE
341325.5,4279851.5,ALMO,82.92108917236328,0,S24.b,S24.b,18.05727782998527,S24.a,18.26567402495187,0.20839619496659978,TRUE
345838.5,4285569.5,ALMO,106.21292114257812,0,S25,S18,16.738601550808227,S24.b,16.75138468018182,0.012783129373591606,TRUE
341544.5,4285677.5,ALMO,91.54302978515624,0,S18,S24.b,15.371260384524318,S24.a,15.426491471189255,0.05523108666493748,TRUE
340850.5,4288584.5,ALMO,105.51274871826172,0,S18,S24.b,16.900609012855696,S18,17.0457634655395,0.1451544526838049,TRUE
342421.5,4286281.5,ALMO,101.94085693359376,0,S24.a,S24.b,21.084634602412432,S24.a,21.349602171533725,0.2649675691212927,TRUE
341886.5,4289209.5,ALMO,80.06690216064453,0,S22,S24.a,16.908797997109787,S22,16.942803735541737,0.03400573843195076,TRUE
341682.5,4286716.5,ALMO,108.6567611694336,0,S18,S24.b,16.075206295036576,S18,16.313771885834527,0.23856559079795048,TRUE
349376.5,4280113.5,ALMO,118.70263671875,0,S05.a,S04.a,14.348094883275941,M03,14.36446131265933,0.016366429383388947,TRUE
341226.5,4281797.5,ALMO,101.71016693115234,0,S18,S24.b,16.48095945937226,S24.a,16.680640391454606,0.1996809320823445,TRUE
341883.5,4279719.5,ALMO,97.11802673339844,0,S18,S18,14.322778767381218,S25,14.34693708150844,0.024158314127221914,TRUE
339880.5,4290359.5,ALMO,98.80988311767578,0,S18,S24.b,21.322314142259785,S24.a,21.519881855648634,0.1975677133888496,TRUE
349625.5,4278404.5,ALMO,102.58026885986328,0,S18,M03,15.339382929210469,S04.a,15.48638848662865,0.147005557418181,TRUE
340706.5,4290362.5,ALMO,98.968841552734375,0,S18,S24.b,16.548120762978403,S24.a,16.984792852312104,0.43667208933370105,TRUE
339997.5,4292671.5,ALMO,108.1965560913086,0,S18,S18,15.001923889913868,M03,15.090602188929678,0.08867829901580926,TRUE
342853.5,4281266.5,ALMO,115.74470520019533,0,M03,M03,17.883738634379775,S24.b,18.056161055489955,0.17242242111018058,TRUE
339604.5,4291953.5,ALMO,99.85621643066406,0,S25,S24.b,16.272960866648972,S24.a,16.461771715520953,0.18881084887198085,TRUE
343385.5,4283155.5,ALMO,104.67562866210938,0.3190000057220459,S24.b,S24.b,16.938526030212174,S24.a,17.317886865625407,0.37936083541323384,TRUE
346535.5,4282521.5,ALMO,110.32763671875,0,M03,S22,17.344333295466676,M03,17.39778736798332,0.05345407251664369,TRUE
340382.5,4283089.5,ALMO,79.80392456054686,0,S25,S25,19.063522093370153,S24.a,19.345334329601094,0.281812236230941,TRUE
338505.5,4289875.5,ALMO,97.0738754272461,0,S24.a,S24.b,16.783326620753908,S24.a,16.895530144841622,0.11220352408771461,TRUE
341853.5,4286335.5,ALMO,107.7849349975586,0,S18,S24.b,16.218246727768385,S24.a,16.373898541783106,0.15565181401472117,TRUE
341319.5,4289278.5,ALMO,97.86742401123048,0.28700000047683716,S25,S25,16.329385392744207,M03,16.386694152069452,0.05730875932524526,TRUE
339607.5,4282623.5,ALMO,92.59376525878906,0,S18,S24.a,16.883293400222843,S24.b,16.938883112344104,0.05558971212126096,TRUE
345343.5,4287191.5,ALMO,97.2925262451172,0,S01.a,S01.a,12.33257517757144,S11,12.42644955143342,0.09387437386197917,TRUE
342226.5,4285254.5,ALMO,78.37334442138672,0,S25,S24.a,17.22231137597599,S24.b,17.553836594880504,0.33152521890451325,TRUE
344946.5,4282449.5,ALMO,99.92357635498048,0,S24.b,S24.b,16.70734609564455,S24.a,17.095473338294315,0.38812724264976595,TRUE
344100.5,4284641.5,ALMO,97.6539077758789,0,S24.b,S24.b,16.45823125350685,S24.a,16.725064168602984,0.2668329150961348,TRUE
340766.5,4286140.5,ALMO,105.84778594970705,0,S05.a,M03,14.455198585166176,S18,14.502761202892216,0.0475626177260402,TRUE
341517.5,4289317.5,ALMO,95.7859115600586,0,S25,S25,16.629076341887476,S24.b,16.698643948487785,0.0695676066003088,TRUE
346238.5,4285416.5,ALMO,106.80560302734376,0,S25,S25,16.96594805066004,S24.b,16.98532181930454,0.019373768644502576,TRUE
341787.5,4290449.5,ALMO,104.21741485595705,0,S04.b,S10.a,14.16295918601701,S01.a,14.24945589138303,0.08649670536602017,TRUE
342076.5,4287668.5,ALMO,106.85179138183594,0,S18,S10.a,14.187041436425439,S10.b,14.256708189323525,0.06966675289808677,TRUE
341274.5,4285308.5,ALMO,89.83875274658203,0,S24.a,S24.b,17.325363205463855,S24.a,17.650643644015712,0.3252804385518573,TRUE
341217.5,4281716.5,ALMO,102.50591278076172,0,S18,S24.b,17.241911570544868,S24.a,17.478779014087337,0.2368674435424687,TRUE
338241.5,4287119.5,ALMO,107.96916961669922,0,S22,S24.b,18.28747029497028,S24.a,18.677618345945728,0.3901480509754478,TRUE
348772.5,4282767.5,ALMO,96.40233612060548,0,M03,M03,14.969390968998226,S04.a,15.40723884827521,0.4378478792769833,TRUE
340583.5,4284008.5,ALMO,86.87848663330078,0,S25,S24.b,18.870019324992015,S24.a,18.887271585520185,0.017252260528170638,TRUE
341835.5,4285593.5,ALMO,96.27179718017578,0,S24.a,S24.b,16.158345726282956,S24.a,16.20950032935368,0.05115460307072439,TRUE
343442.5,4284140.5,ALMO,103.44902801513672,0,S24.b,S24.b,16.58002251148065,S24.a,16.920932717092125,0.34091020561147545,TRUE
341517.5,4287512.5,ALMO,111.1784896850586,0,S18,S10.a,14.134639152413587,S02.a,14.186220787406924,0.05158163499333668,TRUE
347859.5,4282734.5,ALMO,104.49598693847656,0.2080000042915344,S01.a,S10.b,13.183909557598268,S10.a,13.196874763934602,0.012965206336334134,TRUE
347571.5,4282821.5,ALMO,111.58625793457033,0,S05.a,M03,9.220824111243608,S19,9.522788274065432,0.3019641628218235,TRUE
348166.5,4279542.5,ALMO,117.84880828857422,0,S02.a,S02.a,14.368296335505384,S02.b,14.508086506803178,0.13979017129779336,TRUE
339160.5,4291581.5,ALMO,98.96906280517578,0,S24.b,S24.b,18.16889581121356,S24.a,18.59842671098254,0.42953089976898085,TRUE
339538.5,4285251.5,ALMO,90.2827377319336,0,S24.a,S24.b,18.29084011979855,S24.a,18.62192111216988,0.33108099237133004,TRUE
338040.5,4284611.5,ALMO,99.6017074584961,0,S25,S24.b,17.51103249091692,S24.a,17.845504756996707,0.33447226607978564,TRUE
341247.5,4289395.5,ALMO,97.6379623413086,0,S24.a,S24.b,17.464586425354454,S24.a,17.662122142407767,0.19753571705331296,TRUE
340352.5,4290656.5,ALMO,98.34733581542967,0,S24.b,S24.b,15.33553692026114,S24.a,15.686737891124704,0.35120097086356417,TRUE
344787.5,4284368.5,ALMO,105.7209930419922,0.7289999723434448,M03,S22,16.224845001831298,M03,16.333611638992974,0.10876663716167556,TRUE
348775.5,4279689.5,ALMO,104.16673278808594,1.6920000314712524,S18,S24.b,16.32863000164522,S18,16.499383242687514,0.17075324104229495,TRUE
338013.5,4285350.5,ALMO,93.0288314819336,0,S18,S24.b,17.581221631825166,S24.a,17.622479693548748,0.04125806172358182,TRUE
347244.5,4285428.5,ALMO,104.2840576171875,0,S01.a,S02.a,12.555877755467394,S02.b,12.588682769154794,0.03280501368739941,TRUE
345625.5,4283884.5,ALMO,110.03414916992188,0,S25,S24.b,16.29669631611201,S24.a,16.696746338884015,0.40005002277200674,TRUE
342910.5,4282152.5,ALMO,116.821533203125,0,S18,S24.b,16.528998053076208,S18,16.79001229659096,0.2610142435147509,TRUE
348127.5,4279935.5,ALMO,111.84449005126952,0,S18,S24.b,17.220573520408514,S24.a,17.47173260681738,0.2511590864088653,TRUE
341088.5,4290446.5,ALMO,104.68812561035156,0,S18,S18,14.611809003941467,S25,14.649921977519774,0.038112973578307674,TRUE
348040.5,4292197.5,ALMO,127.95265197753906,0,S22,S22,19.956111596406423,S24.b,20.64331214592808,0.6872005495216555,TRUE
338682.5,4281665.5,ALMO,95.09539031982422,0,S18,S24.b,19.350030338244895,S24.a,19.580046602018513,0.23001626377361717,TRUE
342076.5,4281857.5,ALMO,109.11955261230467,0.3880000114440918,M03,M03,13.82990067744143,S25,14.362053980984724,0.5321533035432946,TRUE
341064.5,4281812.5,ALMO,102.3527603149414,0,S18,S24.b,17.78569271203693,S24.a,18.07274893925531,0.287056227218379,TRUE
347457.5,4281350.5,ALMO,111.40473175048828,0,S01.a,M03,12.160002993191432,S04.a,12.214876729825182,0.05487373663375017,TRUE
341691.5,4290272.5,ALMO,100.9131851196289,0,S25,S24.b,15.936876508899626,S24.a,16.04870442723882,0.11182791833919481,TRUE
342013.5,4281797.5,ALMO,105.59286499023438,0,S18,S24.b,17.434950049612734,S24.a,17.852955567211076,0.4180055175983419,TRUE
343019.5,4281758.5,ALMO,117.20333099365234,4.918000221252441,M03,M03,16.163633375956547,S04.a,16.519294606880884,0.355661230924337,TRUE
341862.5,4281521.5,ALMO,99.32410430908205,0,S18,S18,15.495519772046633,S24.a,15.610143809687093,0.11462403764046059,TRUE
338106.5,4287536.5,ALMO,97.54932403564452,0,S25,S24.b,16.68632982626332,S25,16.80943542990074,0.12310560363741985,TRUE
348646.5,4282128.5,ALMO,92.40936279296876,0,S24.b,S24.b,17.04857728735928,S24.a,17.0990459838831,0.05046869652382213,TRUE
342304.5,4281071.5,ALMO,102.8346176147461,0,S18,S18,15.452034135527727,S24.b,15.774197729802781,0.3221635942750538,TRUE
341040.5,4287050.5,ALMO,106.85360717773438,0,S18,S24.b,16.516472038042835,S18,16.719914707374663,0.20344266933182809,TRUE
342517.5,4290224.5,ALMO,105.69847869873048,0,S18,M03,13.26600916372846,S18,13.405335792538116,0.13932662880965552,TRUE
340730.5,4280068.5,ALMO,93.9928207397461,0,S24.a,S24.a,19.14928367006441,S24.b,19.15788727757498,0.008603607510568878,TRUE
341325.5,4286392.5,ALMO,116.4792938232422,0,M03,M03,11.746456224311128,S04.a,11.770237223530762,0.023780999219633614,TRUE
350712.5,4287314.5,ALMO,106.45255279541016,0,S25,S24.b,18.248205431124685,S24.a,18.465402124551495,0.21719669342681058,TRUE
341079.5,4283380.5,ALMO,95.75856018066406,0,S24.a,S24.b,20.067944682242857,S24.a,20.448596408244192,0.3806517260013358,TRUE
339838.5,4285245.5,ALMO,88.9079818725586,0,S24.b,S24.b,17.205831060057196,S24.a,17.453087991912046,0.24725693185484943,TRUE
342754.5,4282215.5,ALMO,111.16422271728516,0,S25,S24.b,16.589969404621222,S25,16.636023701005616,0.04605429638439418,TRUE
342000.5,4289665.5,ALMO,99.9948959350586,0,S25,M03,13.294099220673859,S18,13.54215644511215,0.24805722443829126,TRUE
342868.5,4287371.5,ALMO,102.14083862304688,0,S18,S18,14.84628422758167,S02.a,15.133206482166395,0.2869222545847254,TRUE
341502.5,4290416.5,ALMO,95.66656494140624,0,S18,S24.b,16.090431043272805,S18,16.281132321127302,0.19070127785449742,TRUE
348541.5,4284242.5,ALMO,98.89598083496094,0,S22,S24.b,16.992291546557897,S22,17.216765199650425,0.22447365309252731,TRUE
353172.5,4292824.5,ALMO,106.9214859008789,0,S05.a,M03,15.391983491328533,S04.a,15.754133945324783,0.3621504539962501,TRUE
348526.5,4285518.5,ALMO,87.5072250366211,0,S25,S24.b,16.347493858490736,S24.a,16.544269174144084,0.1967753156533476,TRUE
341049.5,4290938.5,ALMO,83.19956970214844,0,S25,S20,16.670472667174106,S01.b,16.953115609529423,0.2826429423553165,TRUE
349418.5,4278428.5,ALMO,103.45809936523438,0,S05.a,M03,13.330685813169064,S04.a,13.562398600366157,0.2317127871970932,TRUE
339361.5,4286119.5,ALMO,92.94929504394533,0,S24.a,S24.b,19.48378123181908,S24.a,20.138497590953868,0.6547163591347882,TRUE
342844.5,4288050.5,ALMO,87.37794494628906,0,S24.a,S24.b,17.19651801782722,S24.a,17.499364268982426,0.3028462511552057,TRUE
339625.5,4286020.5,ALMO,98.48641204833984,0,S25,S24.a,18.156926955406146,S24.b,18.290429505015034,0.1335025496088882,TRUE
342931.5,4287791.5,ALMO,89.38946533203125,0,S24.a,S24.b,18.856769419668954,S24.a,19.278268688821676,0.4214992691527222,TRUE
342667.5,4280452.5,ALMO,79.97077941894531,0,S25,S20,17.285209914995736,S25,17.39306251125712,0.10785259626138455,TRUE
340172.5,4283011.5,ALMO,81.5009765625,0,S25,S24.a,17.056248587219404,S24.b,17.067679184655404,0.011430597436000056,TRUE
337925.5,4290494.5,ALMO,104.40204620361328,0,S18,S18,15.819752427046394,S24.b,16.03429925180475,0.21454682475835618,TRUE
341547.5,4287899.5,ALMO,103.13336181640624,0,S25,S18,15.755245363906258,M03,15.797639163390143,0.04239379948388411,TRUE
342607.5,4280035.5,ALMO,100.68751525878906,0,S18,S24.b,16.607861628062405,S24.a,17.073149454368856,0.4652878263064508,TRUE
343439.5,4282836.5,ALMO,109.15608978271484,0,S24.b,S24.b,17.214043260411756,S24.a,17.64506773208217,0.4310244716704119,TRUE
341364.5,4287878.5,ALMO,96.69690704345705,0,S25,M03,15.01866682842461,S18,15.066237496385888,0.047570667961277735,TRUE
344313.5,4288518.5,ALMO,76.20182800292969,0,S25,S24.a,16.818861332408563,S25,16.91579509180738,0.09693375939881577,TRUE
341571.5,4284803.5,ALMO,100.23829650878906,0,S24.b,S24.b,16.044636432359933,S24.a,16.23917471909449,0.19453828673455575,TRUE
341157.5,4291398.5,ALMO,110.88560485839844,0,S05.a,M03,12.565434514976408,S05.a,13.023844279480294,0.4584097645038856,TRUE
344439.5,4280482.5,ALMO,116.69505310058594,0,M03,M03,14.403783696819259,S04.a,14.938959976943462,0.5351762801242028,TRUE
342067.5,4280995.5,ALMO,102.34368133544922,0,S02.a,S18,14.785194136161346,S02.a,14.954956019925845,0.1697618837644992,TRUE
344106.5,4285668.5,ALMO,103.8376922607422,0,S24.a,S24.b,19.261034492118302,S24.a,19.357133831718368,0.096099339600066,TRUE
339382.5,4284329.5,ALMO,95.1515121459961,0,S24.a,S24.b,18.204015650555014,S24.a,18.48067265018083,0.27665699962581414,TRUE
341712.5,4288986.5,ALMO,92.68049621582033,0,S18,S24.b,16.268432797961665,S24.a,16.43542158697609,0.16698878901442527,TRUE
347715.5,4280410.5,ALMO,103.7414779663086,0,S25,S24.a,16.256268569290825,S24.b,16.266171185412304,0.009902616121479468,TRUE
345517.5,4281512.5,ALMO,129.06431579589844,0,S18,S24.b,17.289348928048902,S24.a,17.583232336137883,0.2938834080889805,TRUE
345544.5,4288704.5,ALMO,101.59117126464844,0,S22,S25,19.677348318169962,S20,19.89703475098006,0.21968643281009648,TRUE
340007.5,4292611.5,ALMO,98.8904266357422,0.2750000059604645,S25,S25,21.480523314596248,S24.b,21.588492023558132,0.10796870896188437,TRUE
343352.5,4283545.5,ALMO,94.5631866455078,0,S25,S24.b,17.68146745327809,S22,17.783663546330633,0.10219609305254451,TRUE
343448.5,4286938.5,ALMO,91.74771881103516,0,S24.b,S24.b,17.511052167401573,S24.a,17.826994589614856,0.3159424222132827,TRUE
337877.5,4290446.5,ALMO,100.43971252441406,0,S18,S24.b,16.429775738237886,S18,16.788799561090343,0.35902382285245693,TRUE
349685.5,4282446.5,ALMO,95.56151580810548,0,S18,S24.b,16.970209098546615,S24.a,17.049860496040075,0.07965139749346051,TRUE
342625.5,4281989.5,ALMO,102.26223754882812,0,S18,S25,15.035863956918067,S24.b,15.1636338742353,0.12776991731723264,TRUE
347487.5,4282512.5,ALMO,95.43334197998048,0,S18,S18,18.46933187188727,S04.a,18.584276096160504,0.11494422427323414,TRUE
339823.5,4285551.5,ALMO,95.44983673095705,0,S24.b,S24.b,17.227776261669938,S24.a,17.386480704727497,0.15870444305755882,TRUE
342667.5,4281770.5,ALMO,108.2104034423828,0,S18,M03,13.403205579264688,S18,13.570553873337598,0.16734829407291052,TRUE
341343.5,4287527.5,ALMO,106.81232452392578,0,M03,M03,13.09031259897795,S25,13.468739962578406,0.3784273636004549,TRUE
343304.5,4280383.5,ALMO,102.6999282836914,0,S24.b,S24.b,16.950160135095473,S24.a,17.528793251252743,0.5786331161572704,TRUE
342055.5,4286275.5,ALMO,107.52545166015624,0,S18,S24.b,16.792794975461206,S24.a,17.144494130606507,0.35169915514530103,TRUE
344613.5,4283971.5,ALMO,99.71617889404295,0,S24.b,S24.b,16.724988129524924,S24.a,17.20306612461331,0.47807799508838755,TRUE
340589.5,4286182.5,ALMO,107.4630889892578,0,S18,S24.b,15.587868572122794,S24.a,15.867019410624835,0.2791508385020407,TRUE
338406.5,4286794.5,ALMO,85.17704772949219,0,S24.b,S24.b,18.384113893689076,S24.a,18.786878987531175,0.402765093842099,TRUE
339376.5,4292287.5,ALMO,101.99095153808594,0,S25,S25,14.986310360719985,S24.a,15.280125180215572,0.2938148194955872,TRUE
348604.5,4286467.5,ALMO,109.5161590576172,0,S25,S24.b,16.86066817185007,S24.a,16.945197413797054,0.08452924194698497,TRUE
341139.5,4283029.5,ALMO,92.5728988647461,0,S22,S22,18.837645265665255,S18,19.798535501495305,0.9608902358300497,TRUE
348313.5,4283554.5,ALMO,72.24752044677734,0.19499999284744263,S25,S24.b,17.257641488454123,S24.a,17.50078252783906,0.24314103938493759,TRUE
343064.5,4280650.5,ALMO,87.5461196899414,0,S24.b,S24.b,18.381450861630327,S24.a,18.48156475821299,0.10011389658266268,TRUE
339628.5,4285641.5,ALMO,97.21197509765624,0,S24.b,S24.b,17.949027918405186,S24.a,18.00204991402613,0.053021995620945006,TRUE
347760.5,4284524.5,ALMO,100.03748321533205,0,M03,M03,9.28086547057035,S04.a,9.513155100169362,0.23228962959901267,TRUE
343352.5,4289122.5,ALMO,100.71692657470705,0,S18,S24.b,19.12567085338029,S24.a,19.5840362676473,0.4583654142670106,TRUE
340088.5,4284971.5,ALMO,97.15951538085936,0,S24.b,S24.b,17.571109550331613,S24.a,17.847700281326553,0.2765907309949398,TRUE
339325.5,4286809.5,ALMO,97.58538055419922,0,S24.a,S24.b,21.06576773895673,S24.a,21.52626440008776,0.4604966611310317,TRUE
349763.5,4282479.5,ALMO,104.00559997558594,0,S05.a,S04.a,11.963189624433754,M03,12.040169954159124,0.0769803297253695,TRUE
345367.5,4285080.5,ALMO,101.78333282470705,0.20499999821186063,S18,S24.b,18.899605070272884,S24.a,19.312343979613008,0.41273890934012414,TRUE
348055.5,4280683.5,ALMO,111.001708984375,0,M03,M03,15.689309126583948,S18,15.921224168191554,0.23191504160760523,TRUE
344808.5,4282332.5,ALMO,106.5748291015625,0,M03,S22,16.921139332977674,M03,17.546489293881656,0.6253499609039821,TRUE
343271.5,4280560.5,ALMO,91.96516418457033,0,S25,S22,16.165912608502524,M03,16.314906987720022,0.14899437921749836,TRUE
348379.5,4288791.5,ALMO,87.253692626953125,0,S25,S24.b,17.605865019269704,S24.a,17.620268249685996,0.01440323041629199,TRUE
342190.5,4288155.5,ALMO,96.38949584960936,0,S18,S18,14.898753173158251,S25,15.075621893491675,0.17686872033342382,TRUE
342040.5,4286329.5,ALMO,109.34845733642578,0,S18,S18,15.789918230779087,S24.b,15.818839250538328,0.028921019759241773,TRUE
339430.5,4284608.5,ALMO,95.36021423339844,0,S24.a,S24.b,18.022378852305653,S24.a,18.22544912572214,0.2030702734164862,TRUE
339868.5,4284473.5,ALMO,97.1841278076172,0,S18,S24.b,16.542829730800854,S18,16.669985029200234,0.12715529839938,TRUE
347481.5,4281809.5,ALMO,107.13129425048828,0,S18,S18,14.617172497962898,M03,15.105985249905153,0.4888127519422554,TRUE
341655.5,4288317.5,ALMO,106.5570068359375,0,S18,S18,14.176891343117202,S25,14.478236409601685,0.3013450664844832,TRUE
341535.5,4291536.5,ALMO,104.82966613769533,0,S05.a,M03,12.42101739736629,S04.a,12.666998930104853,0.24598153273856305,TRUE
338955.5,4291497.5,ALMO,92.194091796875,0,S25,S24.b,16.703580688353373,S25,16.75719545766154,0.05361476930816522,TRUE
340715.5,4286236.5,ALMO,109.27459716796876,0,S18,S18,16.442131868648456,S24.b,16.588691169837247,0.14655930118879112,TRUE
349796.5,4286674.5,ALMO,124.78034210205078,0,S10.a,S10.c,6.5327774240545935,S10.a,6.543808125091317,0.011030701036723656,FALSE
340067.5,4284803.5,ALMO,95.63046264648436,0,S24.b,S24.b,19.047655988718624,S24.a,19.279813094207682,0.23215710548905832,TRUE
342493.5,4283677.5,ALMO,95.55091857910156,0,S25,S24.b,16.041275254507802,S24.a,16.161389513648892,0.12011425914108997,TRUE
341004.5,4291434.5,ALMO,103.23070526123048,0,S18,S24.a,17.630482799028844,S24.b,17.66965808227227,0.03917528324342712,TRUE
340514.5,4284044.5,ALMO,98.22002410888672,0,S18,S24.b,16.988097698409188,S24.a,17.072690156512348,0.08459245810315963,TRUE
341565.5,4288572.5,ALMO,94.43464660644533,0,S24.b,S24.b,17.593318042990145,S24.a,17.909326870872484,0.31600882788233875,TRUE
346124.5,4285563.5,ALMO,98.1070785522461,0,S25,S25,16.17633101862046,S24.a,16.298138515059804,0.12180749643934519,TRUE
351169.5,4280602.5,ALMO,104.9296417236328,0,S24.a,S24.b,19.8807569884561,S24.a,19.904573291078282,0.023816302622183372,TRUE
347217.5,4281068.5,ALMO,119.2509994506836,0,Artemisia tridentata,Artemisia tridentata,12.183673479233176,Lonicera involucrata,12.434094221046976,0.2504207418137998,TRUE
338100.5,4284971.5,ALMO,110.1555633544922,0,S25,S25,15.67450772793239,S01.b,15.918452450328807,0.2439447223964173,TRUE
348016.5,4278182.5,ALMO,122.31217193603516,0,S01.a,M01,15.339828835310636,S02.a,15.37606239348876,0.036233558178125236,TRUE
341202.5,4285116.5,ALMO,86.30901336669922,0,S25,S24.b,17.76941567483509,S24.a,17.820802334861067,0.05138666002597603,TRUE
343244.5,4286959.5,ALMO,98.12452697753906,0,S24.a,S24.b,17.383217703237527,S24.a,17.655290803257696,0.2720731000201688,TRUE
342811.5,4287455.5,ALMO,103.93582153320312,0,S18,S24.b,16.63232146139571,S24.a,16.83402704521018,0.2017055838144728,TRUE
343241.5,4283995.5,ALMO,108.87918853759766,0,S18,S22,16.70899796795148,S18,16.864911071379932,0.15591310342845333,TRUE
347652.5,4280920.5,ALMO,115.95233154296876,0,S02.a,S02.a,11.557383899791175,S02.b,11.661130949174966,0.10374704938379153,TRUE
342076.5,4284566.5,ALMO,103.8384780883789,0,S10.a,S26,11.12377741188689,S10.b,11.757792033506501,0.6340146216196114,TRUE
341418.5,4288956.5,ALMO,98.5998764038086,0,S25,S18,14.993155853584035,S25,14.999346982431362,0.0061911288473268655,TRUE
347178.5,4286485.5,ALMO,115.54306030273438,0,M03,M03,11.877168821374966,S19,12.001347546257502,0.12417872488253678,TRUE
349556.5,4281548.5,ALMO,103.9709701538086,0,S25,S24.b,17.12313520120487,M03,17.14784401145055,0.024708810245680723,TRUE
341160.5,4280566.5,ALMO,97.98566436767578,0,S25,M03,15.503082421150834,S18,15.570600808069257,0.06751838691842238,TRUE
340736.5,4284098.5,ALMO,83.313323974609375,0,S25,S25,19.832288990912524,S17,20.60539647512679,0.7731074842142647,TRUE
340889.5,4284755.5,ALMO,106.86275482177734,0,S18,S18,15.532717821273998,S25,15.592135196193253,0.059417374919254584,TRUE
342733.5,4289941.5,ALMO,102.7783432006836,0,S18,S10.b,16.028140033596085,S06.b,16.0729532373038,0.04481320370771513,TRUE
340742.5,4285101.5,ALMO,103.8731918334961,0,S25,S24.b,16.15842839589985,S25,16.17860546484572,0.02017706894586979,TRUE
339379.5,4291647.5,ALMO,102.99201202392578,0,S25,S18,14.621606513731773,M03,14.657013007612582,0.0354064938808083,TRUE
341250.5,4291296.5,ALMO,107.52811431884766,0,S05.a,M03,15.30327411962439,S22,15.584789804933973,0.28151568530958215,TRUE
338223.5,4287407.5,ALMO,114.19104766845705,0,S18,S18,15.098123777845377,S10.a,15.309375875606055,0.21125209776067777,TRUE
341640.5,4287203.5,ALMO,105.17849731445312,0,S18,S18,13.660603880256833,M03,13.880340584451329,0.21973670419449576,TRUE
342619.5,4281167.5,ALMO,113.92399597167967,0,M03,M03,14.214661791607952,S04.a,14.515197487817382,0.30053569620942966,TRUE
345724.5,4287734.5,ALMO,74.58924865722656,0,S25,S20,19.606643054340203,S25,19.887529831820697,0.28088677748049307,TRUE
340766.5,4288212.5,ALMO,102.34940338134766,0,S24.b,S24.b,17.038239413513786,S24.a,17.343042614556847,0.304803201043061,TRUE
341025.5,4290878.5,ALMO,84.190216064453125,0.890999972820282,S01.a,S26,10.097204051815377,S10.b,10.245796696318916,0.14859264450353926,TRUE
346001.5,4285671.5,ALMO,92.8919677734375,0,S25,S24.b,16.712980463706273,S24.a,16.84914627406791,0.13616581036163566,TRUE
350454.5,4278377.5,ALMO,102.85006713867188,0,S25,S24.b,18.53531505286086,S24.a,18.976451076133724,0.4411360232728647,TRUE
340721.5,4285893.5,ALMO,107.90267181396484,0,S18,S18,15.819721023076664,S24.b,16.008708136292668,0.1889871132160046,TRUE
341421.5,4287692.5,ALMO,88.88658142089844,0,S25,S25,16.06689350719419,S24.b,16.154207129481374,0.08731362228718353,TRUE
345577.5,4283335.5,ALMO,98.56790924072266,0,S24.a,S24.b,18.288013631932603,S24.a,18.57395693320575,0.2859433012731465,TRUE
341433.5,4279968.5,ALMO,78.49994659423828,0,S25,S24.b,16.224872731093644,S24.a,16.41049957103905,0.18562683994540663,TRUE
339415.5,4291761.5,ALMO,103.26729583740234,0,S24.a,S24.b,18.006768168771377,S24.a,18.43534480292482,0.42857663415344405,TRUE
339400.5,4280221.5,ALMO,97.2363510131836,0,S24.a,S24.a,20.042966835504078,S24.b,20.309465810548883,0.26649897504480435,TRUE
340871.5,4286242.5,ALMO,107.74200439453124,0,S05.a,M03,11.46721585697683,S05.a,11.731386526679778,0.26417066970294734,TRUE
341316.5,4281722.5,ALMO,103.6079330444336,0,S24.a,S24.b,16.76492626949272,S24.a,16.894406196454604,0.12947992696188493,TRUE
339892.5,4291962.5,ALMO,99.918060302734375,0,S24.b,S24.b,18.961133726969194,S24.a,19.35938569023914,0.3982519632699457,TRUE
341529.5,4291467.5,ALMO,111.18517303466795,0,S18,S25,14.175153904040439,S18,14.249780403918663,0.07462649987822445,TRUE
340088.5,4279875.5,ALMO,81.70724487304686,0,S24.a,S24.a,19.626613933355465,S24.b,20.10768823178843,0.481074298432965,TRUE
343952.5,4288002.5,ALMO,102.44281768798828,0,S18,S24.b,18.400648632349256,S24.a,18.8818021691265,0.4811535367772457,TRUE
347094.5,4280431.5,ALMO,120.9420394897461,0,S05.a,S04.a,10.069042890351739,M03,10.24314182919925,0.1740989388475107,TRUE
339763.5,4291932.5,ALMO,100.0801239013672,0,S18,S24.b,17.751719887117048,S24.a,18.135805511938216,0.3840856248211679,TRUE
339583.5,4282281.5,ALMO,87.69133758544922,0,S24.a,S24.b,18.099997544767245,S24.a,18.25109206077278,0.1510945160055357,TRUE
340589.5,4285722.5,ALMO,99.6721649169922,0,S24.b,S24.b,16.852843429940478,S24.a,17.27922054923167,0.4263771192911925,TRUE
339700.5,4283263.5,ALMO,93.1564483642578,0,S24.a,S24.b,18.431787398961006,S24.a,18.590960618386877,0.15917321942587037,TRUE
346706.5,4285626.5,ALMO,94.39107513427734,0.06100000068545341,S18,S24.b,16.342890952585275,S18,16.526718870786056,0.18382791820078026,TRUE
342049.5,4282212.5,ALMO,103.8035659790039,0.40299999713897705,S25,S25,15.992058268525614,S04.b,16.18312282300864,0.1910645544830274,TRUE
337826.5,4288650.5,ALMO,99.03545379638672,0,S25,S24.b,17.189991426898985,S24.a,17.36272719982086,0.17273577292187525,TRUE
340244.5,4283539.5,ALMO,98.47649383544922,0,S24.b,S24.b,18.112339451704543,S24.a,18.383852290227942,0.2715128385233996,TRUE
338073.5,4292806.5,ALMO,102.20989990234376,0,S18,S24.b,16.590865177106863,S18,16.77236463353911,0.1814994564322454,TRUE
341436.5,4289089.5,ALMO,95.7818374633789,0,S18,S24.b,16.432278001027,S24.a,16.707835629009125,0.27555762798212413,TRUE
347406.5,4283866.5,ALMO,91.318603515625,0,S22,S24.b,17.156728619539745,S24.a,17.306886952254292,0.15015833271454682,TRUE
341664.5,4291764.5,ALMO,102.7705535888672,0,S18,S02.a,13.637019083721611,S04.b,13.675171997480776,0.03815291375916452,TRUE
346790.5,4290110.5,ALMO,103.45804595947266,0.10199999809265135,S25,S25,13.084461360759422,S04.b,14.114877615068076,1.0304162543086548,TRUE
340352.5,4280842.5,ALMO,96.159454345703125,0,S05.a,M03,10.773610794913015,S10.b,10.849224368101044,0.07561357318802919,TRUE
341838.5,4288449.5,ALMO,98.96360778808594,0,S25,M03,12.465375174986566,S18,12.681499998963844,0.21612482397727817,TRUE
339799.5,4292512.5,ALMO,97.1714324951172,0,S25,S24.b,17.360830915110984,S22,17.56095295252672,0.20012203741573487,TRUE
341139.5,4281113.5,ALMO,97.80697631835936,0,S18,S18,14.97198260290106,S25,15.218659376683878,0.24667677378281816,TRUE
351148.5,4280587.5,ALMO,103.82276153564452,0,S25,S24.b,18.88807269314398,S24.a,19.011312540254984,0.12323984711100522,TRUE
340658.5,4283938.5,ALMO,88.662933349609375,0,S25,S24.a,18.532458316787007,S24.b,18.601652482197704,0.06919416541069623,TRUE
343841.5,4288461.5,ALMO,100.10296630859376,0,S18,S18,16.127094347239648,S24.b,16.168370903433637,0.04127655619398851,TRUE
342040.5,4290059.5,ALMO,105.19854736328124,0,S19,S10.b,10.983476886178797,S19,11.182196107504984,0.19871922132618636,TRUE
340763.5,4282446.5,ALMO,101.1657485961914,0,S22,S22,17.41554415496823,S24.b,17.69283418931659,0.27729003434835775,TRUE
341265.5,4281083.5,ALMO,102.8832550048828,0,S18,S24.b,16.09262851322692,S24.a,16.29272014360852,0.20009163038159983,TRUE
338661.5,4287344.5,ALMO,101.12881469726562,0,S18,S24.b,17.320117660610183,S24.a,17.427597434192087,0.10747977358190397,TRUE
340463.5,4279695.5,ALMO,82.0597915649414,0,S25,S24.b,17.48333901287518,S24.a,17.590124135875975,0.1067851230007939,TRUE
346091.5,4286113.5,ALMO,88.79558563232422,0,S18,S24.b,18.957271703247613,S24.a,19.200310651665628,0.24303894841801466,TRUE
348847.5,4284380.5,ALMO,110.97267150878906,0.8050000071525574,S18,M03,17.663393838790277,S02.a,17.690207067298502,0.02681322850822454,TRUE
345823.5,4285818.5,ALMO,104.98826599121094,0,S25,S24.b,17.041358060462922,S24.a,17.243960679166378,0.2026026187034553,TRUE
341010.5,4287608.5,ALMO,85.13672637939453,0,S25,S25,18.051759564003827,S24.b,18.439293113758414,0.3875335497545862,TRUE
338595.5,4283077.5,ALMO,103.43156433105467,0,S22,S22,16.01066450429176,S18,16.2117992534499,0.20113474915813967,TRUE
350493.5,4288722.5,ALMO,111.37510681152344,0,S01.a,S02.a,14.320463278381485,S02.b,14.38951840280905,0.06905512442756567,TRUE
342940.5,4281818.5,ALMO,117.29268646240234,0,S24.b,S24.b,17.387476982322923,S24.a,17.825613914031337,0.4381369317084136,TRUE
347370.5,4284029.5,ALMO,94.19634246826172,0,S25,S25,15.867788588526482,S18,15.989271662693493,0.12148307416701165,TRUE
339847.5,4280080.5,ALMO,93.0295639038086,0,S24.a,S24.a,18.78117792928707,S24.b,18.8863500848132,0.10517215552612669,TRUE
348928.5,4283083.5,ALMO,115.56485748291016,0,S26,S10.b,8.677904865518144,S04.a,8.791831708383713,0.11392684286556864,TRUE
340394.5,4291518.5,ALMO,103.12992095947266,0,S05.a,S18,14.204505434392685,M03,14.250114809521552,0.04560937512886731,TRUE
347514.5,4281446.5,ALMO,86.56829071044922,0,S25,S25,16.13575781698967,S04.b,16.47057302224479,0.33481520525511854,TRUE
349268.5,4283536.5,ALMO,110.89110565185548,0,M03,M03,14.42721780427804,S02.a,14.457251535222987,0.030033730944946768,TRUE
349589.5,4277587.5,ALMO,103.99082946777344,0,M03,M03,14.922311753539496,S04.a,15.24209516474249,0.31978341120299447,TRUE
342883.5,4287932.5,ALMO,87.99742126464844,0,S24.b,S24.b,16.6818347921255,S24.a,17.136556620767088,0.4547218286415884,TRUE
349184.5,4281893.5,ALMO,110.41625213623048,0,S18,S18,15.163228720234198,S24.b,15.295299048036481,0.13207032780228367,TRUE
348100.5,4289980.5,ALMO,96.9315414428711,0,S22,S22,22.49547638385583,S25,22.830049686495926,0.334573302640095,TRUE
340451.5,4285386.5,ALMO,98.08314514160156,0,S18,M03,14.909695017790394,S01.b,14.972937343326263,0.06324232553586917,TRUE
347592.5,4281734.5,ALMO,100.0019760131836,0,S18,S25,15.966158478187731,S18,16.050777667138295,0.08461918895056364,TRUE
341190.5,4286272.5,ALMO,109.17984008789062,0,S18,S18,15.7931379456975,S24.b,16.13808517763412,0.34494723193662047,TRUE
342133.5,4285602.5,ALMO,107.71592712402344,0,S25,S24.b,17.142072324133853,S25,17.284874249459328,0.1428019253254753,TRUE
338112.5,4292239.5,ALMO,102.5340576171875,0.8130000233650208,S24.a,S24.b,21.240798755020077,S24.a,21.68870219277642,0.4479034377563451,TRUE
344298.5,4283494.5,ALMO,118.17021942138672,0,S05.a,S04.a,12.98268115346428,M03,13.084745194708752,0.10206404124447133,TRUE
340364.5,4287524.5,ALMO,104.77611541748048,0,S24.b,S24.b,18.79688200391209,S24.a,19.148860675950747,0.3519786720386584,TRUE
349067.5,4282017.5,ALMO,112.07479095458984,0,S05.a,M03,13.142117318112806,S04.a,13.241242153863876,0.0991248357510699,TRUE
339919.5,4281824.5,ALMO,95.39478302001952,0,S24.a,S24.b,17.73168096251464,S24.a,17.978958797451128,0.24727783493648658,TRUE
341820.5,4287866.5,ALMO,108.26044464111328,0,S18,S18,13.664149059694061,S10.a,13.9033343327441,0.23918527305003856,TRUE
341712.5,4281254.5,ALMO,106.55319213867188,0,S18,S24.b,15.953584465765736,S18,16.125119125925774,0.17153466016003804,TRUE
339727.5,4291746.5,ALMO,101.32540130615234,0,S05.a,S22,15.604507632131885,S05.a,15.993771895707903,0.3892642635760186,TRUE
348118.5,4286767.5,ALMO,119.17552947998048,0,S01.a,S02.a,13.457003173329358,S02.b,13.508287912985756,0.05128473965639735,TRUE
342316.5,4288236.5,ALMO,95.05451202392578,0,S18,S24.b,15.76981601169775,S24.a,16.065697294573017,0.29588128287526594,TRUE
348223.5,4281353.5,ALMO,112.12777709960938,0,S22,S22,17.399452530517376,M03,17.909827183641404,0.5103746531240283,TRUE
340520.5,4280377.5,ALMO,110.36720275878906,0,S18,S24.b,17.08549879944963,S24.a,17.242772505119614,0.1572737056699829,TRUE
340319.5,4286170.5,ALMO,103.4040756225586,0,S24.a,S24.b,17.816888715205987,S24.a,17.93718935039824,0.12030063519225109,TRUE
349304.5,4280332.5,ALMO,104.55186462402344,0,S25,S25,16.190319629567117,S24.a,16.343999693275368,0.1536800637082507,TRUE
340499.5,4283512.5,ALMO,101.32305908203124,0,S22,S24.b,18.138372379980403,S24.a,18.37020106536923,0.23182868538882673,TRUE
340889.5,4280680.5,ALMO,95.908447265625,0,S18,S24.b,17.00930802185841,S24.a,17.323766687106172,0.3144586652477628,TRUE
339328.5,4284710.5,ALMO,95.499755859375,0,S25,S24.b,20.194269104253785,S25,20.29858586549481,0.10431676124102651,TRUE
337985.5,4285899.5,ALMO,107.4365463256836,0,S18,S18,13.983517479421417,S10.a,14.569148283228984,0.5856308038075664,TRUE
346940.5,4281821.5,ALMO,114.8496322631836,0,S18,S18,14.812671824646454,S02.a,14.989627235711632,0.17695541106517787,TRUE
343436.5,4288242.5,ALMO,113.22483825683594,0,S01.a,S10.b,12.176332400976207,S10.a,12.48513261026621,0.30880020929000196,TRUE
340595.5,4283458.5,ALMO,90.27992248535156,0,S25,S24.a,18.74046894957366,S24.b,18.7491410326317,0.008672083058041125,TRUE
340547.5,4281992.5,ALMO,98.40869903564452,0,S05.a,M03,15.798676777376276,S01.b,15.94864595598274,0.14996917860646342,TRUE
348070.5,4279860.5,ALMO,111.56785583496094,0,S18,S24.b,16.055304322850535,S24.a,16.105996783162055,0.05069246031152019,TRUE
340364.5,4285884.5,ALMO,99.73477935791016,0,S18,S24.b,16.9510334964996,S24.a,17.139287774620925,0.1882542781213239,TRUE
341082.5,4288554.5,ALMO,106.147705078125,0,S18,S18,14.145453784850677,M03,14.223776648028117,0.07832286317744064,TRUE
337868.5,4288722.5,ALMO,100.9285659790039,0,S04.b,M04,13.596572019925617,S01.b,13.605361166095294,0.008789146169677409,TRUE
350853.5,4282407.5,ALMO,114.10489654541016,0,M03,S24.b,17.609761880916363,S22,17.729699484121056,0.11993760320469349,TRUE
347448.5,4282494.5,ALMO,100.29766082763672,0,S18,S18,15.524150339973701,M03,15.753841430683913,0.22969109071021165,TRUE
338922.5,4284101.5,ALMO,86.7109375,0,S24.a,S24.b,18.15963661313017,S24.a,18.266258468083965,0.10662185495379362,TRUE
341379.5,4290110.5,ALMO,95.9453582763672,0,S25,S25,14.640965808972485,S01.b,14.836153463036055,0.1951876540635702,TRUE
340178.5,4284416.5,ALMO,99.685089111328125,0,S24.a,S24.b,16.791585058915214,S24.a,16.925641128262548,0.13405606934733427,TRUE
341355.5,4287605.5,ALMO,100.67445373535156,0,S25,S18,16.66120302409509,S25,16.703546322511283,0.042343298416192,TRUE
340679.5,4281065.5,ALMO,93.63646697998048,0,S22,S24.b,19.362391024901225,S24.a,19.653024740557317,0.2906337156560923,TRUE
340862.5,4290311.5,ALMO,100.80254364013672,0,S18,S18,14.490772648828864,S25,14.69030688439938,0.19953423557051586,TRUE
341001.5,4291473.5,ALMO,102.38402557373048,0,S18,S18,14.8873791366151,M03,15.258038775017706,0.3706596384026053,TRUE
347061.5,4285188.5,ALMO,102.59156799316406,0,M03,S21,20.90651327627571,S25,22.741249774367457,1.8347364980917469,TRUE
341190.5,4279818.5,ALMO,85.81596374511719,0,S18,S24.a,17.20553150933932,S24.b,17.222432058692924,0.016900549353604077,TRUE
341598.5,4280176.5,ALMO,103.3437728881836,0,S22,S24.a,18.808346507954305,S24.b,18.940195180377188,0.13184867242288334,TRUE
339244.5,4291827.5,ALMO,102.70077514648438,0,S24.b,S24.b,17.88806010628593,S24.a,18.20534566188131,0.3172855555953795,TRUE
343499.5,4283365.5,ALMO,86.77103424072266,0,S24.b,S24.b,17.060079089606823,S24.a,17.29364571479553,0.23356662518870763,TRUE
338757.5,4281479.5,ALMO,104.76793670654295,0,S18,S24.b,18.44775752388054,S24.a,18.800921846429084,0.3531643225485439,TRUE
341175.5,4286086.5,ALMO,114.69853973388672,0,M03,M03,11.844196990193527,S04.a,12.188246007817188,0.3440490176236608,TRUE
346889.5,4280389.5,ALMO,124.88246154785156,0,S01.b,S04.a,12.007431006052366,M03,12.039140670194667,0.031709664142301364,TRUE
342898.5,4287497.5,ALMO,101.45073699951172,0,S24.b,S24.b,17.72438790661147,S24.a,18.216307863235567,0.4919199566240984,TRUE
337781.5,4289974.5,ALMO,95.18714141845705,0,S25,S24.b,15.580099989278827,S24.a,15.707069732622172,0.126969743343345,TRUE
339166.5,4286743.5,ALMO,98.15228271484376,0,S05.a,M03,13.857824311812669,S04.a,13.888737726644509,0.030913414831839958,TRUE
342355.5,4288404.5,ALMO,101.50418853759766,0,S18,S18,14.633769793405838,S24.b,14.700121580040395,0.06635178663455754,TRUE
340928.5,4281041.5,ALMO,89.4569091796875,0,S25,S24.b,17.156867740487787,S24.a,17.316033119324175,0.15916537883638782,TRUE
342496.5,4290086.5,ALMO,104.45931243896484,0,S05.a,S18,12.971578273007129,M03,13.190546400510717,0.2189681275035884,TRUE
344847.5,4280242.5,ALMO,110.7110824584961,0,S18,S02.a,16.58300108840207,S04.a,16.706583578173184,0.1235824897711133,TRUE
340766.5,4283119.5,ALMO,87.358978271484375,0,S24.a,S24.b,19.471349976953586,S24.a,19.752106317671615,0.28075634071802824,TRUE
339271.5,4291215.5,ALMO,99.42023468017578,0,S18,S24.b,16.02047450546465,S24.a,16.38290619601561,0.3624316905509595,TRUE
348859.5,4282212.5,ALMO,105.84374237060548,0,S25,M03,16.28634486950671,S25,16.304855127338342,0.018510257831632515,TRUE
348496.5,4276995.5,ALMO,106.54479217529295,0,S02.a,S02.a,13.155440931558907,S02.b,13.279631605649534,0.12419067409062734,TRUE
348040.5,4286608.5,ALMO,122.48212432861328,0,S18,S18,15.109760602142098,S24.b,15.23647430709516,0.12671370495306178,TRUE
340328.5,4285110.5,ALMO,98.23666381835936,0,S18,S24.b,16.86329181925673,S24.a,17.26315608865117,0.3998642693944383,TRUE
341766.5,4288854.5,ALMO,98.14569854736328,0,S18,S18,15.83000909531849,S24.b,15.890494510421469,0.060485415102979445,TRUE
349346.5,4284530.5,ALMO,104.29763793945312,0,S18,S24.b,17.502870171684606,S24.a,17.59987135225668,0.09700118057207519,TRUE
343913.5,4285971.5,ALMO,108.2777099609375,0,S18,S24.b,17.469362717840365,S24.a,17.839716084137148,0.37035336629678284,TRUE
341973.5,4285584.5,ALMO,97.691680908203125,0,S18,S24.b,16.091386938409098,S24.a,16.331340907356058,0.23995396894695986,TRUE
348817.5,4277593.5,ALMO,115.24498748779295,0,S02.a,S02.a,13.413909020747196,S02.b,13.496868759566075,0.08295973881887875,TRUE
342853.5,4283593.5,ALMO,94.94039154052734,0,S24.b,S24.b,16.86454833938734,S24.a,17.136830144859243,0.27228180547190206,TRUE
340574.5,4290926.5,ALMO,98.9609375,0,S25,S25,17.367490765387526,S01.b,17.81442221939888,0.4469314540113558,TRUE
340622.5,4282569.5,ALMO,88.40510559082031,0,S24.a,S24.b,18.261534529969822,S24.a,18.394390090045444,0.1328555600756225,TRUE
345925.5,4285731.5,ALMO,103.73910522460938,0,S05.a,M03,14.646559944584471,S18,14.682073884740072,0.035513940155601276,TRUE
341913.5,4288737.5,ALMO,99.023406982421875,0,S05.a,M03,13.64098542546056,S25,13.934810550725524,0.2938251252649646,TRUE
348193.5,4283293.5,ALMO,108.56954193115234,0,S25,S18,16.499783248171056,S24.b,16.51367378719745,0.013890539026395032,TRUE
338007.5,4286806.5,ALMO,108.299072265625,0,S25,S24.b,16.18068264446168,S24.a,16.495703404640096,0.31502076017841674,TRUE
344262.5,4284263.5,ALMO,120.97228240966795,0,S22,S22,19.523769698595117,M03,20.78458934230429,1.2608196437091728,TRUE
343826.5,4286134.5,ALMO,111.19012451171876,0,S24.a,S24.b,18.085137050193396,S24.a,18.34151184907174,0.256374798878344,TRUE
341058.5,4291320.5,ALMO,106.50138854980467,0,S18,S18,16.033579558672006,S24.b,16.069248744177663,0.03566918550565745,TRUE
340643.5,4285194.5,ALMO,98.7343978881836,0,S18,S02.a,14.537268478119733,M04,14.602468005436386,0.06519952731665235,TRUE
346505.5,4282260.5,ALMO,111.75211334228516,0,M03,S22,17.72618580255108,M03,18.11961860618452,0.39343280363344135,TRUE
339805.5,4282377.5,ALMO,89.049652099609375,0,S24.a,S24.b,19.51052696162987,S24.a,19.789897284399895,0.27937032277002416,TRUE
338973.5,4292113.5,ALMO,98.5771942138672,0,S18,S18,17.930897246502692,M03,17.9643897189577,0.03349247245500919,TRUE
343085.5,4288464.5,ALMO,89.22661590576172,0,S25,S01.b,16.483145316238623,S25,16.637378835451404,0.15423351921278083,TRUE
344685.5,4280209.5,ALMO,102.44721221923828,0,M03,M03,14.690893315705393,S05.a,14.99164150757434,0.3007481918689461,TRUE
342574.5,4281476.5,ALMO,106.6949234008789,0,S25,S25,16.539172288349672,S24.b,16.81489457074133,0.2757222823916585,TRUE
346778.5,4283551.5,ALMO,103.48062133789062,0,S18,S18,15.725006042736926,M03,15.942429677449608,0.21742363471268256,TRUE
341607.5,4291530.5,ALMO,92.348663330078125,0,S25,S24.b,17.596258587278395,S24.a,18.049767708371547,0.4535091210931519,TRUE
340976.5,4287944.5,ALMO,98.71311950683594,0,S24.a,S24.b,16.5420808402159,S24.a,16.56500100028973,0.022920160073830687,TRUE
342625.5,4281341.5,ALMO,113.5301742553711,0,S05.a,M03,12.657671460742666,S04.a,12.919119768174669,0.2614483074320031,TRUE
346106.5,4283314.5,ALMO,114.5202178955078,0,S05.a,M03,15.456999588583445,S18,15.599696993060487,0.14269740447704216,TRUE
345925.5,4285611.5,ALMO,91.1934814453125,0,S22,S24.b,18.496826702525418,S22,18.818818280094472,0.3219915775690545,TRUE
346232.5,4287176.5,ALMO,109.30928802490234,0,S22,S22,17.20596600601339,S18,18.18263309035246,0.9766670843390699,TRUE
340712.5,4283272.5,ALMO,87.83272552490234,0,S25,S25,20.61886144746949,S24.a,21.09207284581914,0.47321139834964754,TRUE
342376.5,4280452.5,ALMO,82.96302032470703,0,S24.a,S24.a,16.756322028170956,S24.b,16.915589568735125,0.15926754056416925,TRUE
342415.5,4288413.5,ALMO,101.83091735839844,0,S18,S24.b,15.531500644129482,S18,15.612954112804392,0.08145346867491021,TRUE
349175.5,4281920.5,ALMO,114.513671875,0,M03,M03,12.50546648848804,S05.a,12.762185328057921,0.2567188395698814,TRUE
339073.5,4292794.5,ALMO,81.003997802734375,0,S25,S24.b,16.837722142083617,S25,17.068704603591662,0.23098246150804513,TRUE
344232.5,4288740.5,ALMO,75.9497299194336,0,S25,S24.a,19.176519736869967,S24.b,19.331897518850955,0.15537778198098806,TRUE
341316.5,4281062.5,ALMO,104.4798355102539,0,S18,S24.b,18.087210711761625,S24.a,18.278191570723372,0.19098085896174766,TRUE
342553.5,4287416.5,ALMO,106.70073699951172,0.47999998927116394,M03,M03,10.870164008201904,S04.a,11.16609325319463,0.29592924499272577,TRUE
348697.5,4278752.5,ALMO,84.43890380859375,0,S24.a,S24.b,18.248823407746848,S24.a,18.39431989686147,0.14549648911462398,TRUE
341772.5,4285323.5,ALMO,95.39986419677734,0,S24.a,S24.b,16.555877476143134,S24.a,16.769694035264855,0.21381655912172093,TRUE
343859.5,4282536.5,ALMO,87.41604614257811,0,S25,S24.b,17.01072457994702,S24.a,17.258257777174236,0.24753319722721656,TRUE
344475.5,4282860.5,ALMO,93.1686782836914,0,S24.b,S24.b,17.435066661753318,S24.a,17.78656903584892,0.3515023740956025,TRUE
340913.5,4280734.5,ALMO,94.85433959960936,0,S18,S24.b,17.989136093925925,S24.a,18.29223212230534,0.3030960283794144,TRUE
350655.5,4283650.5,ALMO,111.41021728515624,2.315999984741211,S02.a,S02.a,16.848026536164234,S02.b,16.94441103685212,0.09638450068788629,TRUE
340595.5,4287239.5,ALMO,106.7612762451172,0,S25,S24.b,17.374048051750396,S24.a,17.50496466703777,0.1309166152873722,TRUE
338916.5,4292089.5,ALMO,101.42027282714844,0,S22,S24.b,17.584929405880107,S18,18.029554599118374,0.44462519323826655,TRUE
337793.5,4290626.5,ALMO,102.9769515991211,0,S18,S24.b,17.244298469384855,S24.a,17.5177652617007,0.27346679231584403,TRUE
340886.5,4280155.5,ALMO,110.67103576660156,0,S05.a,M03,14.461060300601023,S18,14.619207668156342,0.1581473675553191,TRUE
341502.5,4284971.5,ALMO,96.46153259277344,0,S25,S24.b,16.34502637967373,S24.a,16.526585060802155,0.18155868112842555,TRUE
344421.5,4285536.5,ALMO,111.51558685302734,0,S05.a,M03,14.491886055465622,S18,14.833674729522965,0.3417886740573426,TRUE
337913.5,4285914.5,ALMO,107.61734771728516,0,S24.a,S24.b,17.342714717691894,S24.a,17.613900839916425,0.2711861222245311,TRUE
341979.5,4280050.5,ALMO,81.30622863769531,0,S25,S24.a,18.058938828577663,S24.b,18.169333120021765,0.11039429144410207,TRUE
347808.5,4288518.5,ALMO,83.50518798828125,0.781000018119812,S04.b,S10.b,14.612636321435955,S02.a,14.661128455849774,0.04849213441381828,TRUE
342640.5,4281299.5,ALMO,116.6405258178711,0,S18,S02.a,13.665314541248552,S18,13.692681337103382,0.027366795854829817,TRUE
349868.5,4281836.5,ALMO,98.47010040283205,0,S01.b,M03,12.073539492236751,S04.a,12.1991609237166,0.12562143147984806,TRUE
345544.5,4285689.5,ALMO,108.77466583251952,0,S18,S18,14.561538895948265,S02.a,15.038216680730862,0.4766777847825967,TRUE
340250.5,4290095.5,ALMO,100.89129638671876,0,S19,S10.c,9.526299187557981,S10.a,9.850160920665516,0.32386173310753463,TRUE
338292.5,4284905.5,ALMO,100.33958435058594,0,S01.a,S25,14.230444889151626,M04,14.282056609079433,0.05161171992780744,TRUE
338715.5,4285122.5,ALMO,95.56365966796876,0,S22,S22,15.761252699345642,S18,15.775389512263471,0.014136812917829644,TRUE
341910.5,4279890.5,ALMO,92.27880859375,0,S18,S24.b,15.990947475629827,S24.a,16.037647658372382,0.04670018274255483,TRUE
343346.5,4289674.5,ALMO,87.74394226074219,0,S25,S24.b,17.63293570797322,S24.a,18.06399097261173,0.4310552646385091,TRUE
349817.5,4278224.5,ALMO,88.3767318725586,0,S25,M03,16.266480557567828,S18,16.28345783496592,0.016977277398090962,TRUE
341172.5,4281290.5,ALMO,103.2701644897461,0,S18,S24.b,17.364287127148966,S24.a,17.619419193691055,0.25513206654208886,TRUE
341286.5,4282908.5,ALMO,89.26695251464844,0,S24.a,S24.b,18.954319562413122,S24.a,19.338016912180368,0.383697349767246,TRUE
340142.5,4286365.5,ALMO,104.14968872070312,0,S18,S24.b,18.747168241753936,S24.a,19.090992447884926,0.3438242061309893,TRUE
346286.5,4283368.5,ALMO,107.14729309082033,0,S18,S18,16.962284625146694,S22,17.145453365793188,0.1831687406464937,TRUE
348340.5,4279524.5,ALMO,111.88787841796876,0,S18,S24.a,17.39256169448155,S24.b,17.397251406535503,0.004689712053952633,TRUE
338526.5,4283344.5,ALMO,100.81095123291016,0,S24.a,S24.b,17.385967682558558,S24.a,17.610439620932464,0.224471938373906,TRUE
339253.5,4286356.5,ALMO,95.2247543334961,0.640999972820282,S25,S24.a,18.433256389685493,S25,18.577234559874196,0.14397817018870285,TRUE
350760.5,4291356.5,ALMO,103.6002960205078,0,S22,S24.b,21.992186803578544,S24.a,22.769791535846295,0.7776047322677506,TRUE
343562.5,4284956.5,ALMO,107.4338836669922,0,S24.b,S24.b,17.13894739177709,S24.a,17.337839123200666,0.19889173142357564,TRUE
347847.5,4279206.5,ALMO,119.60867309570312,0,M03,S04.a,12.564012610833997,M03,12.674528707231033,0.11051609639703663,TRUE
348436.5,4280479.5,ALMO,111.38007354736328,0,M03,M03,16.115255330444356,S04.a,16.40163146800996,0.286376137565604,TRUE
348793.5,4288770.5,ALMO,105.98011779785156,0,S18,S18,7.199725165973753,M03,7.829568219664532,0.6298430536907791,TRUE
344538.5,4285764.5,ALMO,102.93400573730467,0,S24.b,S24.b,15.919246738000647,S24.a,16.35453529873188,0.435288560731232,TRUE
345424.5,4285776.5,ALMO,102.60199737548828,0,S18,S24.b,18.258198419205304,S24.a,18.592121315678693,0.33392289647338913,TRUE
345118.5,4282218.5,ALMO,109.30970764160156,0,S25,S24.b,17.547327082784346,S24.a,17.907845633170375,0.3605185503860291,TRUE
348889.5,4279389.5,ALMO,98.263427734375,0,S24.b,S25,16.664043075811392,S24.b,16.66987999498315,0.005836919171759547,TRUE
340481.5,4288224.5,ALMO,103.0912857055664,0,S18,S24.b,17.175594785144213,S24.a,17.711798423435894,0.5362036382916813,TRUE
346823.5,4287206.5,ALMO,108.8033218383789,0,S25,S24.b,17.839412585547105,S24.a,17.991986299086456,0.15257371353935056,TRUE
349808.5,4282575.5,ALMO,113.64852905273438,0,M03,M03,9.59553230164464,S19,10.148010037572945,0.5524777359283046,TRUE
342190.5,4284248.5,ALMO,96.42829132080078,0,S18,S18,15.744454875808168,M03,16.033753920473764,0.2892990446655954,TRUE
341520.5,4280686.5,ALMO,99.102630615234375,0.18799999356269836,S18,S24.b,17.22934959674212,S24.a,17.6914131567372,0.4620635599950802,TRUE
350199.5,4287122.5,ALMO,115.63150787353516,0,S02.a,S02.b,14.500672459836242,S02.a,14.59300205657065,0.09232959673440888,TRUE
339682.5,4282056.5,ALMO,85.51152801513672,0,S24.a,S24.b,18.989807729798187,S24.a,19.044698683300414,0.054890953502226836,TRUE
340049.5,4280569.5,ALMO,103.20519256591795,0,S25,S18,15.897590075292822,M03,15.949254574060141,0.0516644987673196,TRUE
343952.5,4281968.5,ALMO,96.4656982421875,0,S25,S24.b,15.886909679786543,S24.a,16.070438316385708,0.1835286365991653,TRUE
345412.5,4283338.5,ALMO,103.57917785644533,0,S25,S22,17.75393891704834,S24.b,17.841052437764265,0.08711352071592415,TRUE
343220.5,4286911.5,ALMO,95.48430633544922,0.1720000058412552,S24.a,S24.b,17.633490762531952,S24.a,17.951376500974256,0.3178857384423033,TRUE
339502.5,4291602.5,ALMO,102.35181427001952,0,S24.b,S24.b,18.988383095027483,S24.a,19.477832853819436,0.4894497587919524,TRUE
342181.5,4286176.5,ALMO,108.85250091552734,0,S18,S18,14.25282664251426,S02.a,15.026690142050867,0.773863499536608,TRUE
341214.5,4281890.5,ALMO,102.39462280273438,0,S18,S24.b,16.708019136998388,S18,17.00251252388143,0.2944933868830404,TRUE
341619.5,4283776.5,ALMO,87.36221313476561,0,S25,S24.b,16.15941817073332,S25,16.34370546208828,0.18428729135495914,TRUE
342526.5,4282233.5,ALMO,110.44754791259766,0,S01.a,S04.a,9.890907637869253,M03,10.154142068292474,0.26323443042322126,TRUE
347139.5,4283158.5,ALMO,110.9629135131836,0,S25,S22,18.184114703193032,M03,18.787419513698463,0.6033048105054313,TRUE
345325.5,4280077.5,ALMO,94.86351013183594,0,S25,S25,18.93527294890948,S20,19.19477886755771,0.25950591864823025,TRUE
346802.5,4280668.5,ALMO,84.12042999267578,0,S25,S25,14.704266467948152,M03,14.84976696079685,0.14550049284869893,TRUE
348256.5,4279539.5,ALMO,115.14411926269533,0,S18,S18,15.079158170468576,S02.a,15.294673056277116,0.21551488580854006,TRUE
340595.5,4290092.5,ALMO,100.71865844726562,0,S25,S24.a,16.17790219033726,S24.b,16.24008974902084,0.06218755868357917,TRUE
343595.5,4283344.5,ALMO,105.81582641601562,0,S18,S04.a,15.1341340344478,M03,15.197339189554006,0.06320515510620517,TRUE
347460.5,4281512.5,ALMO,113.07040405273438,0,M03,M03,14.459851263275581,S04.a,14.793719321540022,0.3338680582644411,TRUE
347982.5,4284311.5,ALMO,93.22014617919922,0,S25,S24.b,15.811963841211059,M03,15.889691365774125,0.0777275245630662,TRUE
344586.5,4285500.5,ALMO,104.06134033203124,0,S25,S24.b,17.31362891856497,S24.a,17.450573826116162,0.13694490755119304,TRUE
341739.5,4286134.5,ALMO,118.44326782226562,0,S18,S18,15.797149224436954,S10.a,15.849450623599516,0.05230139916256249,TRUE
348646.5,4277668.5,ALMO,118.03572082519533,0,S18,M03,14.59032340676896,S02.a,14.727311131622477,0.13698772485351718,TRUE
346157.5,4279485.5,ALMO,125.83168029785156,0,S02.a,S02.a,11.166460593378748,S04.a,11.392128754658478,0.22566816127972977,TRUE
340598.5,4285308.5,ALMO,96.35882568359376,0,S18,S24.b,16.88304548314893,S24.a,17.05368336276358,0.17063787961464882,TRUE
341352.5,4281038.5,ALMO,104.3901596069336,0,S18,S24.b,16.496989225971802,S24.a,16.750027021254326,0.25303779528252335,TRUE
340265.5,4292329.5,ALMO,102.09976196289062,0,S18,S24.b,16.428593090154617,S24.a,16.593829270359322,0.16523618020470465,TRUE
348517.5,4280344.5,ALMO,91.29491424560548,0,S24.a,S24.a,18.083485232994065,S24.b,18.089916316188358,0.006431083194293308,TRUE
349538.5,4278065.5,ALMO,112.09609985351562,0,S18,S02.a,14.117192652516676,M03,14.144248768808046,0.027056116291369392,TRUE
338328.5,4284863.5,ALMO,99.43431091308594,0,S25,S24.b,15.954490864396083,S25,16.188703294130445,0.2342124297343613,TRUE
347706.5,4278572.5,ALMO,113.33845520019533,0,S01.a,S02.a,14.571242829547076,S04.b,14.611192843990022,0.03995001444294566,TRUE
342271.5,4291758.5,ALMO,94.20975494384766,0,S25,M03,14.82439212933661,S01.b,14.975513101848094,0.1511209725114835,TRUE
338322.5,4283296.5,ALMO,88.83538055419922,0,S24.a,S24.b,18.211128465034175,S24.a,18.34823520366607,0.13710673863189626,TRUE
347655.5,4280923.5,ALMO,115.95233154296876,0,S18,S18,13.18017222327105,S02.a,13.201947301238011,0.021775077966960765,TRUE
343169.5,4283452.5,ALMO,87.93425750732422,0,S24.b,S24.b,17.26154142667113,S24.a,17.582518174216144,0.32097674754501426,TRUE
343358.5,4282107.5,ALMO,106.4457550048828,0,S24.b,S24.b,16.133849633376652,S24.a,16.538817118422212,0.40496748504556024,TRUE
342079.5,4286554.5,ALMO,111.9382095336914,0,S01.a,S02.a,13.438998949447644,S04.a,13.606090300896462,0.1670913514488177,TRUE
341217.5,4291383.5,ALMO,110.937744140625,0,S05.a,M03,14.634397655024415,S05.a,14.879367837651046,0.24497018262663062,TRUE
339439.5,4291458.5,ALMO,101.93826293945312,0,S24.b,S24.b,19.741826118702154,S24.a,20.22053582357305,0.4787097048708979,TRUE
340271.5,4283908.5,ALMO,94.00782775878906,0,S25,S24.b,17.513398334686393,S24.a,17.682338801866358,0.16894046717996503,TRUE
339511.5,4283992.5,ALMO,92.2759246826172,0,S24.a,S24.b,18.813715564946136,S24.a,19.10501223406675,0.29129666912061225,TRUE
341043.5,4283782.5,ALMO,97.60858917236328,0,S18,S24.b,16.522439321223,S24.a,16.712910357310882,0.19047103608788163,TRUE
343991.5,4286482.5,ALMO,96.25006103515624,0,S22,S22,17.918188464265096,S01.b,18.929364437224812,1.011175972959716,TRUE
344106.5,4286446.5,ALMO,98.02922058105467,0,S18,S24.a,17.97974095407254,S24.b,17.990146975821283,0.010406021748742944,TRUE
340613.5,4291110.5,ALMO,101.32095336914062,0,S22,S18,16.56028884309569,S24.b,16.871725928949488,0.3114370858537967,TRUE
347685.5,4288014.5,ALMO,101.84234619140624,0,S18,S18,15.179594520116831,S24.b,15.301841286971154,0.12224676685432279,TRUE
347625.5,4281617.5,ALMO,104.47351837158205,0,S18,S18,15.737549595410941,S24.b,16.169823583669803,0.43227398825886176,TRUE
349448.5,4289524.5,ALMO,74.30304718017578,0,S25,S25,17.521091471176113,S17,17.87360223148363,0.35251076030751705,TRUE
340541.5,4286209.5,ALMO,106.58367919921876,0,S18,S18,14.997864907901628,M03,15.308940985634637,0.31107607773300927,TRUE
347616.5,4281611.5,ALMO,101.42120361328124,0,S25,S18,15.291695396802298,M03,15.567013101015071,0.2753177042127728,TRUE
343073.5,4286575.5,ALMO,107.11614227294922,0,S22,S24.b,18.89895674854808,S24.a,19.174799253617238,0.2758425050691571,TRUE
340601.5,4291380.5,ALMO,104.06033325195312,0,S18,S18,16.63196015723734,S24.b,16.695627682294635,0.06366752505729423,TRUE
342085.5,4281887.5,ALMO,107.56465911865234,0,S18,S18,15.477779175717856,S25,15.805664643239648,0.32788546752179215,TRUE
341769.5,4287908.5,ALMO,107.3857650756836,0,S19,M03,11.522779920906734,S10.b,11.816391891633774,0.29361197072704037,TRUE
344715.5,4283389.5,ALMO,106.63394927978516,0,S24.a,S24.b,17.805926510566696,S24.a,18.2317144734667,0.425787962900003,TRUE
343283.5,4280407.5,ALMO,102.92540740966795,0,S18,S24.b,16.090387224251774,S18,16.313868541369516,0.22348131711774144,TRUE
347766.5,4280320.5,ALMO,110.29705047607422,0.2080000042915344,M03,M03,13.418660928015512,S04.a,13.693939820960857,0.27527889294534447,TRUE
337790.5,4289194.5,ALMO,102.5849151611328,0,S25,S25,15.361568558438893,S10.b,15.363943495520564,0.0023749370816705806,TRUE
345976.5,4279221.5,ALMO,127.50003814697266,0,S01.b,S04.a,13.348308466692796,M03,13.381022612408152,0.03271414571535658,TRUE
344259.5,4288428.5,ALMO,104.83010864257812,0,S18,S24.b,18.055608511513995,S24.a,18.34177431483231,0.2861658033183154,TRUE
342439.5,4282209.5,ALMO,110.63236236572266,0,S18,S24.a,16.18922637474874,S24.b,16.273632125955118,0.08440575120637916,TRUE
339454.5,4284122.5,ALMO,98.33235931396484,0,S24.a,S24.b,18.194452399325026,S24.a,18.603032490774194,0.40858009144916707,TRUE
347850.5,4290848.5,ALMO,126.31099700927734,0,S22,S22,21.73607685061445,S18,22.225956816399115,0.48987996578466664,TRUE
343643.5,4285995.5,ALMO,106.66056823730467,0,S22,S24.b,18.936708978062725,S22,19.28082347085778,0.3441144927950539,TRUE
345325.5,4285584.5,ALMO,105.10282135009766,0.20200000703334808,S18,S24.b,16.976645468362992,S24.a,17.286668294352385,0.31002282598939246,TRUE
343364.5,4285209.5,ALMO,106.15125274658205,0.48500001430511475,S22,S22,25.153229596169876,S24.b,25.84039871029415,0.6871691141242735,TRUE
342811.5,4284293.5,ALMO,108.35856628417967,0,M03,M03,12.456411206546518,S04.a,12.5643533214612,0.10794211491468175,TRUE
340823.5,4290335.5,ALMO,101.84378814697266,0,S25,S25,14.012371363371804,S18,14.077035760717877,0.06466439734607299,TRUE
348019.5,4281065.5,ALMO,106.02884674072266,0,S18,S24.b,16.646455053485404,S24.a,16.84636477604205,0.1999097225566473,TRUE
338460.5,4292443.5,ALMO,103.12874603271484,0,S25,S24.b,16.77641799608596,S25,17.25900716918765,0.48258917310169025,TRUE
341202.5,4283209.5,ALMO,89.43660736083984,0.4830000102519989,S25,S25,16.170206196717334,M03,16.56445415209808,0.3942479553807452,TRUE
339367.5,4280908.5,ALMO,95.74252319335936,0,S25,S25,27.852828285551862,S24.b,28.62941677510985,0.7765884895579873,TRUE
339328.5,4281938.5,ALMO,90.11359405517578,0,S24.a,S24.b,20.300463715735727,S24.a,20.6477874665692,0.3473237508334712,TRUE
347421.5,4286671.5,ALMO,105.9296646118164,0,S25,S21,52.927548392733755,S16,56.8770172815906,3.949468888856842,TRUE
337949.5,4285131.5,ALMO,99.75580596923828,0,S25,S01.a,12.708233840042112,M04,12.723908960928346,0.01567512088623424,TRUE
343844.5,4288443.5,ALMO,100.10296630859376,0,S22,S24.b,18.47834465997654,S22,18.631611693989036,0.1532670340124973,TRUE
340298.5,4285065.5,ALMO,98.28932189941406,0,S25,S24.b,17.048956561102052,S24.a,17.50526396804422,0.456307406942166,TRUE
341052.5,4285755.5,ALMO,109.47158813476562,0,S18,S18,16.209397956019508,S24.b,16.2929962128509,0.08359825683139022,TRUE
340076.5,4279857.5,ALMO,81.70724487304686,0,S01.a,S04.b,17.402346951436563,S01.b,17.51490374604621,0.1125567946096453,TRUE
349415.5,4281884.5,ALMO,97.761260986328125,0,S18,S24.b,16.75665138618674,S18,16.864488119623402,0.10783673343666322,TRUE
341151.5,4290281.5,ALMO,95.6013641357422,0,S18,S18,14.773606152695955,M03,15.337706538269602,0.5641003855736475,TRUE
341670.5,4280644.5,ALMO,98.52269744873048,0,S18,S24.b,16.456618367379964,S24.a,16.64171834062339,0.1850999732434282,TRUE
347445.5,4284332.5,ALMO,91.35252380371094,0,S25,S25,15.807442007362454,S24.b,15.88393162840052,0.07648962103806589,TRUE
341142.5,4290140.5,ALMO,95.047882080078125,0,S18,S24.b,16.04772060871427,S24.a,16.366347037514476,0.31862642880020786,TRUE
341625.5,4287992.5,ALMO,106.07172393798828,0,S18,S18,14.8088324927034,S24.b,15.271523467510352,0.46269097480695187,TRUE
339511.5,4290842.5,ALMO,102.15949249267578,0,S25,S24.b,19.429480287916213,S24.a,19.648805910336094,0.21932562241988052,TRUE
341919.5,4290518.5,ALMO,97.03914642333984,0,S05.a,M03,12.7668551214445,S25,13.069776819221724,0.302921697777224,TRUE
339634.5,4282983.5,ALMO,82.077239990234375,0,S24.a,S24.b,17.392170222641475,S24.a,17.522119489514868,0.1299492668733926,TRUE
352871.5,4283251.5,ALMO,143.31077575683594,0,S06.b,S24.b,18.2856224156169,S24.a,18.327130401940924,0.041507986324024415,TRUE
351031.5,4293596.5,ALMO,139.68133544921875,0,S05.a,S05.a,14.404248301951668,M03,14.500442627823876,0.096194325872208,TRUE
352748.5,4276869.5,ALMO,141.65948486328125,0,S14,M01,15.752928753539713,S22,16.07986046879,0.32693171525028575,TRUE
349760.5,4295503.5,ALMO,130.43438720703125,0,S26,S10.b,8.773368477660764,S10.a,8.945283457991161,0.17191498033039743,TRUE
347565.5,4277593.5,ALMO,138.01808166503906,0,S06.b,S02.b,10.151533755593025,M02,10.303653639953092,0.15211988436006685,TRUE
353187.5,4283188.5,ALMO,145.68846130371094,0,S14,S11,15.003985526496555,S14,15.325262066806177,0.32127654030962205,TRUE
345139.5,4296164.5,ALMO,145.20632934570312,0,S24.a,S24.b,20.928828671869262,S24.a,21.08705680679491,0.1582281349256469,TRUE
342184.5,4295467.5,ALMO,152.44386291503906,0,S24.a,S24.b,19.867076393635013,S24.a,20.088937801624358,0.22186140798934417,TRUE
343298.5,4296809.5,ALMO,154.71096801757812,0,S14,S14,14.857988819253036,S06.b,15.279587803038511,0.42159898378547567,TRUE
342193.5,4295467.5,ALMO,152.44386291503906,0,S24.a,S24.b,19.63930807891596,S24.a,19.875281907428512,0.23597382851255233,TRUE
348613.5,4294383.5,ALMO,152.90219116210938,0,Salix planifolia,S21,29.58400583151665,S15,31.63109304096427,2.0470872094476213,TRUE
349319.5,4293974.5,ALMO,138.37588500976562,0,S06.b,S24.a,19.467399233235643,S24.b,19.544759370328084,0.07736013709244105,TRUE
350409.5,4294311.5,ALMO,143.4984588623047,0,S05.a,S04.a,14.411843211933569,M03,14.735993496513599,0.32415028458003015,TRUE
352004.5,4280764.5,ALMO,131.85861206054688,0,S01.a,S10.a,11.714539662638916,S10.b,11.820039120489202,0.1054994578502857,TRUE
343325.5,4295170.5,ALMO,154.25177001953125,0,S23,S14,11.43286833503165,S19,11.970828814109874,0.5379604790782242,TRUE
353331.5,4284248.5,ALMO,148.58815002441406,0,S05.a,S05.a,13.689144874945184,S14,13.767410319689915,0.07826544474473174,TRUE
347610.5,4277188.5,ALMO,133.05845642089844,0,S04.b,S02.a,9.374140855699215,S04.a,9.396912772502098,0.02277191680288304,TRUE
344199.5,4297032.5,ALMO,154.97372436523438,0,S18,S24.b,19.19427993346844,S24.a,19.4388797986896,0.2445998652211614,TRUE
352235.5,4292062.5,ALMO,134.00990295410156,0,S18,S24.b,18.25252885584253,S24.a,18.551455874990562,0.29892701914803155,TRUE
349721.5,4294221.5,ALMO,147.3053436279297,0,S05.a,S04.a,14.347340646026796,S08.a,14.427875065316545,0.08053441928974969,TRUE
350898.5,4293527.5,ALMO,139.2365264892578,0,S01.a,S04.a,14.539568078472751,M03,14.692555295207937,0.15298721673518578,TRUE
350769.5,4293752.5,ALMO,142.3096923828125,0,S05.a,M03,15.217538161857817,S05.a,15.279886011894153,0.06234785003633547,TRUE
351355.5,4293548.5,ALMO,130.1776123046875,0,S01.a,S02.b,13.128405845813713,S02.a,13.132509982783112,0.0041041369693992635,TRUE
343697.5,4297158.5,ALMO,154.8010711669922,0,S22,S22,20.74599123958645,M01,21.308814581031637,0.5628233414451884,TRUE
352727.5,4287263.5,ALMO,136.30552673339844,0,S24.a,S24.b,22.505687211636957,S25,22.67611673454661,0.17042952290965374,TRUE
353289.5,4284482.5,ALMO,143.96603393554688,0,S14,S14,13.153524919387364,S04.a,13.44886584995079,0.2953409305634267,TRUE
348466.5,4277830.5,ALMO,130.49258422851562,4.21999979019165,S10.a,S10.b,8.494466669561374,Ligusticum porteri,8.641144993183136,0.14667832362176192,TRUE
353727.5,4287839.5,ALMO,147.39439392089844,0,S22,S22,22.57702596861307,S24.b,22.9396806471282,0.36265467851512767,TRUE
353277.5,4284506.5,ALMO,144.46177673339844,0,S14,S14,12.549910539403024,S10.c,13.25268158178251,0.7027710423794851,TRUE
350619.5,4293473.5,ALMO,143.0934600830078,0,S05.a,S04.a,15.375866216820466,M03,15.617578427972902,0.24171221115243569,TRUE
346427.5,4279179.5,ALMO,133.8484344482422,0,S02.a,S02.a,12.871991460519139,S02.b,12.889319272927489,0.01732781240835024,TRUE
353502.5,4284818.5,ALMO,141.674560546875,0,S01.a,S10.a,8.904629188422135,S10.b,9.008682939288754,0.10405375086661905,TRUE
351367.5,4275524.5,ALMO,143.576904296875,0,S02.a,S10.a,10.814616114765483,M02,10.885640286574086,0.07102417180860243,TRUE
351232.5,4293329.5,ALMO,133.0038604736328,0,S01.a,S10.b,11.230728597398947,S02.a,11.250152637469686,0.019424040070738613,TRUE
350616.5,4294011.5,ALMO,140.74880981445312,0,S05.a,M03,15.231200904472455,S04.a,15.321907238062739,0.09070633359028335,TRUE
349520.5,4294194.5,ALMO,147.0384979248047,0,S05.a,S04.a,10.518459363296468,M03,10.705484946224633,0.18702558292816462,TRUE
350019.5,4294074.5,ALMO,140.90029907226562,0,S05.a,S04.a,12.495192614270445,M03,12.678133177932358,0.18294056366191214,TRUE
353883.5,4280128.5,ALMO,147.23170471191406,0,S14,M01,17.508925142402198,S01.b,17.985443075403616,0.47651793300141776,TRUE
345217.5,4296155.5,ALMO,152.0300750732422,0,S12,S14,21.090331303957846,S24.b,21.114242834094465,0.023911530136619064,TRUE
352991.5,4283281.5,ALMO,143.06625366210938,0,Dasiphora fruticosa,S10.a,14.535226842740192,S10.c,14.586833001421967,0.05160615868177487,TRUE
341655.5,4296536.5,ALMO,138.80795288085938,0,S14,S14,15.911231123491815,M01,16.182821908868664,0.27159078537684955,TRUE
350973.5,4294080.5,ALMO,146.75393676757812,0,S06.b,S06.b,10.521160815815852,S10.b,10.528461959616523,0.007301143800670928,TRUE
347637.5,4277089.5,ALMO,133.47779846191406,0,S10.a,S04.a,8.157197805301399,S02.b,8.619270911338806,0.4620731060374066,TRUE
353199.5,4284551.5,ALMO,144.23048400878906,0,S01.a,S10.a,9.336036679064726,S10.c,9.399984852501134,0.06394817343640824,TRUE
344646.5,4295110.5,ALMO,151.93057250976562,0,S12,S25,22.39188544698174,S12,22.558591641677832,0.1667061946960935,TRUE
342475.5,4295707.5,ALMO,154.33335876464844,0,S06.b,S14,14.745164447783225,M01,15.194147731104916,0.4489832833216916,TRUE
351211.5,4294227.5,ALMO,134.72972106933594,0,S01.a,S02.a,12.509517302522044,S02.b,12.512171508509837,0.0026542059877936452,TRUE
353526.5,4282935.5,ALMO,148.531494140625,0,S12,S16,17.637176980768892,S11,21.886901143527197,4.249724162758305,TRUE
351004.5,4293566.5,ALMO,132.13755798339844,0,S05.a,S04.a,16.89572332295314,M03,16.925696532665473,0.029973209712334636,TRUE
342112.5,4296833.5,ALMO,149.53082275390625,0,S18,S14,18.19584862064802,S25,18.45029267993668,0.25444405928865876,TRUE
350937.5,4294245.5,ALMO,138.86265563964844,0,S02.a,S02.a,14.145315770094694,S08.a,14.354043195808645,0.20872742571395086,TRUE
350550.5,4293887.5,ALMO,140.4176788330078,0,S05.a,M03,12.393699862831106,S04.a,12.447064275780557,0.053364412949450823,TRUE
351625.5,4286908.5,ALMO,132.0421905517578,0,S01.a,S10.b,13.0627129999877,S02.a,13.067688095406153,0.0049750954184535345,TRUE
352436.5,4283440.5,ALMO,147.75489807128906,0,M01,S10.a,12.048010040965172,M01,12.065067717643666,0.017057676678494005,TRUE
343763.5,4293971.5,ALMO,152.57904052734375,0,S12,S20,20.746648042993915,S24.a,20.788362602231725,0.04171455923781053,TRUE
349628.5,4294908.5,ALMO,136.0790252685547,0,S05.a,S04.a,9.854767755200989,M03,10.005024681457163,0.1502569262561746,TRUE
341586.5,4294872.5,ALMO,150.5844268798828,0,S14,S14,12.229588361479804,S06.b,12.768468591632649,0.538880230152845,TRUE
351082.5,4293506.5,ALMO,137.1986083984375,0,S01.a,S04.a,13.505093227091312,S02.a,13.563417488950787,0.05832426185947526,TRUE
353355.5,4283359.5,ALMO,146.31065368652344,0,S14,S14,18.43190241475613,S22,18.89871272750476,0.4668103127486276,TRUE
351433.5,4293749.5,ALMO,141.87490844726562,0,S02.a,S02.a,11.181528750092792,S02.b,11.288041846142548,0.10651309604975623,TRUE
353712.5,4283371.5,ALMO,141.10623168945312,0,S05.a,S10.b,15.158209228055373,S10.a,15.217880245741018,0.059671017685644756,TRUE
342223.5,4295584.5,ALMO,153.70680236816406,0,S06.b,S14,15.696700003620377,M01,15.701294423392463,0.004594419772086411,TRUE
349370.5,4294017.5,ALMO,142.41470336914062,0,S19,S04.a,12.255749027732591,S08.a,12.403490357102646,0.14774132937005469,TRUE
342127.5,4296578.5,ALMO,153.6538848876953,0,S18,S14,17.3120872971505,S19,18.033776113828154,0.7216888166776521,TRUE
353880.5,4280251.5,ALMO,151.9940185546875,0,S14,M01,15.932397832805204,S01.b,16.40205104976763,0.4696532169624241,TRUE
342139.5,4295158.5,ALMO,148.19752502441406,0,S06.b,S14,16.776184971771485,S06.b,16.871931938058466,0.0957469662869812,TRUE
353673.5,4280302.5,ALMO,145.99366760253906,0,S24.a,S24.b,19.04169880884477,S24.a,19.154442516651574,0.11274370780680343,TRUE
341592.5,4294824.5,ALMO,151.7526092529297,0,S12,S14,16.338212266627693,S12,16.569836781079296,0.23162451445160315,TRUE
341214.5,4294536.5,ALMO,144.41781616210938,0,S06.b,S06.b,14.463996130381451,S14,14.514265813710818,0.050269683329366543,TRUE
350850.5,4293500.5,ALMO,143.77999877929688,0,S05.a,M03,14.265580121081296,S04.a,14.336272527376767,0.07069240629547124,TRUE
342172.5,4295029.5,ALMO,151.2614288330078,0,S06.b,M01,18.00599944845122,S24.b,18.01444162349455,0.008442175043331446,TRUE
342187.5,4296698.5,ALMO,152.7787322998047,0,S18,S14,19.763137842460555,S18,20.36185779405606,0.5987199515955055,TRUE
351163.5,4293704.5,ALMO,145.12936401367188,0,S14,S04.a,14.680359401282361,M03,15.073803280817621,0.39344387953526017,TRUE
354094.5,4280089.5,ALMO,153.36495971679688,0,S06.b,S24.a,17.848772397715237,S24.b,17.97392173067314,0.12514933295790343,TRUE
341580.5,4294854.5,ALMO,151.02871704101562,0,S14,S14,14.353056849863636,S06.b,14.975493895917722,0.6224370460540865,TRUE
352442.5,4283446.5,ALMO,146.06556701660156,0,S05.a,M01,13.210938140385043,S10.a,13.385169155380819,0.17423101499577598,TRUE
351475.5,4293551.5,ALMO,136.67117309570312,0,S01.a,S10.a,12.26995573306141,S10.b,12.27312516418744,0.0031694311260306307,TRUE
351208.5,4292710.5,ALMO,136.3438262939453,4.489999771118164,S01.a,S04.a,11.507051745058419,S02.a,11.635002651120674,0.1279509060622548,TRUE
349892.5,4294302.5,ALMO,142.63192749023438,0,S05.a,S04.a,11.13915379397305,M03,11.445432024371819,0.3062782303987692,TRUE
353328.5,4283518.5,ALMO,144.74832153320312,0,S06.b,S10.a,9.679002110056485,S10.b,9.785453618185757,0.10645150812927184,TRUE
347397.5,4277110.5,ALMO,130.3312225341797,0,S05.a,S04.a,11.109743551313166,M03,11.244457957551749,0.134714406238583,TRUE
342745.5,4295467.5,ALMO,153.8497314453125,0,S12,S25,18.193429419409618,S12,18.267064234866677,0.07363481545705852,TRUE
345211.5,4295350.5,ALMO,145.67034912109375,0,S24.a,S24.b,23.63227391889486,S24.a,23.660694282243757,0.028420363348896416,TRUE
344946.5,4295212.5,ALMO,154.53648376464844,0,Juniperus sp.,M01,16.820222678941445,Juniperus sp.,17.491233837826986,0.6710111588855412,TRUE
350028.5,4294401.5,ALMO,145.43666076660156,0.8450000286102295,Juniperus sp.,Salix planifolia,15.980019966166006,Salix wolfii,16.188972535426377,0.20895256926037042,TRUE
346133.5,4295665.5,ALMO,144.76913452148438,0.19599999487400055,S06.b,M01,14.823599155882306,S06.b,14.832713372046765,0.009114216164459066,TRUE
351259.5,4293701.5,ALMO,140.11082458496094,0,S05.a,M03,14.416610397576553,S05.a,14.540483993055792,0.12387359547923893,TRUE
350778.5,4293788.5,ALMO,142.65646362304688,0,S05.a,M03,15.404517299356009,S05.a,15.50856944215893,0.10405214280292086,TRUE
349442.5,4294584.5,ALMO,149.45230102539062,0,Salix wolfii,S21,17.719182290376384,S15,18.272930145529962,0.5537478551535777,TRUE
350688.5,4293848.5,ALMO,143.98060607910156,0,S05.a,M03,15.263340041721372,S04.a,15.34599971188005,0.08265967015867837,TRUE
342304.5,4295089.5,ALMO,149.38485717773438,0,S14,S14,13.362246973952425,M01,13.376807207615027,0.014560233662601618,TRUE
351142.5,4293515.5,ALMO,134.30850219726562,0,S01.a,S04.a,9.422428969371811,M03,9.928408899246119,0.5059799298743073,TRUE
351412.5,4293713.5,ALMO,139.32992553710938,0,S05.a,S04.a,15.812397957794966,M03,15.818712925737147,0.006314967942181227,TRUE
347133.5,4277836.5,ALMO,140.39804077148438,0,Salix planifolia,S21,52.951004861020714,S15,54.93656197408758,1.9855571130668679,TRUE
353190.5,4284410.5,ALMO,143.45822143554688,0,S14,S14,13.487031385954852,S05.a,14.044738185475536,0.5577067995206839,TRUE
344565.5,4280824.5,ALMO,130.08058166503906,0,M03,M03,13.125813956039293,S04.a,13.379334806447785,0.25352085040849204,TRUE
350145.5,4293860.5,ALMO,139.42787170410156,0,S05.a,S04.a,13.056205789377431,M03,13.545634551469004,0.48942876209157227,TRUE
342679.5,4295995.5,ALMO,154.4176483154297,0,S12,S14,17.741215106886486,S24.b,18.055206447640728,0.3139913407542423,TRUE
350724.5,4293833.5,ALMO,142.48257446289062,0,S05.a,M03,14.847838140479322,S04.a,14.940086488847504,0.09224834836818196,TRUE
342424.5,4296068.5,ALMO,160.14315795898438,0,S14,M01,13.497090939958152,S14,13.541003944594113,0.04391300463596082,TRUE
342547.5,4297542.5,ALMO,176.50482177734375,0,Salix boothii,S16,189.26197003211908,S17,191.21964727410122,1.9576772419821395,TRUE
344433.5,4295242.5,ALMO,170.73519897460938,0,S12,S24.b,22.502513262909606,S24.a,22.555903588759108,0.05339032584950232,TRUE
343424.5,4295863.5,ALMO,158.66656494140625,0,S12,S14,17.95993341322812,S24.a,17.972329860793312,0.012396447565190982,TRUE
343700.5,4294080.5,ALMO,162.42648315429688,0,S22,S22,21.292750701218523,S14,22.545029504366063,1.25227880314754,TRUE
342358.5,4295959.5,ALMO,155.03457641601562,0,S18,S14,17.100596929533,M01,17.380217997025312,0.27962106749231097,TRUE
342196.5,4296380.5,ALMO,161.808349609375,0,S18,S24.a,23.299893384249582,S24.b,23.55834781694223,0.25845443269264834,TRUE
342589.5,4296977.5,ALMO,157.54693603515625,0,S25,S13.b,36.52490719099076,S18,36.70652644243782,0.18161925144706004,TRUE
341667.5,4295734.5,ALMO,159.7703857421875,0,S18,S14,19.15006059146838,S24.b,19.174358602717927,0.024298011249545226,TRUE
342730.5,4296287.5,ALMO,159.08982849121094,0,S18,S14,19.2521660255485,Corydalis caseana,20.18771801002266,0.9355519844741593,TRUE
343700.5,4296836.5,ALMO,158.85548400878906,0,S22,S22,22.387944228607363,S24.b,23.502647360118427,1.1147031315110638,TRUE
343067.5,4295902.5,ALMO,163.70941162109375,0,S14,S14,15.430126076727689,S22,15.713501036565301,0.2833749598376123,TRUE
343136.5,4295815.5,ALMO,163.63963317871094,0,S14,S14,16.19556401708414,S07,16.530457877159627,0.3348938600754856,TRUE
343442.5,4296278.5,ALMO,158.36390686035156,0,S25,S24.a,29.508333292616637,S12,29.86511206470487,0.3567787720882336,TRUE
343427.5,4295710.5,ALMO,157.17918395996094,0,S06.b,S14,16.41900176372713,M01,16.425116765399935,0.006115001672803544,TRUE
342517.5,4296494.5,ALMO,165.8083953857422,0,S18,S14,24.15586016498903,Corydalis caseana,25.24399691906426,1.0881367540752294,TRUE
343604.5,4296641.5,ALMO,174.2311248779297,0,S14,S14,16.87600302017319,S22,18.414575675728752,1.538572655555562,TRUE
341718.5,4295686.5,ALMO,157.13485717773438,0,S12,S24.b,20.221142394542312,S24.a,20.463329747901795,0.24218735335948338,TRUE
343061.5,4296113.5,ALMO,156.4855194091797,0,M01,M01,12.664160967353462,S07,12.704303635054885,0.040142667701422496,TRUE
342433.5,4296407.5,ALMO,160.83265686035156,0,S18,S24.a,22.67464021512239,S14,22.977214345183658,0.30257413006126654,TRUE
342382.5,4296245.5,ALMO,170.00161743164062,0,S18,S14,19.772292508993146,S22,19.808181167184344,0.035888658191197464,TRUE
342748.5,4296947.5,ALMO,164.13180541992188,0,S25,S13.b,32.81089013152542,S25,32.81208972433189,0.0011995928064720829,TRUE
343880.5,4295590.5,ALMO,162.19967651367188,0,S12,S24.b,19.139408244299787,S14,19.215239618120304,0.07583137382051675,TRUE
344049.5,4295449.5,ALMO,166.8763427734375,0,S18,S24.b,21.793233788212287,S24.a,21.82386269859773,0.0306289103854418,TRUE
343511.5,4295701.5,ALMO,159.15374755859375,0,S07,Caltha leptosepala,7.526783168950978,S07,7.85662846886182,0.32984529991084255,TRUE
342763.5,4295935.5,ALMO,158.83253479003906,0,S18,S14,18.204409485775596,S24.a,18.778780360856995,0.5743708750813994,TRUE
342064.5,4295092.5,ALMO,155.27529907226562,0,S12,S24.b,19.49865317684566,S14,19.79225472819254,0.29360155134687815,TRUE
342691.5,4296419.5,ALMO,163.71356201171875,0,S18,S24.a,20.80791397850864,S14,20.955990226894674,0.14807624838603317,TRUE
344229.5,4295350.5,ALMO,169.13438415527344,0,S12,S24.b,22.815628203421856,S24.a,22.91855093848288,0.1029227350610249,TRUE
342808.5,4295944.5,ALMO,159.32818603515625,0,S18,S14,16.958628763456915,M01,17.451082379399647,0.4924536159427326,TRUE
342025.5,4296320.5,ALMO,160.70266723632812,0,S12,S24.a,20.305698084183337,S24.b,20.306237854770252,5.397705869150116e-4,TRUE
342472.5,4296356.5,ALMO,164.804443359375,0,S18,S24.a,22.793544203011283,S14,22.954787280843064,0.16124307783178082,TRUE
343217.5,4295785.5,ALMO,159.4639434814453,0,S18,S24.b,17.724236824100323,S25,18.24689811333263,0.5226612892323068,TRUE
343427.5,4296119.5,ALMO,160.6642303466797,0,S12,S24.a,20.423103023169116,S24.b,20.47405193639102,0.0509489132219052,TRUE
343496.5,4295926.5,ALMO,162.10610961914062,0,S12,S24.b,20.083768066401426,S24.a,20.189424455315358,0.10565638891393192,TRUE
344457.5,4294887.5,ALMO,157.70738220214844,0,S18,S24.a,22.484736540372182,S24.b,22.63734860597376,0.15261206560157703,TRUE
343034.5,4296659.5,ALMO,172.7002716064453,0,S18,S14,22.231581602235366,S22,22.37289794394383,0.14131634170846397,TRUE
342805.5,4297212.5,ALMO,164.9030303955078,0,S14,S14,17.560959849865448,S22,18.28035486997655,0.7193950201111008,TRUE
335973.5,4307062.5,CRBU,108.09043884277344,0,S01.a,S11,9.426144118468942,S10.b,9.97390239275332,0.5477582742843783,TRUE
334448.5,4306314.5,CRBU,125.41463470458984,0,S05.a,S10.c,10.798774860049367,S10.a,10.902993703200305,0.10421884315093877,TRUE
324922.5,4304239.5,CRBU,123.47557830810548,0,S05.a,S10.b,10.827946045047971,S10.c,10.86600745553077,0.03806141048279876,TRUE
327262.5,4305596.5,CRBU,126.97976684570312,0,S19,S19,9.883819931617749,S10.b,9.944999750731153,0.061179819113403866,TRUE
326541.5,4306953.5,CRBU,129.4523468017578,0,S10.a,Sambucus racemosa,6.599068344610918,S09.a,6.7017162287831065,0.10264788417218806,FALSE
333907.5,4309101.5,CRBU,121.21697235107422,0,S10.a,S10.b,9.634282026946606,S10.a,10.002936058561893,0.36865403161528754,TRUE
327211.5,4308857.5,CRBU,127.8744888305664,0,S18,S24.b,22.40583535413396,S24.a,22.79348940011021,0.38765404597625164,TRUE
331958.5,4301995.5,CRBU,118.43334197998048,0,S01.a,S01.b,14.358365444341043,S04.a,14.419313027005202,0.06094758266415923,TRUE
331280.5,4303905.5,CRBU,117.45067596435548,0,M03,S04.a,9.919073343958916,M03,9.960285380159199,0.041212036200283464,TRUE
336433.5,4307572.5,CRBU,122.44258880615234,0,S01.a,S02.a,9.86860450580569,M04,9.880182085638616,0.011577579832925622,TRUE
336481.5,4308293.5,CRBU,128.58609008789062,0,S01.a,S04.a,10.741668846129151,M03,11.283830519083857,0.5421616729547054,TRUE
324124.5,4309467.5,CRBU,117.74031066894533,0.25699999928474426,M03,S01.b,11.537465150037447,S01.a,11.570248034365274,0.032782884327827944,TRUE
328040.5,4307800.5,CRBU,129.3839569091797,0,S01.a,S02.a,12.162027188258628,S10.b,12.220070148377172,0.05804296011854326,TRUE
332337.5,4301698.5,CRBU,118.61808776855467,0,S05.a,S04.a,14.269270842203106,M03,14.284412250505076,0.015141408301969861,TRUE
329760.5,4301683.5,CRBU,125.26846313476562,0,M03,S02.a,13.038942525861042,S10.a,13.109560677605621,0.0706181517445792,TRUE
331859.5,4310251.5,CRBU,122.38919830322266,0,S05.a,S04.a,8.749314283059235,M03,9.203809710413369,0.45449542735413395,TRUE
328217.5,4305335.5,CRBU,127.5059051513672,0,S19,S10.c,8.802401882336417,S10.a,8.963960584117004,0.16155870178058684,TRUE
328463.5,4303356.5,CRBU,122.89888763427734,0,S24.a,S24.b,17.033526708997954,S24.a,17.433109273001453,0.3995825640034987,TRUE
328928.5,4305407.5,CRBU,115.7236557006836,0,S10.a,S10.a,6.714181293157681,S10.b,6.735891768712318,0.02171047555463712,FALSE
329631.5,4311521.5,CRBU,127.31520080566406,0,S01.a,S11,13.116720941642399,S01.a,13.903607790508294,0.7868868488658958,TRUE
331331.5,4301692.5,CRBU,118.32804870605467,0,S22,S22,18.56469460460564,S24.b,18.592897615985894,0.028203011380252718,TRUE
329556.5,4306398.5,CRBU,116.0421905517578,0,S10.b,S10.b,7.467661128144407,S10.a,7.906829205493718,0.4391680773493114,TRUE
326421.5,4308263.5,CRBU,125.552490234375,0,S10.a,S10.b,5.219381931624628,S10.a,5.380332315921346,0.1609503842967177,FALSE
330319.5,4301296.5,CRBU,125.46571350097656,0,S01.a,S01.a,13.249997410548994,M04,13.255184086651555,0.005186676102560739,TRUE
333817.5,4307761.5,CRBU,126.31265258789062,0,S01.a,S10.a,11.186030202262367,S10.b,11.193259186249595,0.0072289839872272665,TRUE
330649.5,4310428.5,CRBU,119.1642837524414,0,S10.a,S10.b,7.156735855243693,S10.a,7.596785118973575,0.4400492637298816,TRUE
327991.5,4307134.5,CRBU,128.5672149658203,0,S02.a,S02.a,11.752183295419242,S02.b,11.821096919251584,0.06891362383234245,TRUE
329913.5,4301821.5,CRBU,124.72692108154295,0,S01.a,S24.a,15.226604532032603,S24.b,15.297020867647072,0.07041633561446936,TRUE
330391.5,4305857.5,CRBU,115.67047119140624,0,S10.a,S10.b,8.349338858949013,S10.a,8.792934307866867,0.4435954489178542,TRUE
331000.5,4310227.5,CRBU,116.66351318359376,0,M04,S10.b,6.564034435854075,S10.a,6.832301773390157,0.26826733753608245,FALSE
331046.5,4310122.5,CRBU,120.41683959960938,0,S01.a,S10.b,8.580113005711635,S10.a,8.697105927009922,0.1169929212982872,TRUE
336259.5,4306662.5,CRBU,124.11857604980467,0,S22,S24.b,17.37357955656003,S24.a,17.844308179230445,0.47072862267041415,TRUE
329706.5,4308947.5,CRBU,128.01853942871094,0,S10.a,Osmorhiza occidentalis,8.212132280826468,S10.b,8.21850671832421,0.006374437497742136,TRUE
332121.5,4310365.5,CRBU,122.52526092529295,0,S01.a,S10.b,11.371292069657347,S10.a,11.449049155417967,0.07775708576062001,TRUE
326646.5,4307998.5,CRBU,122.86265563964844,0.3070000112056732,S10.a,S10.b,6.664390279053545,S09.a,6.745062149809168,0.08067187075562288,FALSE
326283.5,4307434.5,CRBU,121.3049087524414,0.5299999713897705,S04.b,S10.a,7.636340275045522,S10.b,7.755342920601058,0.11900264555553619,TRUE
329505.5,4305494.5,CRBU,112.57723236083984,0,S11,S11,8.180144690811618,S10.c,8.690147682397429,0.5100029915858109,TRUE
327652.5,4306761.5,CRBU,123.64611053466795,0,M04,S10.b,6.093529347706473,S10.a,6.270553215181408,0.1770238674749356,FALSE
327265.5,4306254.5,CRBU,118.68640899658205,0,S01.b,S01.b,14.257056709437556,M04,14.300538930629973,0.043482221192416404,TRUE
329289.5,4313074.5,CRBU,129.056640625,0,S02.a,S10.a,17.43289657159276,S10.b,17.43535760558155,0.0024610339887907173,TRUE
329646.5,4301152.5,CRBU,124.29502868652344,0,S25,S25,23.195244863051766,S24.b,23.56135932121848,0.36611445816671306,TRUE
329850.5,4301869.5,CRBU,122.46668243408205,0,S18,M03,15.155811365814474,S04.a,15.197566873677593,0.04175550786311888,TRUE
331370.5,4302359.5,CRBU,116.14390563964844,0,S01.b,S04.a,12.782277171403706,S02.a,12.889640992405972,0.10736382100226649,TRUE
326679.5,4307899.5,CRBU,121.72654724121094,0,S10.a,S10.b,4.447758672207454,S09.a,4.6659274470884275,0.21816877488097397,FALSE
327256.5,4307089.5,CRBU,123.49441528320312,0.21699999272823337,S10.a,S10.b,5.751103492375583,S10.a,5.816352481441412,0.06524898906582965,FALSE
331253.5,4311827.5,CRBU,127.49777221679688,0,S01.a,S04.a,7.373598696873442,S10.c,7.439744142700286,0.06614544582684445,TRUE
332424.5,4310365.5,CRBU,126.19569396972656,0,S10.a,S10.b,8.507307631364565,S10.a,9.000799378648217,0.4934917472836524,TRUE
335100.5,4309086.5,CRBU,113.43637084960938,0,S01.a,S10.b,10.041709797786773,S02.a,10.224704225372259,0.182994427585486,TRUE
328829.5,4305083.5,CRBU,118.6780014038086,0,S01.a,S10.a,8.844782848202781,S10.c,8.87837208865423,0.03358924045144818,TRUE
329715.5,4311692.5,CRBU,124.2195816040039,0,S11,S11,7.900704220422626,S10.c,9.000446872628435,1.0997426522058094,TRUE
324823.5,4304512.5,CRBU,117.74313354492188,0,S10.a,S04.a,8.18676790804648,S10.a,8.26287174785318,0.07610383980670044,TRUE
328742.5,4305965.5,CRBU,119.37744140625,0,S01.b,S01.b,12.584235596617214,M04,12.664873490535738,0.08063789391852438,TRUE
334541.5,4306329.5,CRBU,126.9775161743164,0,M03,S04.a,11.981360590089496,Veratrum tenuipetalum,12.153929557456133,0.17256896736663663,TRUE
331733.5,4302803.5,CRBU,116.37578582763672,0,S01.a,S10.b,12.305204495401894,M04,12.414409638486088,0.10920514308419449,TRUE
330937.5,4311029.5,CRBU,128.4071807861328,0,S10.b,S10.b,8.12111792127835,S10.a,8.48332469541141,0.36220677413306035,TRUE
333625.5,4303089.5,CRBU,113.71656036376952,0,S02.a,S02.a,9.306374423572006,S02.b,9.333406518477972,0.02703209490596592,TRUE
336589.5,4308839.5,CRBU,120.75446319580078,0,S01.a,S10.b,8.214201125034105,S02.a,8.268841333128544,0.05464020809443859,TRUE
336406.5,4308560.5,CRBU,124.28577423095705,0,S01.a,S04.a,8.27771715986468,S02.a,8.80923105391521,0.53151389405053,TRUE
332400.5,4310680.5,CRBU,121.63943481445312,0,S10.a,S10.b,7.790891858817034,S10.a,8.050829375357086,0.25993751654005237,TRUE
326103.5,4307371.5,CRBU,125.1422348022461,0,M03,M03,11.562607505403413,S04.a,11.618185093695011,0.05557758829159809,TRUE
335415.5,4306263.5,CRBU,119.11465454101562,0,S01.a,S10.b,7.30533140321139,M04,7.358760353652067,0.05342895044067664,TRUE
328571.5,4307107.5,CRBU,128.50274658203125,0,S02.a,S02.a,13.889364768909806,S02.b,13.914000464889954,0.024635695980148142,TRUE
331700.5,4311296.5,CRBU,128.65882873535156,0,S05.a,S10.b,12.158322361909192,M03,12.187165916358632,0.028843554449439424,TRUE
331268.5,4310239.5,CRBU,120.7932586669922,0,S01.a,S10.b,11.639308358206842,S10.a,11.758106082037528,0.11879772383068676,TRUE
328670.5,4305032.5,CRBU,118.65438842773438,0,S01.a,M04,13.05065018361829,S01.b,13.111487778634277,0.060837595015987844,TRUE
326829.5,4310740.5,CRBU,126.31710815429688,0,S01.a,S10.b,7.367847712525186,M02,7.578794909881106,0.21094719735592005,TRUE
334004.5,4308734.5,CRBU,120.70191955566406,0,S01.a,S10.b,12.37817046495388,S04.a,12.529436989316915,0.15126652436303445,TRUE
327091.5,4307149.5,CRBU,123.33775329589844,0,S01.a,S10.b,10.526105685717837,M02,10.719193858441045,0.19308817272320766,TRUE
328526.5,4301884.5,CRBU,94.98377990722656,0.975000023841858,S10.b,S10.b,7.342251603643667,S26,8.011965827735239,0.6697142240915719,TRUE
335343.5,4307239.5,CRBU,122.16238403320312,0,S05.a,S04.a,12.175703685697687,M03,12.279849559403615,0.10414587370592798,TRUE
335523.5,4307863.5,CRBU,123.5730972290039,0,M03,S04.a,11.063243773613651,M03,11.063343441922296,9.966830864449605e-5,TRUE
328523.5,4309227.5,CRBU,124.8712158203125,0,S10.a,S10.b,5.26283784391495,S10.a,5.564001064326148,0.3011632204111985,FALSE
336289.5,4308746.5,CRBU,120.6283950805664,0,S01.a,S11,9.134328720876022,S10.b,9.260289529176582,0.1259608083005599,TRUE
331814.5,4310083.5,CRBU,119.5166244506836,0,S05.a,S04.a,11.366918540982923,M03,11.39338281520292,0.026464274219996753,TRUE
326898.5,4304950.5,CRBU,125.99774169921876,0,S01.a,S10.a,12.223099647794454,S10.b,12.25638475085956,0.033285103065106014,TRUE
328604.5,4312446.5,CRBU,129.21923828125,0,S10.a,S10.c,6.6759932679582334,S10.a,6.907842363657522,0.2318490956992889,FALSE
334703.5,4308185.5,CRBU,128.713623046875,0,S11,S11,6.5581336756108,M04,6.948299435359103,0.39016575974830303,FALSE
329781.5,4307926.5,CRBU,128.38111877441406,0,S11,S11,6.146754987676441,Caltha leptosepala,7.439683099810484,1.2929281121340432,FALSE
330790.5,4302284.5,CRBU,117.70651245117188,0,S01.a,M04,10.927247454790557,S01.b,11.05728205989954,0.13003460510898357,TRUE
330559.5,4303827.5,CRBU,116.89471435546876,0,S05.a,S04.a,11.427985142063049,M03,11.647622929448506,0.21963778738545692,TRUE
329979.5,4306167.5,CRBU,110.25244140625,0.3860000073909759,M03,S04.a,10.11887341447657,M03,10.264063671362443,0.14519025688587384,TRUE
328550.5,4305347.5,CRBU,111.16876983642578,0,S01.a,M04,13.681358417092888,S10.b,13.703941991164333,0.02258357407144551,TRUE
327772.5,4305221.5,CRBU,128.23428344726562,0,S10.c,S10.c,6.486818128842994,S10.a,6.868087313159138,0.3812691843161442,FALSE
337028.5,4307332.5,CRBU,124.14649963378906,0,S01.b,S04.a,12.75878442908957,M03,12.907518147340243,0.14873371825067316,TRUE
328655.5,4308866.5,CRBU,127.81031036376952,0,S04.b,S10.b,9.179690712804586,S10.a,9.29828372491228,0.11859301210769324,TRUE
335439.5,4305473.5,CRBU,121.77654266357422,0,M03,S04.a,11.187141933970915,M03,11.447220610933208,0.2600786769622925,TRUE
332109.5,4302149.5,CRBU,118.67640686035156,0,S01.a,S02.a,12.492374653270057,M03,12.503761352545334,0.011386699275277579,TRUE
329991.5,4304821.5,CRBU,118.34912109375,0,S05.a,S04.a,9.82170663889999,S10.b,9.911168861285946,0.08946222238595603,TRUE
334406.5,4306284.5,CRBU,126.00560760498048,0,S19,S14,12.480990357861625,S19,12.574794082537798,0.0938037246761727,TRUE
327535.5,4305506.5,CRBU,124.79407501220705,0,S10.a,S10.b,7.628900271037214,S10.a,7.8123769056885095,0.1834766346512957,TRUE
334985.5,4305596.5,CRBU,123.32136535644533,0,S01.a,S10.c,16.377654036816264,S10.a,16.399489914574502,0.02183587775823881,TRUE
330142.5,4301548.5,CRBU,126.39417266845705,0,S05.a,M03,12.420774177846758,S04.a,12.514260656957266,0.09348647911050811,TRUE
334916.5,4308689.5,CRBU,117.32643127441406,0,S10.a,S10.b,6.899824564331583,Osmorhiza occidentalis,6.995960017239984,0.09613545290840086,FALSE
328715.5,4305785.5,CRBU,115.39060974121094,0,S10.a,S10.b,9.155449297375126,S10.a,9.463948022774426,0.3084987253992999,TRUE
328904.5,4312086.5,CRBU,127.90934753417967,0,S10.a,S09.a,6.757680332752564,S10.b,7.097127155453482,0.33944682270091775,FALSE
330871.5,4303941.5,CRBU,115.47332000732422,0,M03,S10.b,10.07474273466629,M03,10.095630013461781,0.02088727879549168,TRUE
333502.5,4309968.5,CRBU,126.76774597167967,0,S11,S10.b,7.2970781485513125,S10.a,7.570747552313735,0.27366940376242255,TRUE
333325.5,4309104.5,CRBU,117.7811279296875,0,S01.a,S10.b,10.142016362393141,S10.a,10.410354124375717,0.26833776198257553,TRUE
329457.5,4305767.5,CRBU,118.94152069091795,0,M04,S10.b,7.5562473851921,S10.a,7.854711470145482,0.2984640849533813,TRUE
334580.5,4304857.5,CRBU,123.55768585205078,0,S02.a,S02.a,16.863330062484483,S18,17.054216795519082,0.19088673303459913,TRUE
328292.5,4306620.5,CRBU,127.23847198486328,0,S02.a,S02.b,7.721267608608672,S02.a,7.786858117849529,0.06559050924085685,TRUE
332004.5,4301803.5,CRBU,120.46231079101562,0,S18,S22,16.546137604692834,M03,16.96290604444929,0.4167684397564564,TRUE
326967.5,4305599.5,CRBU,129.2281494140625,0,S11,S11,8.352616977400798,S10.b,9.7495146905366,1.396897713135802,TRUE
334688.5,4304692.5,CRBU,119.28337097167967,0.3659999966621399,S01.a,S10.b,12.645730665218538,S10.a,12.741447096306178,0.09571643108763972,TRUE
329793.5,4301575.5,CRBU,129.60792541503906,0,S01.a,S06.b,9.898085944191994,S10.b,9.936085974615233,0.038000030423239295,TRUE
335082.5,4307497.5,CRBU,118.12818908691406,0,S01.a,S04.a,9.686500041967896,S02.a,9.93809259292871,0.25159255096081345,TRUE
334250.5,4306779.5,CRBU,126.63468170166016,0,S18,S22,17.374582584985465,S24.b,17.422797900977944,0.04821531599247919,TRUE
334943.5,4308251.5,CRBU,121.57154846191406,0,S10.b,S10.b,6.893598282593995,S10.a,7.280427025529101,0.38682874293510583,FALSE
336316.5,4308200.5,CRBU,126.59893035888672,0,S05.a,S04.a,13.81336133686098,M03,13.89944545245328,0.08608411559229978,TRUE
329073.5,4314983.5,CRBU,126.0938491821289,0,M03,S04.a,11.048123534872573,S10.b,11.116823580594563,0.06870004572198951,TRUE
330934.5,4301968.5,CRBU,121.73069763183594,0,S25,S22,16.756294746788743,S18,17.253761523852084,0.49746677706334097,TRUE
328346.5,4304944.5,CRBU,120.91439056396484,0,S19,S10.a,11.322183036720887,S10.b,11.441287091228652,0.11910405450776551,TRUE
329349.5,4302323.5,CRBU,120.84481811523438,0,M03,M03,15.98839814443304,S04.a,16.139973230682198,0.15157508624915828,TRUE
336271.5,4307440.5,CRBU,121.08212280273438,0,S11,S11,8.59068834157892,M04,8.808984122295547,0.2182957807166268,TRUE
335424.5,4307029.5,CRBU,122.63015747070312,0,S05.a,S04.a,13.903892951077399,M03,13.919055923445143,0.015162972367743777,TRUE
328097.5,4308269.5,CRBU,128.25827026367188,0,S04.b,S10.a,8.500974000125526,S10.b,8.646126977247151,0.14515297712162578,TRUE
328334.5,4308764.5,CRBU,128.07974243164062,0,S01.a,S10.b,8.557210398950511,S10.a,8.62026824781597,0.06305784886545851,TRUE
334244.5,4305185.5,CRBU,125.59425354003906,0.04100000113248825,S11,S11,6.9817386593422155,S02.b,7.109772403954693,0.12803374461247774,TRUE
329037.5,4307488.5,CRBU,123.46141815185548,0,S01.a,M04,7.502429863940072,S01.a,7.5055868248588675,0.0031569609187958037,TRUE
329211.5,4312128.5,CRBU,129.266845703125,0,S01.a,S10.b,15.769714067740653,S01.b,15.80933775712836,0.03962368938770666,TRUE
326493.5,4306104.5,CRBU,127.3271026611328,0,S11,S10.c,7.879227782706632,S11,8.329138876895689,0.4499110941890567,TRUE
329745.5,4312524.5,CRBU,123.8226089477539,0,S05.a,S10.b,10.62786408167439,S10.a,10.689447819725425,0.06158373805103423,TRUE
328319.5,4307842.5,CRBU,125.20453643798828,0,S10.a,S10.a,5.329441256378508,S10.c,5.440171517971065,0.11073026159255672,FALSE
329850.5,4302632.5,CRBU,115.51087951660156,0,S05.a,S05.a,14.511751968802951,S01.b,14.775687390250434,0.26393542144748317,TRUE
330661.5,4310404.5,CRBU,122.93404388427734,0,M04,S10.b,7.650045651713155,S10.a,7.88595607409362,0.23591042238046533,TRUE
335466.5,4307491.5,CRBU,127.1436004638672,0,M03,S04.a,10.790451455689926,S10.b,10.834503837931523,0.04405238224159724,TRUE
326472.5,4307827.5,CRBU,128.30718994140625,0,Salix wolfii,S21,15.095588125052208,S23,16.915973178110605,1.8203850530583967,TRUE
326277.5,4305890.5,CRBU,125.19853973388672,0,S05.a,S04.a,12.555947145521749,M03,12.609173223764776,0.05322607824302672,TRUE
330109.5,4301644.5,CRBU,125.54308319091795,0,S18,S24.b,15.613666433853451,S25,15.830565103849441,0.21689866999598983,TRUE
331004.5,4310908.5,CRBU,125.6588134765625,0,S10.a,S04.a,9.469024301992546,S10.b,9.593866523889403,0.12484222189685745,TRUE
327778.5,4303695.5,CRBU,128.9468994140625,0,S01.b,S10.a,13.881786231986895,M03,13.997489953772897,0.11570372178600152,TRUE
333367.5,4310017.5,CRBU,127.17228698730467,0,S01.a,S02.a,11.864792304540916,S10.b,11.947579087389778,0.08278678284886176,TRUE
335718.5,4306122.5,CRBU,129.86965942382812,0,S05.a,M03,11.841138180232116,S04.a,12.019128241967499,0.17799006173538245,TRUE
331007.5,4310815.5,CRBU,125.1455535888672,0,S10.a,S10.b,7.966617893274041,S10.a,8.454410632043473,0.4877927387694321,TRUE
327691.5,4310203.5,CRBU,129.56080627441406,0,S01.a,M02,11.904046049386476,S08.a,11.947189841152033,0.04314379176555683,TRUE
334613.5,4309083.5,CRBU,129.72265625,0,M02,Ligusticum porteri,6.433784145978077,Osmorhiza occidentalis,6.569967092746407,0.1361829467683302,FALSE
331397.5,4310950.5,CRBU,126.54293060302734,0,S05.a,S11,11.21516074784939,S10.a,11.877684694380083,0.6625239465306922,TRUE
329505.5,4305467.5,CRBU,112.8438491821289,0,S01.a,S10.c,8.13523485686919,S02.b,8.311586904290886,0.1763520474216964,TRUE
333097.5,4309188.5,CRBU,118.9750518798828,0,M04,S10.b,6.352468597589932,S02.b,6.64761879325573,0.2951501956657978,FALSE
332433.5,4310182.5,CRBU,122.78756713867188,0,S04.b,S10.b,8.835604393738395,S10.a,9.030204297637207,0.194599903898812,TRUE
332874.5,4309404.5,CRBU,116.59019470214844,0,S11,M04,5.4738817944878715,S10.b,5.5036295984245225,0.029747803936650996,FALSE
334643.5,4308755.5,CRBU,118.29962158203124,0,M03,M03,14.312253327994734,S04.a,14.551112451914836,0.23885912392010233,TRUE
334346.5,4305581.5,CRBU,121.85824584960938,0,S01.a,S11,10.276583355491345,S10.b,10.41287556437228,0.13629220888093485,TRUE
332556.5,4309437.5,CRBU,119.1592788696289,0,S10.a,S10.b,8.834118595910306,S10.a,9.036523734188307,0.20240513827800122,TRUE
329139.5,4311734.5,CRBU,126.43639373779295,0,S01.a,S10.b,7.776349720881674,S10.a,7.959842680902339,0.18349296002066495,TRUE
329625.5,4302512.5,CRBU,121.9502944946289,0,S25,S25,22.448183721293354,S24.a,22.69850965797916,0.2503259366858046,TRUE
335271.5,4305446.5,CRBU,120.79727935791016,0,S01.a,S10.b,6.86786337029604,S10.a,6.938126858015501,0.070263487719461,FALSE
328895.5,4302248.5,CRBU,123.96240997314452,0,S10.a,S10.b,6.99997229188432,S10.a,7.1676320810307,0.1676597891463798,TRUE
334049.5,4308206.5,CRBU,116.25472259521484,0,S05.a,S04.a,12.598926796727303,M03,12.62999042077018,0.031063624042877436,TRUE
330139.5,4310890.5,CRBU,128.56797790527344,0,Juniperus sp.,S26,8.849237938483263,S07,8.960255196220016,0.1110172577367532,TRUE
331343.5,4302125.5,CRBU,118.0162353515625,0,S25,M03,14.567592082109217,S04.a,14.627978545465377,0.060386463356159936,TRUE
328952.5,4302983.5,CRBU,121.86627197265624,0,S18,S24.b,24.05152560332213,S22,24.07361671489032,0.02209111156819077,TRUE
329001.5,4305290.5,CRBU,113.30265808105467,0,S05.a,S10.b,10.060536119513007,S10.a,10.127910761583058,0.0673746420700514,TRUE
322601.5,4311515.5,CRBU,127.3112335205078,0.10000000149011612,S10.a,S09.a,5.998169516983675,S10.b,6.036247766804019,0.03807824982034358,FALSE
330499.5,4303785.5,CRBU,118.30575561523438,0,S01.a,S04.a,13.781248090211372,S02.a,13.797618309586419,0.016370219375046346,TRUE
334424.5,4307083.5,CRBU,125.29696655273438,0,S19,S26,9.986328668501535,S10.c,10.19254200911716,0.20621334061562457,TRUE
325472.5,4308545.5,CRBU,124.06146240234376,0,S02.a,S10.b,12.92803835187493,S10.a,12.970408299131709,0.04236994725677867,TRUE
331832.5,4310176.5,CRBU,125.71607208251952,0,S01.a,S02.a,11.54973014389346,S04.a,11.577086398055583,0.027356254162123506,TRUE
334589.5,4304506.5,CRBU,115.16055297851562,0,S01.b,S04.a,11.845181701073452,M03,12.192643774366442,0.3474620732929896,TRUE
335688.5,4306746.5,CRBU,113.08390808105467,0,S02.a,S02.a,10.150956711464353,S02.b,10.254586187327064,0.10362947586271076,TRUE
335058.5,4307776.5,CRBU,123.41130828857422,0,S01.a,S04.a,12.94807048825265,S02.a,13.089243137707543,0.1411726494548926,TRUE
330805.5,4304149.5,CRBU,118.67948150634766,0,S02.a,S02.a,13.992713463061916,S10.b,14.036910885078182,0.044197422016265975,TRUE
325664.5,4304269.5,CRBU,110.7926788330078,0,S01.a,S10.b,11.683529145876195,S01.a,11.748690508156653,0.06516136228045788,TRUE
330406.5,4311245.5,CRBU,129.31263732910156,0,S01.a,S10.b,9.42238597783606,S10.a,9.624611660708652,0.20222568287259257,TRUE
334430.5,4306662.5,CRBU,124.32732391357422,0,S01.b,S10.b,15.03015472732349,S10.a,15.081752743050105,0.05159801572661493,TRUE
331391.5,4310161.5,CRBU,119.53202056884766,0,S01.a,S10.b,9.17387610716285,S10.a,9.265147195259605,0.09127108809675555,TRUE
331379.5,4302203.5,CRBU,117.78665924072266,0,S01.b,S04.a,14.09160432362325,M03,14.157470471704423,0.06586614808117375,TRUE
323850.5,4309668.5,CRBU,128.60252380371094,0,S10.a,S10.a,8.312137779305564,S10.b,8.423531331946647,0.11139355264108275,TRUE
334358.5,4308983.5,CRBU,117.3135986328125,0,S10.b,S10.b,6.696358150944965,Osmorhiza occidentalis,6.992451874229825,0.2960937232848604,FALSE
330526.5,4301566.5,CRBU,119.60633087158205,0,S19,S10.b,7.535244752376717,S10.c,7.56413535973388,0.02889060735716331,TRUE
328610.5,4301875.5,CRBU,102.8667984008789,0,S10.b,S10.b,6.544394537769128,S10.c,6.966719892887517,0.42232535511838876,FALSE
330508.5,4311245.5,CRBU,124.14389038085938,0,S10.a,S10.b,6.759765667652038,S10.a,7.00836043735041,0.24859476969837146,FALSE
328997.5,4314863.5,CRBU,127.41043853759766,0,S01.a,S06.b,14.604565930662782,M02,14.692456701307751,0.08789077064496986,TRUE
335859.5,4306902.5,CRBU,106.19698333740234,0,S11,S11,8.279507957689722,S10.b,9.670140564787536,1.3906326070978139,TRUE
330505.5,4303548.5,CRBU,118.27513885498048,0,M03,S10.b,8.362631900416062,S10.a,8.613911649262926,0.2512797488468639,TRUE
329604.5,4313104.5,CRBU,122.14788055419922,0,S10.a,S10.b,7.911078259873925,S09.a,8.331819123420217,0.4207408635462926,TRUE
333238.5,4310041.5,CRBU,129.16180419921875,0,S11,Osmorhiza occidentalis,6.914495075180486,Veratrum tenuipetalum,7.104015384503486,0.189520309323,FALSE
328787.5,4308983.5,CRBU,125.0197982788086,0,S10.a,S10.b,8.568274078776948,M02,8.704130683773847,0.13585660499689922,TRUE
333898.5,4307662.5,CRBU,128.181884765625,0,S18,S24.b,17.73683355519501,S24.a,18.10544083830239,0.3686072831073801,TRUE
328253.5,4306512.5,CRBU,126.82242584228516,0,S10.a,S10.b,5.881514235595017,S10.a,5.944845319722526,0.06333108412750832,FALSE
328991.5,4305098.5,CRBU,118.0051040649414,0,S01.a,S10.a,9.343853112008244,M04,9.572702556572631,0.22884944456438738,TRUE
326841.5,4307245.5,CRBU,123.06012725830078,0,S05.a,S10.b,11.189180338908471,S10.a,11.256756891458007,0.06757655254953576,TRUE
333109.5,4309257.5,CRBU,121.28629302978516,0,S04.b,S04.a,7.657922643476905,S02.a,7.877738865598002,0.2198162221210973,TRUE
330340.5,4305221.5,CRBU,111.15978240966795,0,S10.a,S10.b,10.163286447290837,S10.a,10.669641060752824,0.506354613461987,TRUE
329595.5,4307944.5,CRBU,128.25770568847656,0,S25,S25,19.78862687630743,S24.b,20.04018856121754,0.25156168491011144,TRUE
332730.5,4313251.5,CRBU,127.41535186767578,0,S20,S12,24.89803142019521,S24.a,25.582097295768214,0.6840658755730047,TRUE
329679.5,4311836.5,CRBU,123.86609649658205,0,S01.a,S10.b,14.750336808701096,S01.b,14.78082218578687,0.030485377085772924,TRUE
322937.5,4310992.5,CRBU,123.39803314208984,0,S10.a,S10.b,7.156714075927471,S10.a,7.419580756105722,0.26286668017825043,TRUE
333718.5,4310851.5,CRBU,116.99539947509766,0,S01.a,S01.a,12.610011992073106,S10.b,12.746557250617618,0.13654525854451194,TRUE
329424.5,4309656.5,CRBU,129.2931671142578,0,S10.b,S10.b,8.420521588207745,S10.a,8.535929231703921,0.1154076434961766,TRUE
334592.5,4304197.5,CRBU,119.58649444580078,0,S22,S22,18.654554179656785,S24.b,19.240461984282614,0.5859078046258297,TRUE
333628.5,4308266.5,CRBU,126.5598602294922,0,Juniperus sp.,S21,24.51188196982001,S26,24.725650030392806,0.21376806057279651,TRUE
330382.5,4303860.5,CRBU,118.98123168945312,0,S05.a,S04.a,12.102509399123853,M03,12.403557379794702,0.30104798067084815,TRUE
330733.5,4302947.5,CRBU,120.3053207397461,0,S05.a,S10.b,13.159561139166923,S01.b,13.204611888638155,0.045050749471231555,TRUE
329520.5,4312182.5,CRBU,129.5821533203125,0,S01.a,S10.a,11.43278428377583,S10.b,11.446247178106919,0.013462894331089714,TRUE
331040.5,4311092.5,CRBU,129.38404846191406,0,S01.b,S01.b,12.751818908730192,S02.a,12.803230995647732,0.051412086917540734,TRUE
333304.5,4309599.5,CRBU,119.78710174560548,0,S01.a,S10.b,11.925424768662868,S10.a,12.273263476526399,0.34783870786353077,TRUE
331337.5,4302644.5,CRBU,115.1626434326172,0,S01.b,S04.a,12.924422566188069,M03,13.027309382152321,0.10288681596425242,TRUE
328523.5,4308689.5,CRBU,129.3673095703125,0,S01.a,S10.a,7.760647961970883,S10.c,7.967714950627632,0.20706698865674866,TRUE
329940.5,4309650.5,CRBU,125.54389190673828,0,S11,S11,9.734361297815337,S01.a,9.822055035787807,0.08769373797247049,TRUE
331658.5,4310899.5,CRBU,124.92835235595705,0,S01.a,S10.b,8.535089222920995,S10.a,8.632065298262887,0.09697607534189245,TRUE
332367.5,4308719.5,CRBU,126.92831420898438,0,Salix wolfii,Salix other,9.523486124474088,Salix wolfii,9.669956317898002,0.1464701934239141,TRUE
328937.5,4305524.5,CRBU,110.52608489990234,0,S05.a,S10.c,8.871979187076292,S10.a,9.05273068903516,0.18075150195886813,TRUE
335904.5,4310137.5,CRBU,128.602783203125,0,S01.a,S24.b,15.886839759701482,S24.a,15.953565211194128,0.06672545149264586,TRUE
327850.5,4306080.5,CRBU,116.5852508544922,0.19200000166893005,M04,S10.b,7.352513192290161,S10.a,7.537320297884536,0.1848071055943752,TRUE
326118.5,4308122.5,CRBU,128.20375061035156,0,S10.a,S10.a,6.471806603606268,S10.b,6.511873506130476,0.04006690252420775,FALSE
328805.5,4307320.5,CRBU,119.29983520507812,0,S09.a,S10.b,5.820290623486683,S10.a,6.23185917199434,0.411568548507657,FALSE
331067.5,4312374.5,CRBU,128.0651397705078,0,S10.a,S10.b,7.200293456024248,S09.a,7.455793852349943,0.25550039632569543,TRUE
332466.5,4310164.5,CRBU,122.57955932617188,0,S10.a,S10.b,6.551342180914938,S10.a,6.995246115388983,0.4439039344740445,FALSE
334223.5,4307999.5,CRBU,116.41638946533205,0,S01.a,S02.a,13.831665618185118,S04.a,13.891572000035344,0.0599063818502259,TRUE
328436.5,4306029.5,CRBU,123.7021484375,0,S18,S18,17.451967293465113,S24.b,17.848132126171116,0.39616483270600256,TRUE
327562.5,4304896.5,CRBU,126.46200561523438,0,S10.a,S10.c,8.400429475606698,S10.a,8.60446018749986,0.20403071189316258,TRUE
328517.5,4306698.5,CRBU,123.9267578125,0,S02.a,S02.a,9.749024275462466,S02.b,9.952843056143138,0.20381878068067216,TRUE
334946.5,4307584.5,CRBU,119.19375610351562,0,S01.a,S04.a,12.06826356979354,S02.a,12.086572781931824,0.01830921213828418,TRUE
331781.5,4311899.5,CRBU,128.74313354492188,0,S10.a,S10.b,7.098327281184002,S10.a,7.355278085495953,0.25695080431195105,TRUE
329847.5,4307587.5,CRBU,120.81996154785156,0,S10.a,S10.b,7.111867339869067,S10.a,7.503368903088868,0.39150156321980045,TRUE
329646.5,4312377.5,CRBU,125.02075958251952,0,S01.a,S01.a,8.892077976634893,S10.b,8.91402059723132,0.02194262059642682,TRUE
330145.5,4310338.5,CRBU,129.37039184570312,0,S10.a,S10.b,9.391078863818267,S10.a,9.614091860502851,0.2230129966845844,TRUE
332493.5,4309998.5,CRBU,122.55097198486328,0,S10.a,S10.b,7.677281750312946,S10.a,7.986153728788728,0.30887197847578207,TRUE
331778.5,4302107.5,CRBU,123.73468780517578,0,S01.a,M04,14.282095185924023,S01.b,14.294071348928075,0.011976163004051799,TRUE
329643.5,4311596.5,CRBU,122.90644073486328,0,S01.a,S11,13.413661857388036,S10.a,14.938600261274045,1.5249384038860097,TRUE
334361.5,4309323.5,CRBU,128.4246826171875,0,S05.a,M03,14.245631333776169,S04.a,14.400599821238684,0.15496848746251501,TRUE
329316.5,4302614.5,CRBU,126.44318389892578,0,S01.a,S01.b,15.388390641752475,S01.a,15.47493149255731,0.08654085080483576,TRUE
329052.5,4307191.5,CRBU,112.86302185058594,0,S01.a,S01.a,9.873025199472396,M04,10.023796155296692,0.15077095582429578,TRUE
329241.5,4305155.5,CRBU,116.01163482666016,0,S01.a,S22,16.133650952494797,S01.a,16.219341161663007,0.08569020916820946,TRUE
333451.5,4309608.5,CRBU,121.42481231689452,0,S01.a,S01.a,14.05467334445097,S02.a,14.088987548435908,0.034314203984937564,TRUE
335154.5,4305947.5,CRBU,124.24665832519533,0,S24.a,S24.b,17.71812764276559,S24.a,17.974747242265796,0.25661959950020474,TRUE
332118.5,4309749.5,CRBU,120.93716430664062,0,S01.a,S10.b,11.019606982000896,S10.a,11.074405472986662,0.054798490985765724,TRUE
336589.5,4307377.5,CRBU,112.3929214477539,0,S01.a,S10.b,8.062605130673536,S11,8.342049486305855,0.27944435563231984,TRUE
336067.5,4308473.5,CRBU,119.8779525756836,0,S01.a,S02.b,11.506681302855338,S02.a,11.57834432228498,0.07166301942964282,TRUE
328181.5,4309059.5,CRBU,121.41159057617188,0,S11,S10.b,7.000821413844262,S11,7.075438594018595,0.07461718017433316,TRUE
326679.5,4306218.5,CRBU,126.59281158447266,0,S04.b,M03,11.745350816628614,S01.b,11.82781759472971,0.0824667781010966,TRUE
331241.5,4310575.5,CRBU,119.58281707763672,0,S01.a,S02.a,11.536788623694852,S10.b,11.73369010071831,0.19690147702345762,TRUE
333040.5,4309428.5,CRBU,121.17311096191406,0,S04.b,S10.b,9.681153429081885,S04.a,9.83180320422127,0.15064977513938516,TRUE
331262.5,4310104.5,CRBU,113.72473907470705,0,M04,S10.b,6.5193205303743,S10.a,6.979377278120382,0.46005674774608263,FALSE
332040.5,4309713.5,CRBU,124.46318817138672,0,S01.a,S10.b,11.287413258371089,S10.a,11.35243998234394,0.06502672397285103,TRUE
329130.5,4312107.5,CRBU,129.24667358398438,0,S01.a,S10.b,11.735648197567153,S10.a,11.833658784810845,0.09801058724369227,TRUE
322715.5,4311095.5,CRBU,121.01806640625,0,S10.a,S26,7.621862302908463,S10.b,7.8727539148066565,0.25089161189819364,TRUE
334532.5,4304467.5,CRBU,116.69514465332033,0,S01.a,S02.a,11.037059189587575,S10.b,11.189046032016035,0.15198684242846028,TRUE
330259.5,4303605.5,CRBU,118.16242218017578,0,S10.a,S10.b,8.749360907104808,S10.a,8.838963220384112,0.08960231327930401,TRUE
326844.5,4306962.5,CRBU,122.97191619873048,0.1809999942779541,M03,S10.b,9.882559973183556,S10.a,10.007578961975451,0.12501898879189532,TRUE
332895.5,4309803.5,CRBU,123.99044036865234,0,S05.a,S04.a,11.050095084415338,M03,11.271527089690242,0.22143200527490414,TRUE
335586.5,4306137.5,CRBU,126.52627563476562,0,M04,S10.b,6.789300672260237,S10.a,7.13785084406075,0.34855017180051373,FALSE
327817.5,4308746.5,CRBU,125.87044525146484,0,S02.a,S11,7.132069267905893,S10.b,7.160103772359744,0.028034504453851028,TRUE
329079.5,4307482.5,CRBU,125.16831970214844,0,S11,S10.c,5.729219420752117,S10.a,6.114014934516247,0.38479551376412946,FALSE
329442.5,4308239.5,CRBU,121.47152709960938,0,S01.a,S02.a,10.029625714057275,S11,10.114225687260877,0.08459997320360202,TRUE
336103.5,4307110.5,CRBU,109.89122009277344,0,S01.a,S11,10.940438593556065,S01.a,11.149046650236562,0.20860805668049665,TRUE
331802.5,4310881.5,CRBU,124.63710021972656,0,S10.a,S10.b,6.669298853533426,S10.a,6.945719270532585,0.27642041699915954,FALSE
329868.5,4307683.5,CRBU,120.57664489746094,0,S10.a,S10.b,7.990466572286203,S10.a,8.346202104076,0.35573553178979633,TRUE
325904.5,4307758.5,CRBU,126.00567626953124,0,S05.a,S12,14.323673353938762,S01.a,14.717298871769938,0.3936255178311754,TRUE
329574.5,4304851.5,CRBU,119.21516418457033,0,S01.a,S10.a,9.330832954437094,S11,9.344714605978753,0.013881651541659323,TRUE
329409.5,4303785.5,CRBU,123.6251983642578,0,S19,S26,9.810679837742628,S10.b,10.078827981675184,0.2681481439325566,TRUE
334535.5,4304086.5,CRBU,120.2070083618164,0,S22,S22,17.47159856233558,S14,19.13100089970167,1.6594023373660924,TRUE
333535.5,4308674.5,CRBU,118.8319854736328,0,S01.a,S02.a,10.163049246985237,S01.a,10.205464072761687,0.042414825776450726,TRUE
329778.5,4311890.5,CRBU,128.5080108642578,0,S01.b,S10.b,14.652073688733129,S10.a,14.74561681716205,0.09354312842892121,TRUE
332538.5,4312605.5,CRBU,124.22976684570312,0,S01.a,S06.b,11.933864133052221,S02.b,12.006753613710192,0.0728894806579703,TRUE
334031.5,4308269.5,CRBU,116.77140808105467,0,S01.a,S10.b,11.222163649375359,S01.a,11.400461762193945,0.17829811281858632,TRUE
335187.5,4307695.5,CRBU,119.1143035888672,0,S05.a,S04.a,9.900023025362497,M03,10.17127101748185,0.2712479921193527,TRUE
332415.5,4301893.5,CRBU,122.3093719482422,0,S18,S18,14.783433680870758,S24.b,15.142607846457256,0.3591741655864986,TRUE
335595.5,4306902.5,CRBU,117.26992797851562,0,S01.a,S10.b,7.485567867551527,S10.a,7.932491789106523,0.44692392155499583,TRUE
335769.5,4307131.5,CRBU,124.73758697509766,0,S01.b,S04.a,13.124203356495608,M03,13.444027920524166,0.31982456402855775,TRUE
336898.5,4309095.5,CRBU,128.7335205078125,0,S01.a,S02.a,11.994065414546936,S04.a,12.068368071087857,0.07430265654092061,TRUE
335622.5,4307932.5,CRBU,127.5019760131836,0,M03,M03,12.378968001753016,S04.a,12.389874217016514,0.010906215263497998,TRUE
331352.5,4310113.5,CRBU,119.73599243164062,0,S01.a,S10.b,9.107885439506001,M04,9.18948414762158,0.08159870811557823,TRUE
333967.5,4308965.5,CRBU,119.77686309814452,0,S01.a,S10.b,11.757093442117748,M04,11.988501700836727,0.23140825871897874,TRUE
327205.5,4306515.5,CRBU,128.4574737548828,0,S01.a,S10.a,8.008727235630724,S10.b,8.089553826397193,0.0808265907664687,TRUE
328367.5,4306074.5,CRBU,120.7914047241211,0,S02.a,S02.a,10.594736627295529,M04,10.708920125092009,0.11418349779648018,TRUE
329799.5,4305296.5,CRBU,117.37895965576172,0,S01.a,S02.a,11.287752954730047,S04.a,11.39948697265292,0.1117340179228723,TRUE
334277.5,4304980.5,CRBU,124.77529907226562,0,M03,S04.a,9.559662565017355,M03,9.943042165584815,0.38337960056746034,TRUE
331265.5,4301446.5,CRBU,115.63333892822266,0,S25,S24.b,15.662883523282753,S24.a,15.827555715173268,0.1646721918905154,TRUE
335286.5,4308839.5,CRBU,104.82410430908205,0,S01.a,S10.b,9.459126638478201,S01.a,10.149052446606689,0.6899258081284874,TRUE
329646.5,4306230.5,CRBU,115.8487777709961,0,S11,S10.c,7.300297914865117,S10.b,7.409831346254393,0.10953343138927618,TRUE
334319.5,4306902.5,CRBU,128.6534881591797,0,S10.a,S10.c,7.771170338226402,S10.a,8.169086589930433,0.39791625170403133,TRUE
329952.5,4301692.5,CRBU,125.53797912597656,0,S11,S10.c,7.7130564123717935,S10.a,7.866820802143028,0.15376438977123463,TRUE
329181.5,4302968.5,CRBU,117.26408386230467,0,S25,S24.b,21.54748660331459,S24.a,21.668367368430445,0.12088076511585655,TRUE
334052.5,4306227.5,CRBU,121.79695129394533,0,S01.a,S11,14.751648844813069,S01.a,14.85019782590056,0.09854898108749133,TRUE
329817.5,4312176.5,CRBU,125.2836456298828,0,S01.a,S10.b,12.221607409779368,S02.a,12.479110329362843,0.2575029195834748,TRUE
320688.5,4298032.5,CRBU,127.9990692138672,0,S06.b,S06.b,11.452310051362335,S10.a,11.464810767095726,0.012500715733390066,TRUE
327454.5,4306290.5,CRBU,120.77970123291016,0,S02.a,S02.a,8.404929552977332,S10.b,8.441340346066264,0.03641079308893147,TRUE
335817.5,4307140.5,CRBU,119.32134246826172,0,M03,M03,16.149593087138285,S22,16.28803410716672,0.13844102002843428,TRUE
333145.5,4308575.5,CRBU,123.05330657958984,0,S01.a,S10.a,12.955649333134449,S10.b,13.005554652751742,0.04990531961729339,TRUE
328019.5,4312914.5,CRBU,129.91094970703125,0,S01.a,S10.a,7.901395833431183,S10.c,8.155605013182045,0.25420917975086255,TRUE
333706.5,4309146.5,CRBU,122.54255676269533,0,M03,S10.b,10.7451818840985,S04.a,10.868772500161118,0.1235906160626179,TRUE
334133.5,4307284.5,CRBU,129.2395782470703,0,S01.a,S10.b,13.683148976516106,S01.b,13.850944845688106,0.16779586917200007,TRUE
331313.5,4303902.5,CRBU,118.01158905029295,0.5989999771118164,S05.a,M03,13.362683800614377,S04.a,13.42161931352385,0.058935512909473076,TRUE
333613.5,4308077.5,CRBU,125.035400390625,0,S19,Sambucus racemosa,13.307161063540422,Lonicera involucrata,13.438263474505032,0.13110241096461017,TRUE
330379.5,4304287.5,CRBU,110.90473175048828,0,M03,S10.b,9.168581883744176,S04.a,9.426826501694178,0.25824461795000175,TRUE
328397.5,4306002.5,CRBU,118.26969909667967,0,S02.a,S02.a,12.385721152977435,M04,12.58526406482167,0.1995429118442349,TRUE
330799.5,4311479.5,CRBU,129.15548706054688,0,M03,S04.a,8.842959206710882,S10.b,8.870762056933131,0.027802850222249376,TRUE
332418.5,4310224.5,CRBU,122.77935028076172,0,S04.b,S10.b,7.634647780996014,S10.a,8.023651884185101,0.3890041031890874,TRUE
331850.5,4301779.5,CRBU,121.83189392089844,0,S01.a,S10.b,8.036729402601734,M04,8.09741801758002,0.060688614978285926,TRUE
335721.5,4306038.5,CRBU,128.50401306152344,0,S01.a,S04.a,8.426648995539871,S02.a,8.450633063508278,0.023984067968406464,TRUE
334778.5,4308239.5,CRBU,123.73978424072266,0,S01.a,S10.b,8.274286509549176,S01.a,8.534057739442753,0.2597712298935768,TRUE
328925.5,4306359.5,CRBU,120.58368682861328,0,S05.a,S10.a,8.329349556321214,S10.b,8.393409297761199,0.06405974143998527,TRUE
327037.5,4306938.5,CRBU,122.9775619506836,0.20900000631809235,S10.a,S10.b,11.36052647341914,S10.a,11.462586667177684,0.10206019375854325,TRUE
335739.5,4306035.5,CRBU,128.50401306152344,0,M03,S04.a,10.0796827562575,M03,10.351882557694315,0.2721998014368161,TRUE
333541.5,4310782.5,CRBU,124.89964294433594,0,S01.a,S01.a,13.851792296931555,S10.b,13.872781632403134,0.02098933547157955,TRUE
329181.5,4306464.5,CRBU,110.58706665039062,0,S04.b,S10.b,10.082947137074045,S04.a,10.354059212454871,0.2711120753808256,TRUE
336613.5,4307182.5,CRBU,106.88409423828124,0,S01.a,S01.a,13.63224038930594,S01.b,13.750846685461386,0.1186062961554466,TRUE
334274.5,4306344.5,CRBU,124.49813842773438,0,S01.a,S04.a,11.25244064126909,S02.a,11.570537895524188,0.3180972542550986,TRUE
330706.5,4303572.5,CRBU,118.7080535888672,0,S01.a,S01.a,12.29578584768955,M04,12.36814020540854,0.07235435771899112,TRUE
334199.5,4309581.5,CRBU,127.95640563964844,0,S10.a,S10.b,6.892911840916133,Osmorhiza occidentalis,7.094788228061402,0.20187638714526912,FALSE
324061.5,4310215.5,CRBU,126.2094955444336,0,M03,S01.b,6.546073195594333,S01.a,7.1016205966697,0.5555474010753665,FALSE
330670.5,4310497.5,CRBU,125.06158447265624,0,S01.a,S10.b,10.489507865352685,S10.a,10.70567737316293,0.21616950781024435,TRUE
332703.5,4309215.5,CRBU,117.20921325683594,0,S10.a,S10.a,8.234562383182555,S10.b,8.25047807652496,0.01591569334240539,TRUE
334724.5,4308122.5,CRBU,126.01818084716795,0,S01.a,S02.a,11.487570732708937,S02.b,11.53768576172673,0.05011502901779252,TRUE
329292.5,4305386.5,CRBU,115.764404296875,0,S02.a,S02.a,11.674509829374477,S02.b,11.770286881412236,0.09577705203775899,TRUE
329418.5,4308125.5,CRBU,121.5186767578125,0,M04,Artemisia tridentata,16.592016096908623,Amelanchier alnifolia,16.782365337479323,0.19034924057070057,TRUE
336982.5,4307440.5,CRBU,111.15503692626952,0,S18,S24.b,16.04873153901927,S18,16.190650867705386,0.141919328686118,TRUE
328475.5,4307611.5,CRBU,121.63282775878906,0,M04,S10.b,7.029910815430345,S10.a,7.352819773423507,0.3229089579931621,TRUE
331391.5,4311497.5,CRBU,126.43692016601562,0,S11,S10.a,6.048828473057823,S10.c,6.184445238176885,0.13561676511906207,FALSE
329016.5,4304467.5,CRBU,118.96185302734376,0,S01.a,S04.a,8.306634265267448,S10.b,8.565762285633342,0.25912802036589433,TRUE
327079.5,4307290.5,CRBU,122.76026916503906,0,S10.a,S10.b,6.620671340793519,S10.a,6.965458090228787,0.34478674943526766,FALSE
329496.5,4307770.5,CRBU,118.99486541748048,0,S01.a,Osmorhiza occidentalis,11.907789125961896,M02,11.930079957582498,0.022290831620601637,TRUE
335286.5,4305641.5,CRBU,123.36569213867188,0,S05.a,S04.a,10.927282258460085,M03,11.052144224627805,0.12486196616771927,TRUE
325520.5,4304386.5,CRBU,120.50264739990234,0,S10.a,S10.b,6.9165247028585775,S10.a,6.9464117999704005,0.029887097111823024,FALSE
334832.5,4308233.5,CRBU,124.41566467285156,0,S01.a,S11,11.141655279374268,S02.a,11.185335793829921,0.04368051445565335,TRUE
331634.5,4310566.5,CRBU,127.11644744873048,0,S10.a,S10.b,9.10500645362414,S04.a,9.348759423931185,0.24375297030704424,TRUE
336499.5,4306839.5,CRBU,116.40721130371094,0,S18,S24.a,15.937714272764298,S10.a,16.050729626966987,0.11301535420268927,TRUE
335532.5,4306392.5,CRBU,117.58627319335938,0,S01.a,S02.a,14.642508502576389,S04.a,14.669838950242386,0.02733044766599768,TRUE
326547.5,4308215.5,CRBU,124.23502349853516,0,M03,M03,9.468242444516186,S04.a,9.563681520542032,0.09543907602584589,TRUE
330877.5,4310413.5,CRBU,116.77953338623048,0,S01.a,S10.b,8.706452928893313,S10.a,9.175367703863385,0.46891477497007195,TRUE
326832.5,4307302.5,CRBU,117.47303009033205,0.3540000021457672,S01.a,S10.a,14.141925016095334,S10.b,14.167581931383793,0.025656915288459814,TRUE
336349.5,4307359.5,CRBU,120.6283950805664,0,S05.a,S04.a,10.244545968590906,M03,10.67713554818749,0.4325895795965842,TRUE
329895.5,4305728.5,CRBU,115.07974243164062,0,S10.a,S10.b,9.0017113740742,S10.a,9.248493192520119,0.2467818184459194,TRUE
327694.5,4309962.5,CRBU,125.53450012207033,0,S01.a,S04.a,14.353432891130728,S02.a,14.41759916956296,0.0641662784322321,TRUE
327154.5,4305134.5,CRBU,127.66807556152344,0,S05.a,S17,150.54892948917364,S15,150.77181369424525,0.22288420507160822,TRUE
331574.5,4311347.5,CRBU,127.30257415771484,0,S10.a,S10.b,8.043664456580565,S10.a,8.19374605476587,0.1500815981853041,TRUE
331583.5,4301002.5,CRBU,107.79059600830078,0,S25,S24.b,15.409184464583376,S24.a,15.448827249120068,0.03964278453669223,TRUE
329226.5,4311935.5,CRBU,128.14576721191406,0,S01.b,S01.b,15.131969322499998,S10.b,15.142566052437578,0.010596729937580207,TRUE
328967.5,4304857.5,CRBU,119.46063232421876,0,S06.b,S06.b,12.91802867926161,S10.a,12.980930032142284,0.06290135288067411,TRUE
330199.5,4311806.5,CRBU,127.99441528320312,0,S01.a,S10.a,10.454428960027373,S10.b,10.534431323318667,0.08000236329129429,TRUE
330466.5,4311371.5,CRBU,124.4982452392578,0,S10.a,S10.b,7.244648847259791,S10.a,7.636791136590255,0.39214228933046424,TRUE
328217.5,4306005.5,CRBU,126.34225463867188,0,S02.a,S02.a,9.770569519176835,S10.a,9.896945710389573,0.12637619121273858,TRUE
332475.5,4309614.5,CRBU,120.40506744384766,0,S10.a,S10.b,6.80632296706193,S10.c,7.047336791568305,0.24101382450637487,FALSE
334124.5,4307197.5,CRBU,126.77001953125,0,S18,S22,16.88104901409716,S02.a,17.157210487833154,0.27616147373599276,TRUE
332364.5,4310545.5,CRBU,120.67491912841795,0,S10.a,S10.b,7.42704116586363,S10.a,7.7343347388509125,0.3072935729872821,TRUE
329550.5,4302611.5,CRBU,119.1158447265625,0,S25,S24.b,17.43222411540984,S24.a,17.60079514199193,0.16857102658208944,TRUE
328286.5,4305980.5,CRBU,127.78801727294922,0,S05.a,S10.c,8.533536786755091,S04.a,8.650223592855598,0.11668680610050686,TRUE
329157.5,4306017.5,CRBU,116.5432586669922,0,S11,S11,9.24348434007194,S10.a,10.22292470216154,0.9794403620895995,TRUE
331007.5,4300911.5,CRBU,121.07262420654295,0,S18,S18,17.34008165472355,S24.b,17.424635245035944,0.0845535903123924,TRUE
335244.5,4306263.5,CRBU,119.22657775878906,0,S05.a,S04.a,12.163372513531655,M03,12.183000499430378,0.0196279858987225,TRUE
327361.5,4306872.5,CRBU,124.84187316894533,0,S10.a,S10.b,7.611999312033478,S10.a,7.810045944715707,0.198046632682229,TRUE
328427.5,4312677.5,CRBU,128.2929229736328,0,S11,S10.c,7.289565472476368,S10.a,7.538004335743767,0.24843886326739906,TRUE
328703.5,4307143.5,CRBU,127.38510131835938,0,S01.a,S10.b,8.47571557357057,S10.a,8.575446183286946,0.09973060971637615,TRUE
336049.5,4307329.5,CRBU,121.2510986328125,0,S02.a,S02.a,11.609125716184595,M04,11.688142800126961,0.07901708394236628,TRUE
334433.5,4309401.5,CRBU,127.79106903076172,0,M04,S10.b,7.067119843115565,S10.a,7.173118354647344,0.1059985115317792,TRUE
328856.5,4306290.5,CRBU,121.5006866455078,0,S10.a,S10.a,7.149987087671658,S10.b,7.272694578213964,0.12270749054230645,TRUE
329124.5,4312047.5,CRBU,129.03221130371094,0,S01.a,S10.a,8.261439661819802,S10.b,8.405898202824522,0.14445854100472033,TRUE
328979.5,4311857.5,CRBU,124.5375518798828,0,S10.a,S10.b,6.053767019100422,S09.a,6.169130553046788,0.11536353394636567,FALSE
328007.5,4306500.5,CRBU,127.59378814697266,0,S10.a,S10.a,9.191576892457437,S10.b,9.27798928424507,0.08641239178763271,TRUE
327319.5,4310266.5,CRBU,128.0525665283203,0,S01.a,S10.b,10.804395498885475,S10.a,10.842707535209454,0.038312036323979726,TRUE
330436.5,4303623.5,CRBU,118.40780639648438,0,S02.a,S02.a,13.644721758910613,S04.a,13.696797497229698,0.05207573831908441,TRUE
324979.5,4304386.5,CRBU,118.10330200195312,0,S01.a,S10.b,11.408798814166147,S04.a,11.497390890698782,0.08859207653263468,TRUE
336136.5,4307614.5,CRBU,128.57904052734375,0,S05.a,S04.a,14.808505092740752,M03,14.92149509555343,0.11299000281267801,TRUE
336397.5,4307167.5,CRBU,106.6186065673828,0.2680000066757202,S01.a,S01.a,13.759750049937837,S10.b,13.813209589551386,0.05345953961354866,TRUE
328769.5,4311980.5,CRBU,128.94346618652344,0,S10.a,S10.c,8.185568378314521,S10.a,8.456168121499248,0.2705997431847269,TRUE
334538.5,4304542.5,CRBU,116.77165985107422,0,S02.a,S02.a,14.500841972931363,S04.a,14.599374846809848,0.09853287387848475,TRUE
329274.5,4307560.5,CRBU,123.05940246582033,0,S02.a,S02.a,14.259429673368489,S02.b,14.419854638505168,0.16042496513667892,TRUE
326760.5,4307881.5,CRBU,122.5830535888672,0,S10.a,S10.b,8.203927156552162,S10.a,8.453838438557948,0.24991128200578672,TRUE
334463.5,4304077.5,CRBU,122.3434600830078,0,S22,S22,20.158412462806506,S14,22.11478246797455,1.9563700051680435,TRUE
328805.5,4305815.5,CRBU,121.16509246826172,0,S01.a,S04.a,13.005680523421061,S10.b,13.06504852226604,0.05936799884497823,TRUE
334229.5,4305992.5,CRBU,126.80004119873048,0,S11,S11,7.396105184651857,Osmorhiza occidentalis,7.7490663983974715,0.3529612137456146,TRUE
336000.5,4306920.5,CRBU,113.6231689453125,0,S01.a,S10.b,11.07750527784901,S01.a,11.36878138210684,0.2912761042578307,TRUE
323838.5,4303800.5,CRBU,129.28692626953125,0,S01.a,S10.b,12.565038710651763,S10.a,12.606847083466532,0.0418083728147689,TRUE
331223.5,4311359.5,CRBU,126.94854736328124,0,S01.a,S10.b,11.367907364121264,S10.a,11.409603329496063,0.04169596537479947,TRUE
335028.5,4307044.5,CRBU,123.88121032714844,0,S01.a,S10.b,10.87676132492104,S01.a,10.964003595764108,0.08724227084306868,TRUE
328178.5,4306128.5,CRBU,123.5147705078125,0,S11,S11,5.66923643284766,S10.c,6.307442529253821,0.6382060964061615,FALSE
335301.5,4305092.5,CRBU,127.04691314697266,0,S01.a,M04,10.58148337885442,S06.b,10.595465282659054,0.013981903804634044,TRUE
330385.5,4311245.5,CRBU,128.7326202392578,0,S01.a,S04.a,11.767861519492156,S02.a,12.00655551061289,0.23869399112073353,TRUE
334754.5,4307500.5,CRBU,117.1927261352539,0,S01.a,S10.b,11.242544728833641,S02.a,11.277487510936165,0.034942782102524106,TRUE
332190.5,4301971.5,CRBU,118.4589385986328,0,S18,S24.b,17.075253368632158,S24.a,17.12347886511464,0.048225496482483976,TRUE
331739.5,4310209.5,CRBU,120.09085083007812,0,S10.a,S10.b,8.574898560862088,S04.a,8.83212665892751,0.257228098065422,TRUE
331634.5,4310032.5,CRBU,114.65185546875,0,S01.a,S10.b,11.251196433922578,S10.a,11.492998029099025,0.2418015951764474,TRUE
332289.5,4301482.5,CRBU,117.45989990234376,0,S22,S01.b,18.244296359925123,S10.b,18.33004931916273,0.08575295923760606,TRUE
330592.5,4304437.5,CRBU,114.53738403320312,0,S01.a,S04.a,11.484430745089712,M03,11.771108984315685,0.2866782392259726,TRUE
327856.5,4306692.5,CRBU,123.84693908691406,0,S10.a,S10.b,7.577866222925085,S10.a,7.637343782666547,0.059477559741462294,TRUE
331790.5,4310461.5,CRBU,127.48342895507812,0,S10.a,S10.b,9.848650955904406,S10.a,9.967845197956386,0.11919424205198048,TRUE
326352.5,4308431.5,CRBU,128.17880249023438,0,S10.a,S09.a,5.384914024960711,S10.c,5.473230510907877,0.0883164859471659,FALSE
329706.5,4309542.5,CRBU,129.46878051757812,0,S01.a,S02.a,12.809521882004681,S10.a,13.016800378987881,0.2072784969832,TRUE
331865.5,4310347.5,CRBU,129.04226684570312,0.4889999926090241,S10.a,S06.b,7.549906865082891,S10.b,7.562762831442524,0.012855966359633264,TRUE
333244.5,4309314.5,CRBU,126.4098129272461,0,S01.a,S01.a,11.382437796411512,S11,11.384561365300556,0.0021235688890435256,TRUE
336094.5,4308293.5,CRBU,121.16771697998048,0,S01.a,S04.a,14.015431852488717,S02.a,14.211370932877927,0.19593908038920915,TRUE
333562.5,4309938.5,CRBU,117.4955825805664,0,S01.b,S01.a,13.65157605009914,S02.a,13.72263821464809,0.07106216454894998,TRUE
327385.5,4305473.5,CRBU,126.1295928955078,0,S26,S26,7.730936824114402,S10.b,8.832743230310454,1.1018064061960517,TRUE
328736.5,4312116.5,CRBU,122.62053680419922,0,S10.a,S10.b,7.494253677182684,S09.a,7.640979552882422,0.1467258756997385,TRUE
328487.5,4308782.5,CRBU,128.98391723632812,0,S11,S10.c,6.933049620572301,S10.a,7.1062280046643505,0.17317838409204978,FALSE
333643.5,4307803.5,CRBU,125.81190490722656,0,S18,S24.b,17.14560607977086,S10.a,17.190530785437698,0.04492470566683693,TRUE
329181.5,4311998.5,CRBU,127.86492156982422,0,S18,S24.b,16.21588486045897,S06.b,16.229837057049533,0.013952196590562238,TRUE
329247.5,4307359.5,CRBU,113.02117919921876,0,S11,Veratrum tenuipetalum,10.138121475905058,S03,10.456384977327144,0.31826350142208604,TRUE
334238.5,4309230.5,CRBU,124.91656494140624,0,S05.a,S01.b,14.991019203772659,M03,15.01315204314068,0.02213283936802135,TRUE
332265.5,4309092.5,CRBU,124.55707550048828,0,S01.a,S10.b,13.774228341592258,S10.a,13.80786655344138,0.03363821184912297,TRUE
325901.5,4304320.5,CRBU,125.20999908447266,0,S01.a,S04.a,9.688304806100831,S02.b,9.69087764923057,0.002572843129739155,TRUE
331682.5,4311122.5,CRBU,121.65603637695312,0,S10.a,S10.b,5.805387507240857,S10.a,6.195971698518152,0.39058419127729493,FALSE
326730.5,4307767.5,CRBU,121.87174987792967,0,S10.a,S10.b,7.0659531285369654,S09.a,7.3539511151472805,0.28799798661031506,TRUE
331229.5,4310188.5,CRBU,118.57817840576172,0,S10.a,S10.b,7.4517291465822595,S10.a,7.83464404266241,0.38291489608015095,TRUE
334349.5,4308713.5,CRBU,122.39450073242188,0,M03,S04.a,11.100767449975782,M03,11.3084390303224,0.20767158034661826,TRUE
332436.5,4301809.5,CRBU,118.36534118652344,0,S18,S24.b,16.10316512839977,S24.a,16.264696225484876,0.16153109708510627,TRUE
328580.5,4309278.5,CRBU,126.67306518554688,0,S10.a,S10.b,4.930612433758409,Osmorhiza occidentalis,5.206035924053003,0.27542349029459423,FALSE
336205.5,4308200.5,CRBU,125.73902893066406,0,S01.a,S04.a,8.60903199064063,S01.a,9.081333087890263,0.4723010972496322,TRUE
337007.5,4308026.5,CRBU,129.57737731933594,0,S05.a,S04.a,14.452213392523978,M03,14.542310609625014,0.09009721710103591,TRUE
328682.5,4312227.5,CRBU,129.3070831298828,0,S10.a,S10.c,6.081939141021739,S10.a,6.2166624073933825,0.1347232663716431,FALSE
334769.5,4309047.5,CRBU,127.71768188476562,0,S01.a,S04.a,13.056167064824484,S02.a,13.071632466191563,0.015465401367078968,TRUE
329679.5,4305077.5,CRBU,117.11080169677734,0,S11,S10.c,7.405472020520486,S10.a,7.522147545423547,0.11667552490306043,TRUE
331202.5,4301857.5,CRBU,119.96186065673828,0,S25,S25,15.011023836631395,M04,15.053199931942771,0.042176095311376116,TRUE
329436.5,4311644.5,CRBU,119.10039520263672,0,S11,S11,10.47440683693107,S10.a,11.647155331909318,1.1727484949782472,TRUE
327841.5,4306680.5,CRBU,124.90928649902344,0,S10.a,S10.a,4.9428896633770805,S10.b,5.036805587616369,0.09391592423928863,FALSE
327400.5,4306272.5,CRBU,115.63780212402344,0,S10.a,S10.b,9.968557461707467,S10.a,10.22014043413977,0.25158297243230265,TRUE
333538.5,4308284.5,CRBU,122.3869171142578,0,S01.a,S10.a,10.787409795947873,S10.c,10.932691652183003,0.14528185623512968,TRUE
331202.5,4310710.5,CRBU,122.76425170898438,0,S01.a,S01.b,11.782148308568402,S01.a,11.824821961098149,0.04267365252974642,TRUE
330169.5,4311761.5,CRBU,128.4337615966797,0,S01.a,S10.a,9.588629560959259,S10.b,9.612224160081073,0.023594599121814497,TRUE
330982.5,4309296.5,CRBU,129.48980712890625,0.31700000166893005,Veratrum tenuipetalum,S21,23.26959401170533,S23,24.798024688437312,1.5284306767319826,TRUE
330697.5,4310563.5,CRBU,122.40496826171876,0,M03,S10.b,10.83099879050246,S04.a,10.862615518644404,0.031616728141944606,TRUE
329808.5,4306257.5,CRBU,112.1314468383789,0,S10.a,S10.b,10.044286868837036,Osmorhiza occidentalis,10.38134400589204,0.3370571370550035,TRUE
327925.5,4301680.5,CRBU,112.885986328125,0,S10.a,S10.b,8.979712594567726,S04.a,9.168744584017677,0.18903198944995125,TRUE
337000.5,4309383.5,CRBU,128.62551879882812,0,S01.a,S04.a,12.48232373697797,S02.a,12.550874836730827,0.06855109975285778,TRUE
329196.5,4308143.5,CRBU,125.37347412109376,0,S02.a,Osmorhiza occidentalis,8.921481380664824,S10.b,8.989060078872802,0.0675786982079778,TRUE
333373.5,4309431.5,CRBU,120.69855499267578,0,S10.a,S10.b,8.583014202345982,S10.a,8.967728194113073,0.3847139917670912,TRUE
334652.5,4304632.5,CRBU,119.42897033691406,0,S02.a,S02.a,11.771384929297001,M04,12.049295789038485,0.27791085974148366,TRUE
331289.5,4303851.5,CRBU,123.98277282714844,0,S01.a,S01.a,10.852358052032228,S10.b,10.89831052379128,0.04595247175905115,TRUE
335403.5,4307641.5,CRBU,117.85419464111328,0,S01.a,S10.b,10.756833685072241,S02.a,10.817260355875934,0.06042667080369313,TRUE
336367.5,4306860.5,CRBU,114.65550994873048,0,S01.a,S01.a,10.380493941344596,M04,10.514196329589321,0.1337023882447248,TRUE
334415.5,4305083.5,CRBU,126.16822814941406,0,S01.a,S04.a,11.55352037932886,S02.a,11.672977581029144,0.11945720170028373,TRUE
335544.5,4305800.5,CRBU,127.7725067138672,0,M04,S10.b,6.819253245985742,S10.a,7.043207849799146,0.2239546038134046,FALSE
329982.5,4304671.5,CRBU,117.51334381103516,0,S05.a,S10.b,10.880889212817909,S04.a,11.045836478704784,0.16494726588687492,TRUE
327892.5,4305365.5,CRBU,128.0087127685547,0,S15,S10.c,8.726467072207354,S10.a,8.972692771773588,0.2462256995662333,TRUE
334454.5,4308899.5,CRBU,122.0058135986328,0,M03,S10.b,10.996413544120703,S10.a,11.15880266100715,0.16238911688644642,TRUE
334298.5,4307539.5,CRBU,123.83717346191406,0,S19,S10.a,9.03411388137615,S10.b,9.058619827158276,0.02450594578212595,TRUE
331340.5,4300485.5,CRBU,121.23916625976562,0,S25,S24.b,16.964517469621274,S24.a,17.00685131455681,0.04233384493553416,TRUE
328751.5,4305080.5,CRBU,118.92677307128906,0,S01.a,S02.a,12.851945786985697,S10.a,12.954482151189891,0.10253636420419454,TRUE
335517.5,4305446.5,CRBU,120.98090362548828,0,M03,S04.a,8.232586717276464,M03,8.616555100405018,0.3839683831285541,TRUE
331208.5,4310887.5,CRBU,129.21107482910156,0,S01.a,S02.a,11.058596014251105,S04.a,11.18938572119037,0.1307897069392645,TRUE
331223.5,4310614.5,CRBU,118.95073699951172,0,S10.a,S10.b,8.682989275235359,S10.a,9.121794873762353,0.43880559852699363,TRUE
327679.5,4303671.5,CRBU,126.06244659423828,0,S25,S25,15.47789946678378,M03,15.610155343276993,0.1322558764932129,TRUE
329733.5,4307254.5,CRBU,129.04458618164062,0,S05.a,S04.a,16.469742377365904,M03,16.609666176851384,0.13992379948548006,TRUE
326490.5,4308224.5,CRBU,126.91532135009766,0,S25,S02.a,15.365369752777363,S25,15.416562860745945,0.05119310796858123,TRUE
331697.5,4302371.5,CRBU,119.3008804321289,0,S01.b,M03,15.487281896891568,S04.a,15.494557825806492,0.007275928914923568,TRUE
331580.5,4302638.5,CRBU,116.7628173828125,0,S10.a,S10.b,7.799877399828876,S10.a,7.9494418015337285,0.1495644017048523,TRUE
335715.5,4306878.5,CRBU,110.41461944580078,0,S02.a,S02.a,14.728571652959326,S02.b,14.891801038659873,0.16322938570054646,TRUE
332547.5,4309392.5,CRBU,119.0998764038086,0,S01.a,S10.b,10.028188365525672,S10.a,10.295113239740612,0.26692487421493993,TRUE
336103.5,4307173.5,CRBU,113.5884017944336,0,S01.a,S10.b,13.870005147498027,S04.a,13.934383728343786,0.06437858084575865,TRUE
328049.5,4308176.5,CRBU,129.27609252929688,0,S01.a,S10.b,7.927911559040024,S10.a,8.036252819518934,0.1083412604789098,TRUE
327787.5,4308872.5,CRBU,123.84813690185548,0,S01.a,S06.b,12.391417976063284,S02.a,12.402190980884233,0.010773004820949339,TRUE
330229.5,4305719.5,CRBU,124.22158813476562,0,S10.a,S10.b,8.923689818885604,S10.a,9.203701434404278,0.28001161551867426,TRUE
329124.5,4312104.5,CRBU,129.8245391845703,0,S01.a,M04,12.846444996942756,S10.b,12.870598741049092,0.02415374410633575,TRUE
331751.5,4309824.5,CRBU,121.0400390625,0,S01.a,S24.b,15.437535878108203,S10.b,15.563650553900253,0.12611467579204927,TRUE
334208.5,4307443.5,CRBU,127.3791046142578,0,S10.a,S10.a,7.294420229608672,S10.b,7.367626806907268,0.07320657729859548,TRUE
335460.5,4309008.5,CRBU,120.65966796875,0,S01.a,S04.a,15.123367409802702,S02.a,15.184030008681189,0.06066259887848702,TRUE
330421.5,4304302.5,CRBU,111.6505126953125,0,S01.a,S04.a,12.306828486307815,M04,12.310643268113221,0.0038147818054063976,TRUE
331397.5,4309401.5,CRBU,129.2041473388672,0,S06.b,S10.b,9.095862727318995,S10.a,9.1531760288974091,0.05731330157841441,TRUE
328772.5,4305884.5,CRBU,118.02152252197266,0,S02.a,S02.a,13.534443106661147,M04,13.600631812950729,0.06618870628958184,TRUE
330436.5,4310770.5,CRBU,123.87590026855467,0,M03,M03,11.570830389525032,S04.a,11.644645207385215,0.07381481786018362,TRUE
334469.5,4304959.5,CRBU,125.87751770019533,0,S01.a,M04,9.213445412811957,S02.a,9.216757261301735,0.0033118484897780576,TRUE
328538.5,4312704.5,CRBU,128.83326721191406,0,S11,S10.c,6.004750812661985,S10.a,6.172239884962605,0.1674890723006195,FALSE
329889.5,4312479.5,CRBU,124.71031188964844,0,S06.b,S10.a,16.338910222659095,S10.b,16.377193595374333,0.03828337271523807,TRUE
334424.5,4307950.5,CRBU,120.47088623046876,0,S02.a,M04,11.144167941821836,S02.a,11.26536316376337,0.12119522194153376,TRUE
329673.5,4312443.5,CRBU,129.06504821777344,0,S01.a,S10.a,12.933571352802694,S10.b,12.954069907806085,0.020498555003390706,TRUE
329067.5,4311974.5,CRBU,129.69586181640625,0,S05.a,S04.a,8.241879845960328,S10.b,8.335347970114888,0.09346812415456007,TRUE
332652.5,4301926.5,CRBU,117.10736083984376,0,S18,S18,15.466375032800045,S24.b,15.604804907588305,0.13842987478825997,TRUE
335508.5,4307416.5,CRBU,125.92115020751952,0,M03,S04.a,10.281872181683541,M03,10.311278326450307,0.029406144766765507,TRUE
329571.5,4305992.5,CRBU,110.83344268798828,0.5120000243186951,S02.a,S10.b,11.60713521255013,S02.a,11.71263852031168,0.10550330776155015,TRUE
332895.5,4309164.5,CRBU,119.69483947753906,0,S01.a,S10.b,7.6631434362261395,S10.a,7.707975853751524,0.04483241752538447,TRUE
332286.5,4312194.5,CRBU,128.38937377929688,0,S01.a,S02.a,13.528199348962088,S02.b,13.630659951398245,0.10246060243615673,TRUE
329910.5,4312125.5,CRBU,125.4106674194336,0,S01.a,S10.b,11.171525581888984,S04.a,11.2724436520937,0.10091807020471677,TRUE
328883.5,4305221.5,CRBU,118.8707504272461,0,S01.a,S10.a,8.935796254069997,S10.b,9.02694073034898,0.09114447627898237,TRUE
335625.5,4306518.5,CRBU,119.31649780273438,0,S02.a,S02.a,13.919212377317693,M04,14.09637976551231,0.17716738819461675,TRUE
329274.5,4307401.5,CRBU,110.0258560180664,0,S25,S25,27.063346873439304,S24.b,27.647538263130873,0.5841913896915685,TRUE
327505.5,4305056.5,CRBU,126.88870239257812,0,S10.a,S15,9.611811840253603,S11,9.690086996414442,0.07827515616083858,TRUE
330637.5,4304008.5,CRBU,115.91724395751952,0,S05.a,S04.a,11.251419583739187,M03,11.385371961555824,0.13395237781663738,TRUE
326883.5,4307893.5,CRBU,125.43213653564452,0,S10.a,S10.b,9.20250894702074,Osmorhiza occidentalis,9.368576397489361,0.1660674504686206,TRUE
329037.5,4306521.5,CRBU,114.40948486328124,0,M03,M03,8.395221766363296,S05.a,8.70179903655681,0.30657727019351455,TRUE
330592.5,4310410.5,CRBU,129.4054718017578,0,S19,S10.a,10.338299182774138,S10.c,10.541314618319142,0.20301543554500334,TRUE
328364.5,4304962.5,CRBU,120.9865493774414,0,S01.b,S04.a,12.941201328884441,M03,13.076310649344357,0.1351093204599163,TRUE
334487.5,4306092.5,CRBU,125.23114776611328,0,Juniperus sp.,S10.b,8.283778772975747,S10.a,8.364636572002055,0.08085779902630819,TRUE
330070.5,4301629.5,CRBU,123.4719467163086,0,M03,M03,13.465239685982516,S04.a,13.494247303842007,0.029007617859491575,TRUE
327616.5,4304659.5,CRBU,126.49734497070312,0,S05.a,S01.a,13.798177763676483,S14,13.880931002671087,0.08275323899460396,TRUE
328190.5,4312824.5,CRBU,129.59014892578125,0,S26,S10.b,8.365490125921317,S09.a,8.427692767726427,0.06220264180510959,TRUE
328223.5,4303197.5,CRBU,128.6136016845703,1.3209999799728394,S01.a,S02.b,9.478166935594308,S02.a,9.50155317680216,0.023386241207852265,TRUE
327502.5,4306791.5,CRBU,122.12984466552734,0,S25,S24.b,17.111005633788412,S25,17.13887675471375,0.027871120925336612,TRUE
333226.5,4308731.5,CRBU,122.53401947021484,0,S25,S24.b,16.38935141886196,S24.a,16.49861456018292,0.10926314132095882,TRUE
325766.5,4304329.5,CRBU,123.01661682128906,0,S18,S02.a,15.751503831069838,S06.b,15.864215192317392,0.11271136124755365,TRUE
322973.5,4308698.5,CRBU,129.27073669433594,0,S02.a,S02.a,14.124786311437065,M01,14.218361214706446,0.09357490326938134,TRUE
330562.5,4311071.5,CRBU,122.45286560058594,0,S10.a,S10.b,6.123283055814426,S10.a,6.329720173376981,0.20643711756255545,FALSE
330316.5,4310575.5,CRBU,129.03138732910156,0,S26,S10.b,9.120039937936154,S09.a,9.267279420699769,0.14723948276361476,TRUE
331619.5,4301740.5,CRBU,118.52826690673828,0,S05.a,S01.b,10.35397828095119,M03,10.432755003977077,0.07877672302588579,TRUE
329880.5,4301590.5,CRBU,127.36283111572266,0,S05.a,M03,12.980208814150481,S04.a,13.115776378659808,0.1355675645093264,TRUE
329685.5,4309761.5,CRBU,126.3846664428711,0,S01.a,S10.b,10.846287679091091,S10.a,10.988021864572284,0.14173418548119265,TRUE
326760.5,4308002.5,CRBU,124.49423217773438,0.2549999952316284,S10.a,S10.b,7.220510033843625,S10.a,7.567785659610916,0.3472756257672911,TRUE
330076.5,4307749.5,CRBU,114.25938415527344,0.5860000252723694,S10.b,S10.b,7.928161307862851,Osmorhiza occidentalis,8.2947457661568,0.36658445829394815,TRUE
328127.5,4308581.5,CRBU,128.25856018066406,0,S10.a,S10.c,6.3019478667609325,S10.a,6.46972311591342,0.16777524915248776,FALSE
331934.5,4302011.5,CRBU,118.12945556640624,0,S01.a,S01.b,13.863852929988813,M04,13.961962960358075,0.0981100303692628,TRUE
324826.5,4297812.5,CRBU,129.19876098632812,0,S01.a,S10.a,9.37924913307543,S02.a,9.421384446426886,0.042135313351456816,TRUE
334775.5,4308533.5,CRBU,113.27930450439452,0.4160000085830689,S25,S01.b,15.780992280899577,M03,15.787784838766871,0.006792557867294491,TRUE
336724.5,4308527.5,CRBU,124.53298950195312,0,S02.a,S02.a,13.611511529756296,S02.b,13.798127295866452,0.1866157661101564,TRUE
334259.5,4309233.5,CRBU,124.91656494140624,0,S05.a,S04.a,13.870194459056895,M03,13.888508634887721,0.01831417583082562,TRUE
334490.5,4304575.5,CRBU,121.1733856201172,0,M03,S04.a,10.27378092794003,M03,10.573011060544356,0.2992301326043272,TRUE
332703.5,4308650.5,CRBU,126.06178283691406,0,S10.a,S10.c,7.995457896565367,S10.a,8.0956219909645,0.10016409439913243,TRUE
331367.5,4309959.5,CRBU,121.6989517211914,0,S01.a,S10.b,8.068949746990594,S10.a,8.157669330658647,0.08871958366805366,TRUE
330511.5,4311152.5,CRBU,122.98883819580078,0,S10.a,S10.b,7.014262725750186,S10.a,7.445533030638385,0.4312703048881996,TRUE
335703.5,4305926.5,CRBU,129.54672241210938,0,S01.a,S04.a,9.173917095025807,S02.a,9.601172120852535,0.42725502582672803,TRUE
325319.5,4308491.5,CRBU,108.5643310546875,0.0820000022649765,S02.a,S10.b,11.263658338991492,S10.a,11.480223667991899,0.2165653290004066,TRUE
326934.5,4308767.5,CRBU,127.82674407958984,0,S25,S12,17.506466417898242,S10.a,17.635163396204383,0.12869697830614157,TRUE
334826.5,4308068.5,CRBU,123.36219787597656,0,S03,S03,7.742321704665201,Veratrum tenuipetalum,7.756248735273512,0.013927030608310353,TRUE
330820.5,4310737.5,CRBU,127.11724853515624,0,S10.a,S10.b,7.487251646625484,S10.a,7.733638581593541,0.24638693496805697,TRUE
326280.5,4304473.5,CRBU,104.65988159179688,0,S04.b,S10.b,8.000012033321347,S10.a,8.287846548973539,0.2878345156521913,TRUE
332694.5,4310221.5,CRBU,121.29521942138672,0,S10.a,S10.b,7.249422410185826,S10.a,7.783701020130332,0.534278609944506,TRUE
329826.5,4312125.5,CRBU,129.47547912597656,0,S01.a,S10.b,14.339378308051144,S10.a,14.37808034704524,0.038702038994095744,TRUE
330937.5,4311161.5,CRBU,125.3764419555664,0,S04.a,S04.a,8.660059390913672,S10.b,8.685757428955803,0.025698038042131444,TRUE
330934.5,4301896.5,CRBU,116.51545715332033,0,S25,S18,16.213275136354113,S25,16.216898999386853,0.0036238630327396493,TRUE
328172.5,4307728.5,CRBU,128.33460998535156,0,S18,S10.a,14.712834356043894,S02.a,14.801781126331049,0.08894677028715492,TRUE
335121.5,4307257.5,CRBU,121.97074127197266,0,S11,M04,7.213537458241595,S10.b,7.216153420704358,0.002615962462762411,TRUE
328145.5,4309464.5,CRBU,124.72454071044922,0,S01.a,S10.b,9.17871712754461,S10.a,9.425857001733416,0.24713987418880556,TRUE
332982.5,4302272.5,CRBU,120.41962432861328,0,S22,S22,15.396334893878318,S18,16.034738060266836,0.6384031663885175,TRUE
331880.5,4301152.5,CRBU,113.77212524414062,0,S01.a,M04,9.493896110439698,S02.a,9.78864416091295,0.2947480504732525,TRUE
328145.5,4306362.5,CRBU,124.45421600341795,0,S10.a,S10.b,7.489008811630778,S10.a,7.505543534584771,0.016534722953993608,TRUE
334037.5,4305842.5,CRBU,118.44326782226562,0.3019999861717224,S01.a,S11,8.37866578482138,S10.b,8.478363163611348,0.0996973787899691,TRUE
331190.5,4301857.5,CRBU,119.96186065673828,0,S01.a,S02.a,14.892272764158415,S01.b,14.919703728552559,0.027430964394143942,TRUE
329967.5,4309914.5,CRBU,126.22914123535156,0,M04,S10.b,7.381884420787411,S10.a,7.7401679010208495,0.3582834802334389,TRUE
327469.5,4305266.5,CRBU,126.19037628173828,1.212000012397766,Salix other,S26,6.964085313390039,S10.b,7.037801494894263,0.07371618150422421,TRUE
331421.5,4309443.5,CRBU,125.56558227539062,0,S10.a,S10.c,6.493373201117179,S10.a,6.71850964065136,0.2251364395341806,FALSE
325565.5,4308284.5,CRBU,128.70187377929688,0,S11,S10.b,5.808183851497484,S10.a,5.8806733474876545,0.07248949599017074,FALSE
330190.5,4304293.5,CRBU,116.89580535888672,0,S05.a,S04.a,12.999583814317251,M03,13.186695307600028,0.1871114932827762,TRUE
336544.5,4307575.5,CRBU,129.75405883789062,0,S05.a,S04.a,19.295913325733597,M03,19.707293188306743,0.4113798625731455,TRUE
332874.5,4309083.5,CRBU,112.42047882080078,0,S02.a,S02.a,12.744654392422929,M04,12.826690487596153,0.08203609517322441,TRUE
320982.5,4315191.5,CRBU,149.82456970214844,0,S01.a,S10.a,9.600363107569933,S10.b,9.773899870917399,0.1735367633474656,TRUE
331949.5,4313389.5,CRBU,144.08236694335938,0,S06.b,M01,13.93049703186657,S12,14.013801219896687,0.08330418803011597,TRUE
330922.5,4308296.5,CRBU,137.5836181640625,0,S05.a,S04.a,12.142747379873173,M03,12.399370938029914,0.25662355815674154,TRUE
319001.5,4311449.5,CRBU,152.9399871826172,0,S12,S08.a,14.342717717583943,S12,14.420449292779477,0.07773157519553386,TRUE
332175.5,4311458.5,CRBU,136.6786346435547,0,S02.a,Osmorhiza occidentalis,7.004880849335524,S10.b,7.0272630348991605,0.022382185563636803,TRUE
326883.5,4315407.5,CRBU,146.9384307861328,0,M02,Osmorhiza occidentalis,5.282343734119579,S09.a,5.351342027813476,0.06899829369389643,FALSE
330568.5,4312119.5,CRBU,131.00759887695312,0,S10.a,S10.b,8.028161970921884,S10.a,8.262253704431641,0.2340917335097572,TRUE
318421.5,4299596.5,CRBU,134.2999725341797,0,S25,S24.a,22.273274231995053,S25,22.569954986697464,0.29668075470241106,TRUE
330955.5,4312524.5,CRBU,130.1195068359375,0,S10.a,S10.b,6.480200548534305,S09.a,6.614562053331202,0.1343615047968969,FALSE
321331.5,4315659.5,CRBU,141.25747680664062,0,S21,S21,43.327693830718104,S15,46.849013848986324,3.52132001826822,TRUE
322436.5,4312395.5,CRBU,144.54437255859375,0,M02,S09.a,6.427596832861981,Ligusticum porteri,6.470020237492436,0.042423404630455686,FALSE
328763.5,4312326.5,CRBU,133.082763671875,0,M04,S10.a,8.509274704689766,S02.b,8.556005450691535,0.046730746001768964,TRUE
334247.5,4309323.5,CRBU,134.80438232421875,0,S01.a,S10.b,9.58869881115825,S04.a,9.631293338082456,0.042594526924204956,TRUE
328934.5,4309629.5,CRBU,132.26119995117188,0,M02,Osmorhiza occidentalis,5.91191152075902,S09.a,6.400420356813839,0.48850883605481954,FALSE
322052.5,4314701.5,CRBU,150.61944580078125,0,S06.b,S10.c,6.9030221348999055,S10.a,7.026382224625495,0.12336008972558954,FALSE
326178.5,4307170.5,CRBU,131.46173095703125,0,S10.a,S10.c,7.780784129303277,S10.a,7.904573989783549,0.1237898604802723,TRUE
316784.5,4303011.5,CRBU,149.11721801757812,0,S06.b,S06.b,11.06729999583189,S10.a,11.137246006369,0.06994601053711058,TRUE
322085.5,4312095.5,CRBU,145.65289306640625,0,S05.a,S21,19.29013901571138,S25,21.57813141595255,2.2879924002411727,TRUE
332598.5,4310938.5,CRBU,134.73922729492188,0,S05.a,S04.a,9.136293598917282,M03,9.407533668084392,0.27124006916710997,TRUE
329193.5,4311686.5,CRBU,130.03102111816406,0,S11,S11,7.660922968397244,S10.c,7.814462292187013,0.15353932378976864,TRUE
328562.5,4309995.5,CRBU,140.16217041015625,0,S12,Sambucus racemosa,10.723229344049777,S02.b,10.90344249402432,0.18021314997454319,TRUE
325970.5,4309128.5,CRBU,137.70545959472656,0,S06.b,M02,14.151987629282488,S08.a,14.251232738170451,0.09924510888796334,TRUE
317613.5,4298902.5,CRBU,144.84671020507812,0,S12,S12,16.421233382223512,S24.a,17.340132384821626,0.9188990025981134,TRUE
325553.5,4310815.5,CRBU,140.49697875976562,0,S06.b,S10.a,5.996390063399546,S10.c,6.056002449013078,0.05961238561353177,FALSE
330463.5,4301140.5,CRBU,130.54116821289062,0,S01.a,S06.b,12.416442748096049,S02.b,12.55275583239125,0.1363130842952014,TRUE
325850.5,4305995.5,CRBU,133.3100128173828,1.5169999599456787,S01.a,S02.a,11.980763672232493,S06.b,11.995032412901464,0.014268740668970992,TRUE
326406.5,4298422.5,CRBU,143.4621124267578,0,S02.a,S02.a,11.463299438364373,S02.b,11.58329115042033,0.11999171205595616,TRUE
327511.5,4319881.5,CRBU,150.7864990234375,0,S06.b,S09.a,9.480102555134955,M02,9.565019109672818,0.08491655453786251,TRUE
332382.5,4311434.5,CRBU,137.5093231201172,0,S01.a,S04.a,9.304999557567344,M03,9.788409251862994,0.4834096942956503,TRUE
321610.5,4315203.5,CRBU,147.5780792236328,0,S12,M01,11.513461101402168,S10.a,11.535607125383956,0.022146023981788332,TRUE
320847.5,4303638.5,CRBU,146.3695526123047,0,M01,Sambucus racemosa,9.506328912068453,M01,9.635727857381344,0.1293989453128912,TRUE
319490.5,4311185.5,CRBU,153.68350219726562,0,M01,M01,12.400542631808248,S10.b,12.674258493263554,0.27371586145530635,TRUE
318271.5,4324878.5,CRBU,152.1796875,0,S21,S21,10.245988470708145,S23,14.533154598026686,4.287166127318541,TRUE
332436.5,4313503.5,CRBU,141.13099670410156,0,S12,S12,21.004155351686773,S24.a,21.319151503514853,0.3149961518280797,TRUE
324667.5,4313788.5,CRBU,145.17018127441406,0,S06.b,S09.a,5.530715208471832,Ligusticum porteri,6.212313580699054,0.6815983722272225,FALSE
330427.5,4309443.5,CRBU,136.27978515625,0,M02,M02,6.465013965158679,Osmorhiza occidentalis,6.488086398308249,0.023072433149569527,FALSE
322118.5,4314023.5,CRBU,145.63185119628906,0,S09.a,S09.a,7.277227467719494,Osmorhiza occidentalis,8.183572851092629,0.906345383373135,TRUE
320775.5,4315941.5,CRBU,148.80618286132812,0,S12,S12,16.622729260674333,S25,17.20468524765247,0.5819559869781372,TRUE
327070.5,4318833.5,CRBU,149.24783325195312,0,S03,Corydalis caseana,4.894043779327343,S03,5.253387014001336,0.3593432346739931,FALSE
323931.5,4298923.5,CRBU,141.1233673095703,0,S02.a,S02.a,9.798571798714677,S02.b,10.062893855032666,0.26432205631798844,TRUE
323715.5,4315209.5,CRBU,154.0977325439453,0,S21,S21,38.31781141589942,S23,40.52719113281024,2.209379716910817,TRUE
332151.5,4313296.5,CRBU,146.5582733154297,0,S12,S12,18.24588216786184,S06.b,19.331277537596623,1.0853953697347833,TRUE
317793.5,4299299.5,CRBU,151.0721893310547,0,S12,S12,18.291293772021213,S24.a,18.60935799421554,0.3180642221943266,TRUE
323304.5,4305512.5,CRBU,142.8491973876953,0,S06.b,M01,17.51162496123134,S13.b,17.554058459273516,0.042433498042175444,TRUE
326964.5,4321431.5,CRBU,146.2593536376953,0,S06.b,S06.b,7.5162146422799525,S10.c,7.585034272700857,0.06881963042090433,TRUE
320742.5,4311869.5,CRBU,152.36585998535156,0,S12,S12,14.706922848285515,M01,15.000608684573448,0.2936858362879331,TRUE
325754.5,4307482.5,CRBU,132.1944122314453,0,M03,S21,18.594224634421707,M03,21.647765072223223,3.053540437801516,TRUE
326442.5,4318617.5,CRBU,144.8256072998047,0,S03,S03,5.161314494185205,Veratrum tenuipetalum,5.3508126153431395,0.18949812115793474,FALSE
324436.5,4308014.5,CRBU,138.86582946777344,0,S06.b,S06.b,12.39499566638052,S02.a,12.596217300363685,0.20122163398316495,TRUE
327031.5,4321443.5,CRBU,147.69265747070312,0,S06.b,M02,9.838972209718644,S09.a,9.936833267775361,0.09786105805671674,TRUE
328997.5,4308695.5,CRBU,135.42420959472656,0,M02,Ligusticum porteri,5.291385427578374,S09.a,5.610878886656645,0.319493459078271,FALSE
330433.5,4309617.5,CRBU,133.93194580078125,0,S01.a,S11,9.688794419263141,S02.a,9.756313719783638,0.06751930052049637,TRUE
322115.5,4314617.5,CRBU,150.38613891601562,0,S06.b,S10.a,9.416891116091335,S09.a,9.419359332746318,0.0024682166549823137,TRUE
333418.5,4311764.5,CRBU,139.94842529296875,0,M02,Osmorhiza occidentalis,4.786316810414143,Ligusticum porteri,4.912639807010261,0.12632299659611768,FALSE
328595.5,4309512.5,CRBU,133.483154296875,0,Veratrum tenuipetalum,Veratrum tenuipetalum,8.167685380542869,S03,8.702972220372716,0.5352868398298476,TRUE
321199.5,4303794.5,CRBU,149.12258911132812,0,Veratrum tenuipetalum,S21,27.55964897554921,S23,30.561173559637673,3.0015245840884646,TRUE
329580.5,4308761.5,CRBU,133.8708953857422,0,S02.a,Osmorhiza occidentalis,8.312709493756337,M02,8.454978632083476,0.14226913832713883,TRUE
329469.5,4309110.5,CRBU,134.41598510742188,0,S10.a,Corydalis caseana,11.161406466270705,Osmorhiza occidentalis,11.323386464401636,0.16197999813093134,TRUE
319835.5,4305809.5,CRBU,153.36888122558594,0,S13.b,S20,15.061843539591194,S13.b,15.490287533031843,0.42844399344064854,TRUE
323463.5,4298797.5,CRBU,139.5438995361328,0,S01.a,S10.a,12.715038193029736,M01,12.770502132885987,0.05546393985625109,TRUE
327304.5,4317563.5,CRBU,143.23275756835938,0,S06.b,M02,9.828331329420637,S09.a,9.934253288515489,0.10592195909485191,TRUE
326244.5,4310968.5,CRBU,137.34963989257812,0,M03,M03,10.996181860838517,S10.a,11.018244096677234,0.02206223583871747,TRUE
333706.5,4310962.5,CRBU,142.56399536132812,3.128999948501587,S11,S21,17.094355382230802,S11,17.824914317086353,0.7305589348555515,TRUE
323688.5,4301722.5,CRBU,143.446044921875,0,S02.a,S10.a,8.56654499641477,S06.b,8.604524540265468,0.037979543850697794,TRUE
329055.5,4313185.5,CRBU,131.1416015625,0,S20,S20,13.816541445576235,M01,13.918215397636718,0.10167395206048369,TRUE
326451.5,4318122.5,CRBU,143.92279052734375,0,S03,Veratrum tenuipetalum,6.1023452025087,S03,6.109217937875969,0.006872735367268845,FALSE
333580.5,4310974.5,CRBU,138.1762237548828,0,S01.a,S06.b,10.622890952829886,M02,10.734945168157063,0.11205421532717708,TRUE
327295.5,4312860.5,CRBU,137.446044921875,0,S03,S03,6.551852644449032,Veratrum tenuipetalum,6.580318165552346,0.028465521103314018,FALSE
330487.5,4307377.5,CRBU,144.08096313476562,0,S06.b,M02,11.724483137436993,S10.a,11.739805817348767,0.015322679911774273,TRUE
321379.5,4314485.5,CRBU,146.82681274414062,0,Salix wolfii,Lonicera involucrata,7.095265993781912,S21,7.425379923954622,0.3301139301727094,TRUE
325109.5,4313713.5,CRBU,145.1312255859375,0,S12,Artemisia tridentata,14.663544994903353,Sambucus racemosa,14.677887849342426,0.01434285443907335,TRUE
335403.5,4311080.5,CRBU,148.1564178466797,0.30000001192092896,S07,Caltha leptosepala,6.385827988323731,S07,6.530068671415646,0.1442406830919145,FALSE
333865.5,4312353.5,CRBU,144.82855224609375,0,S06.b,Osmorhiza occidentalis,7.202845625325986,M02,7.20322773218045,3.8210685446404824e-4,TRUE
328091.5,4315332.5,CRBU,144.5491485595703,0,S01.a,S01.a,9.40143262089123,S10.a,9.446732951009498,0.04530033011826795,TRUE
327115.5,4315491.5,CRBU,141.24560546875,0,S02.a,S10.b,8.741019395400041,S06.b,8.819055960164164,0.07803656476412257,TRUE
322076.5,4312746.5,CRBU,140.24237060546875,0,Sambucus racemosa,S09.a,6.848673421511277,Ligusticum porteri,6.960295415858933,0.11162199434765618,FALSE
330832.5,4309155.5,CRBU,139.4196014404297,0,S02.a,M02,7.162310905372299,S10.b,7.307042652769313,0.14473174739701467,TRUE
332085.5,4307365.5,CRBU,144.64608764648438,0,S06.b,M02,13.667891498241506,S06.b,13.688084375897333,0.02019287765582689,TRUE
329706.5,4306761.5,CRBU,131.39114379882812,0,S01.a,S10.b,7.862847005344151,S10.a,8.090911555728182,0.22806455038403062,TRUE
329817.5,4306788.5,CRBU,131.35829162597656,0,M04,S10.b,8.377848186637825,M04,8.518301259611802,0.14045307297397613,TRUE
323844.5,4314803.5,CRBU,145.03697204589844,0,S20,S20,19.771040123730934,S08.a,20.613526540047047,0.8424864163161132,TRUE
329943.5,4316176.5,CRBU,145.9022979736328,0,S24.b,S24.b,22.94990078318995,S24.a,23.07649639551848,0.12659561232852923,TRUE
331235.5,4307467.5,CRBU,141.80615234375,0,S14,M01,14.571544613348228,S10.a,14.678586755430766,0.1070421420825376,TRUE
321901.5,4314293.5,CRBU,144.45701599121094,0,S09.a,S09.a,5.142626260799301,Osmorhiza occidentalis,5.7791548117625196,0.6365285509632184,FALSE
327979.5,4319758.5,CRBU,152.8731689453125,0.17599999904632568,S12,S24.b,18.249180713372084,S24.a,19.029938451679982,0.7807577383078979,TRUE
333271.5,4311809.5,CRBU,138.4908447265625,0,S06.b,S10.a,6.464633023416708,S10.b,6.516984275668322,0.05235125225161408,FALSE
321547.5,4308632.5,CRBU,138.593994140625,0,S06.b,S10.a,8.51441873438997,S10.b,8.5973032278541055,0.08288449346413529,TRUE
324358.5,4311716.5,CRBU,146.20933532714844,0,S06.b,M02,9.707858586425496,S06.b,9.839584293119795,0.13172570669429895,TRUE
323334.5,4304224.5,CRBU,135.5635528564453,0,S25,S24.a,29.218104684505185,S12,29.24876921112665,0.03066452662146446,TRUE
334820.5,4309098.5,CRBU,132.00401306152344,0,S11,S11,7.382235227192964,M04,7.827036085299936,0.444800858106972,TRUE
332331.5,4312581.5,CRBU,138.10450744628906,0.10999999940395357,S06.b,Osmorhiza occidentalis,6.972282539807456,M02,7.0952049178931045,0.1229223780856481,TRUE
324181.5,4314947.5,CRBU,150.83480834960938,0,S06.b,M02,7.0822748404035165,Ligusticum porteri,7.178781815347378,0.0965069749438614,TRUE
335943.5,4307716.5,CRBU,133.02066040039062,0,S01.a,S10.b,10.959902437824379,S04.a,10.97374529990552,0.01384286208114105,TRUE
328220.5,4313107.5,CRBU,133.24462890625,0,S11,S10.c,5.81256096852501,S10.a,5.864815648770317,0.05225468024530677,FALSE
325820.5,4317515.5,CRBU,142.77532958984375,1.50600004196167,S10.a,S10.a,7.337291530268123,S10.c,7.565222126288911,0.22793059602078802,TRUE
322394.5,4312854.5,CRBU,149.61795043945312,0,S11,S11,10.504386671132767,S07,11.337150705876034,0.832764034743267,TRUE
322769.5,4312287.5,CRBU,147.1909637451172,0,S06.b,S10.a,11.09661470143519,S02.a,11.117776027508832,0.021161326073642073,TRUE
323202.5,4308638.5,CRBU,134.94395446777344,0,S01.a,S10.b,10.483404120544744,S01.a,10.531064627270485,0.04766050672574096,TRUE
322349.5,4299146.5,CRBU,147.68150329589844,0,S06.b,S10.a,7.16031327869971,S10.c,7.251963605007256,0.09165032630754588,TRUE
323769.5,4312740.5,CRBU,152.96681213378906,0,S06.b,M02,10.542564509064235,S06.b,10.60116171180988,0.05859720274564495,TRUE
328895.5,4308137.5,CRBU,133.17349243164062,0,S11,S11,6.568780307966257,S10.a,7.347376896720621,0.7785965887543638,FALSE
325409.5,4307584.5,CRBU,132.09967041015625,1.5429999828338623,Salix other,Salix other,7.990744402214156,S26,8.322221993247036,0.33147759103288,TRUE
334193.5,4310491.5,CRBU,145.725341796875,0,M02,Osmorhiza occidentalis,6.694732647679528,S09.a,6.781492791589106,0.08676014390957842,FALSE
328373.5,4307116.5,CRBU,131.87498474121094,0,S02.a,S10.b,8.126563559194912,S10.a,8.140714223176872,0.014150663981959966,TRUE
326097.5,4310368.5,CRBU,134.36740112304688,0,S10.a,S10.c,5.694095136541551,S10.a,5.863268023270815,0.1691728867292639,FALSE
328142.5,4311866.5,CRBU,143.46856689453125,0,S03,S03,4.247640341602619,Veratrum tenuipetalum,4.495754084674363,0.2481137430717446,FALSE
332991.5,4312173.5,CRBU,138.52334594726562,0,S06.b,S09.a,7.112012018593513,S10.b,7.452775662531354,0.34076364393784075,TRUE
327637.5,4316803.5,CRBU,142.01564025878906,0,M02,Osmorhiza occidentalis,7.959125667703051,S09.a,7.997054245935758,0.03792857823270701,TRUE
319316.5,4311029.5,CRBU,152.3949737548828,0,S06.b,M02,9.208429014389132,S06.b,9.240034913420693,0.03160589903156108,TRUE
327256.5,4314999.5,CRBU,140.3550262451172,0,S06.b,S11,8.096646705966327,S10.a,8.24399650680607,0.14734980083974314,TRUE
331706.5,4311368.5,CRBU,130.49339294433594,0,M03,M03,11.816528510633814,S04.a,11.929138333394603,0.11260982276078835,TRUE
327625.5,4311557.5,CRBU,151.0778045654297,0,S12,M01,16.353576236920862,S12,16.41371331809978,0.060137081178918805,TRUE
326994.5,4309143.5,CRBU,132.41722106933594,0,S02.a,M04,8.546906090340915,S02.a,8.578788426076226,0.031882335735311074,TRUE
317052.5,4304257.5,CRBU,150.3238525390625,0,S06.b,S06.b,10.28811619158507,S10.a,10.58837569714029,0.3002595055552195,TRUE
322745.5,4310986.5,CRBU,133.28353881835938,0,S10.a,S10.a,5.3216822466985825,S10.c,5.642162426687269,0.32048017998868694,FALSE
328808.5,4309899.5,CRBU,133.16831970214844,0,M02,Osmorhiza occidentalis,5.32809316533832,Ligusticum porteri,5.808837871755566,0.4807447064172461,FALSE
325937.5,4303095.5,CRBU,138.18246459960938,0,S06.b,S06.b,12.211424911462617,S10.a,12.231935680252828,0.020510768790211742,TRUE
334478.5,4311311.5,CRBU,142.24951171875,0,S06.b,S09.a,7.9796549210586925,S10.b,8.041934076139674,0.06227915508098114,TRUE
327382.5,4320101.5,CRBU,152.872314453125,0,S12,S12,10.655469298849484,M02,10.747310829040735,0.09184153019125141,TRUE
324373.5,4298137.5,CRBU,137.01341247558594,0,S10.a,S10.c,6.687772023630415,S10.a,7.092072944222006,0.4043009205915915,FALSE
330031.5,4306629.5,CRBU,132.71856689453125,0,S11,S21,8.620922551776705,S03,10.055910477564048,1.4349879257873432,TRUE
332799.5,4311812.5,CRBU,140.6055908203125,0,M02,Veratrum tenuipetalum,5.50283117111578,S03,5.514998990989304,0.012167819873524444,FALSE
324457.5,4311572.5,CRBU,147.44654846191406,0,M02,Ligusticum porteri,6.088887380421297,Osmorhiza occidentalis,6.093492776596484,0.004605396175187515,FALSE
323454.5,4311449.5,CRBU,135.04995727539062,0.3100000023841858,S01.a,S01.b,8.724784884078511,S01.a,8.784629657348395,0.05984477326988369,TRUE
324022.5,4310233.5,CRBU,133.53590393066406,0,S09.a,S09.a,5.062757157611831,S10.b,5.874268498513192,0.8115113409013617,FALSE
322973.5,4309554.5,CRBU,141.53001403808594,0,S06.b,S10.b,8.429323650927536,S10.a,8.681014405619788,0.2516907546922518,TRUE
319868.5,4311062.5,CRBU,149.11293029785156,0,S06.b,M02,11.038865251872577,S06.b,11.136661477823214,0.09779622595063664,TRUE
320172.5,4325194.5,CRBU,148.54290771484375,0,M02,Osmorhiza occidentalis,7.061775511356155,S09.a,7.148393256311542,0.08661774495538754,TRUE
323049.5,4309782.5,CRBU,140.28199768066406,0,S06.b,S10.a,5.789195530553493,S10.c,5.849564224563718,0.06036869401022482,FALSE
319754.5,4325404.5,CRBU,148.06301879882812,0,M02,Osmorhiza occidentalis,6.393660361653009,Ligusticum porteri,6.410188672989672,0.016528311336662327,FALSE
333181.5,4311971.5,CRBU,143.05955505371094,0,M02,S09.a,5.225731269400543,Ligusticum porteri,5.40452981534685,0.1787985459463064,FALSE
326493.5,4318350.5,CRBU,140.41900634765625,0,S03,S03,4.297962879238956,Veratrum tenuipetalum,4.686438534047884,0.38847565480892765,FALSE
323517.5,4305908.5,CRBU,150.5050048828125,0,S06.b,M01,14.213539131677969,S08.a,14.469637684093799,0.2560985524158301,TRUE
330079.5,4310296.5,CRBU,134.300537109375,0.23499999940395355,S01.a,S12,15.19450826630804,S25,15.32103872426433,0.12653045795629048,TRUE
333148.5,4310446.5,CRBU,136.8354034423828,0,S02.a,S02.b,10.496702679055915,S04.a,10.530380640227733,0.03367796117181854,TRUE
332538.5,4314443.5,CRBU,153.96481323242188,0,M01,S08.a,13.641758292341736,M02,14.029031595002214,0.38727330266047844,TRUE
319880.5,4311299.5,CRBU,153.49574279785156,0,S12,S24.b,18.129225398307344,S25,18.132331306470686,0.003105908163341553,TRUE
330271.5,4308842.5,CRBU,137.8004913330078,0,S02.a,M02,8.725123128034918,Ligusticum porteri,8.993928259085724,0.26880513105080617,TRUE
330040.5,4306557.5,CRBU,139.2611083984375,0,S06.b,M02,8.910491102562212,Osmorhiza occidentalis,9.230309207518555,0.3198181049563438,TRUE
329778.5,4308026.5,CRBU,131.63389587402344,0,M03,S10.b,10.703395350309869,S10.a,10.858149752112464,0.15475440180259525,TRUE
330781.5,4309866.5,CRBU,130.51593017578125,0,S01.a,S10.b,9.573014756292034,S04.a,9.685844056637,0.1128293003449663,TRUE
329484.5,4310320.5,CRBU,139.0895538330078,0,M02,Osmorhiza occidentalis,5.5971193781442246,Corydalis caseana,5.661775567655931,0.06465618951170615,FALSE
324289.5,4314710.5,CRBU,141.54437255859375,0.5170000195503235,S06.b,S08.a,11.047187930360577,M02,11.150894018334721,0.10370608797414427,TRUE
331913.5,4307167.5,CRBU,145.3096923828125,0,S05.a,S21,8.293448085979419,S05.a,8.670845389449855,0.37739730347043654,TRUE
335223.5,4309116.5,CRBU,136.24928283691406,0,S03,S03,4.571571051413672,Veratrum tenuipetalum,5.381516086779854,0.8099450353661819,FALSE
327019.5,4315713.5,CRBU,140.6093292236328,0,S09.a,Salix other,6.810867843331843,Salix wolfii,7.127503498536652,0.3166356552048093,FALSE
330007.5,4308044.5,CRBU,136.0071258544922,0,S11,S10.a,5.866031547277956,M04,5.8751177487531,0.009086201475144051,FALSE
320757.5,4314557.5,CRBU,152.47317504882812,0,M01,M01,15.006340670032738,S13.b,15.270232528077528,0.26389185804479,TRUE
318520.5,4304740.5,CRBU,149.81431579589844,0,S12,Sambucus racemosa,9.004979574025738,S07,9.404471827782166,0.39949225375642783,TRUE
326214.5,4311641.5,CRBU,136.11270141601562,0,M02,Osmorhiza occidentalis,5.147213338904135,S09.a,5.2972130047276575,0.14999966582352275,FALSE
331097.5,4312998.5,CRBU,137.75042724609375,0,S25,M01,16.125718092811077,S10.a,16.19888189432688,0.07316380151580404,TRUE
328154.5,4306491.5,CRBU,130.91339111328125,0,S02.a,S02.a,10.494104302139757,S10.a,10.61607296614706,0.12196866400730322,TRUE
329325.5,4312311.5,CRBU,130.41439819335938,0,S01.a,S10.b,11.347962763559684,S01.a,11.368599180551147,0.020636416991463236,TRUE
325922.5,4317311.5,CRBU,144.2884979248047,0,S23,S06.b,9.719760669854038,S10.a,9.781039557187313,0.06127888733327502,TRUE
336265.5,4311269.5,CRBU,147.45614624023438,0,M02,Ligusticum porteri,5.912365873844019,S09.a,6.0185414672500555,0.10617559340603666,FALSE
327493.5,4307854.5,CRBU,135.99630737304688,0,S06.b,Osmorhiza occidentalis,7.152353613996671,S10.a,7.1641490290928544,0.011795415096183426,TRUE
320832.5,4309320.5,CRBU,148.17991638183594,0,S06.b,S06.b,11.008845733059053,S10.a,11.071859712202617,0.06301397914356421,TRUE
322652.5,4314284.5,CRBU,147.51609802246094,0.22699999809265137,S06.b,S10.a,5.91252336909459,S10.c,6.08746532053238,0.17494195143779034,FALSE
323871.5,4311749.5,CRBU,152.94265747070312,0,S08.a,M02,11.02250037671999,S06.b,11.068946794372675,0.04644641765268531,TRUE
332502.5,4311614.5,CRBU,137.14610290527344,0,S01.a,S04.a,10.554712406403716,S02.b,10.839853666443792,0.285141260040076,TRUE
326637.5,4317128.5,CRBU,139.60147094726562,0,S23,S21,46.122198308841966,S23,49.646093215992266,3.5238949071503,TRUE
323442.5,4306824.5,CRBU,149.8315887451172,0,S06.b,M01,9.668226226533303,S02.a,9.743893480241647,0.07566725370834426,TRUE
323622.5,4314299.5,CRBU,148.23062133789062,0,S06.b,M02,8.54245795241701,M01,8.628679938374063,0.086221985957053,TRUE
322508.5,4312398.5,CRBU,145.2231903076172,0,S06.b,S09.a,6.25356134116135,M02,6.2630935432518005,0.009532202090450248,FALSE
330628.5,4309677.5,CRBU,131.08706665039062,0,S25,S24.b,16.997755280365364,S25,17.257877037749903,0.2601217573845389,TRUE
323286.5,4315314.5,CRBU,151.4641876220703,0,M01,M01,16.81317892097064,S13.b,17.099435727244632,0.2862568062739932,TRUE
323772.5,4315053.5,CRBU,149.12078857421875,0,Salix wolfii,S21,25.545198180971713,S23,27.60295526428322,2.0577570833115075,TRUE
334205.5,4312170.5,CRBU,149.87179565429688,0,S06.b,M02,10.328173934664735,S06.b,10.515290090553536,0.18711615588880193,TRUE
327469.5,4312260.5,CRBU,147.48779296875,0,M02,M02,7.2175017761146005,Osmorhiza occidentalis,7.22575743365543,0.008255657540829908,TRUE
323349.5,4305932.5,CRBU,154.61502075195312,0,S20,S20,17.855233997948847,M01,18.2081785833278,0.35294458537895324,TRUE
326298.5,4310188.5,CRBU,136.1543426513672,0,S10.a,S10.a,8.082010947244473,S10.c,8.100215951434542,0.018205004190068763,TRUE
324886.5,4318215.5,CRBU,153.27169799804688,0,S21,S21,35.13463382830246,S23,39.56000209783588,4.425368269533415,TRUE
317466.5,4298998.5,CRBU,151.64334106445312,0,S12,S12,15.780229882058292,S06.b,16.02414567016118,0.24391578810288728,TRUE
322010.5,4311920.5,CRBU,134.48641967773438,0,S10.a,S09.a,6.620095324671311,S10.b,6.72450627412828,0.10441094945696872,FALSE
320088.5,4308473.5,CRBU,146.17324829101562,0,S12,S12,11.982952473712006,S06.b,12.45095547455191,0.46800300083990365,TRUE
323532.5,4304023.5,CRBU,138.9931640625,0,S22,S22,16.893015246990277,S01.b,18.62306865799531,1.7300534110050343,TRUE
333940.5,4310419.5,CRBU,137.18557739257812,0,S10.c,S09.a,8.288628715176532,S10.a,8.371588475875296,0.08295976069876332,TRUE
317598.5,4298941.5,CRBU,146.09945678710938,0,S12,S24.a,22.923890540827376,S12,22.998892256892894,0.07500171606551831,TRUE
330814.5,4312167.5,CRBU,140.219482421875,0,S05.a,S04.a,9.592712159733363,M03,10.00831609126541,0.415603931532047,TRUE
320364.5,4304536.5,CRBU,153.8670654296875,0,M01,M01,12.279686115925278,S08.a,12.377078160628498,0.09739204470321994,TRUE
327499.5,4298557.5,CRBU,133.87588500976562,0,S05.a,S12,16.497358515843803,Sambucus racemosa,16.750997021922146,0.2536385060783424,TRUE
335817.5,4305821.5,CRBU,130.59559631347656,0,M03,S04.a,11.519220730086095,M03,11.740075182503329,0.22085445241723356,TRUE
317007.5,4303131.5,CRBU,150.9627685546875,0,S01.a,S10.a,11.35843502366965,S06.b,11.442056979588832,0.08362195591918287,TRUE
326586.5,4305218.5,CRBU,130.33888244628906,0,S06.b,S10.a,11.651623624605708,S06.b,11.759108888192662,0.10748526358695365,TRUE
321598.5,4311233.5,CRBU,146.78692626953125,0,S08.a,M01,11.946939650537868,M02,11.967128950835148,0.02018930029728061,TRUE
322421.5,4310560.5,CRBU,144.6023406982422,0,M02,Osmorhiza occidentalis,5.9107137280018955,S06.b,5.927118922666154,0.016405194664258715,FALSE
326010.5,4306431.5,CRBU,133.50790405273438,0,S18,S24.b,16.133480249180277,S24.a,16.556496565797257,0.42301631661698025,TRUE
328193.5,4314110.5,CRBU,134.27239990234375,0,S20,S13.b,15.449812164887371,S20,15.535567304847481,0.08575513996010997,TRUE
325688.5,4317872.5,CRBU,147.26416015625,0,Salix wolfii,Salix other,8.121699263369754,S09.a,8.12278383156538,0.0010845681956261899,TRUE
321550.5,4314527.5,CRBU,145.37075805664062,0,S09.a,S09.a,5.773999383175064,Osmorhiza occidentalis,6.257530247109012,0.4835308639339484,FALSE
325595.5,4307857.5,CRBU,134.47198486328125,0,S01.a,S02.a,12.289731906973278,S04.a,12.30451248271602,0.014780575742742386,TRUE
321430.5,4314629.5,CRBU,137.72523498535156,0,S05.a,S21,17.01736328909768,S23,19.5050074720857,2.4876441829880207,TRUE
333142.5,4313065.5,CRBU,144.75758361816406,0.27399998903274536,S21,S21,36.2888564557578,S23,39.5222512986361,3.2333948428782975,TRUE
333979.5,4311248.5,CRBU,140.0157012939453,0,M02,Osmorhiza occidentalis,6.911150248106357,Corydalis caseana,7.1337914879524025,0.22264123984604556,FALSE
318046.5,4305158.5,CRBU,152.90625,0,S21,S21,25.252400968199805,S23,28.059353584001975,2.806952615802171,TRUE
329514.5,4309350.5,CRBU,134.1227264404297,0,S11,S11,9.38176489783607,Osmorhiza occidentalis,9.39842440335873,0.016659505522659046,TRUE
332304.5,4312473.5,CRBU,145.05618286132812,0,S06.b,M02,9.696304422348852,Osmorhiza occidentalis,9.755937599235152,0.05963317688629921,TRUE
334520.5,4310311.5,CRBU,138.88424682617188,0,S02.a,S02.a,13.093139944606285,S08.a,13.248188907500818,0.15504896289453285,TRUE
332418.5,4311551.5,CRBU,137.94142150878906,0,S01.a,S08.a,12.480173473267625,S02.a,12.515405209253176,0.03523173598555118,TRUE
327508.5,4311707.5,CRBU,148.84552001953125,0,S06.b,M01,12.59726215488717,M02,13.035648737107291,0.4383865822201205,TRUE
332877.5,4311227.5,CRBU,134.46144104003906,0,S10.a,S10.c,5.919616255930661,S10.a,6.144932892708349,0.22531663677768776,FALSE
320820.5,4309185.5,CRBU,147.58087158203125,2.490999937057495,S11,Caltha leptosepala,6.311179520247806,S07,6.525072416570344,0.21389289632253838,FALSE
323568.5,4309623.5,CRBU,132.6194305419922,0,S01.a,S10.a,11.261617905137514,S10.b,11.289760145796553,0.028142240659038364,TRUE
325535.5,4318242.5,CRBU,145.42787170410156,0,S24.b,S24.b,20.13829707783158,S24.a,20.93052813844827,0.7922310606166896,TRUE
321397.5,4312284.5,CRBU,144.21412658691406,0,S06.b,S10.a,6.2642667385024735,S10.b,6.589375765835209,0.3251090273327355,FALSE
326355.5,4310149.5,CRBU,136.88507080078125,0,S07,Caltha leptosepala,6.261509397829458,S07,6.692834973925101,0.43132557609564337,FALSE
330253.5,4316863.5,CRBU,154.5267791748047,0.37599998712539673,M02,M02,10.281821578128094,S08.a,10.540796705134758,0.25897512700666425,TRUE
328697.5,4312737.5,CRBU,134.6082000732422,0,S06.b,S10.b,5.888175670475283,Osmorhiza occidentalis,5.991953758882092,0.10377808840680913,FALSE
335580.5,4311143.5,CRBU,151.3811492919922,0,S08.a,M02,11.357870718273873,M01,11.404576298681194,0.046705580407321534,TRUE
316781.5,4303779.5,CRBU,149.52105712890625,0,S06.b,S09.a,9.39761800876615,S06.b,9.434114454803082,0.036496446036931474,TRUE
326589.5,4305371.5,CRBU,132.40542602539062,0,Salix wolfii,S04.a,9.042258512709793,S10.c,10.017995786702011,0.9757372739922179,TRUE
333295.5,4310662.5,CRBU,138.96018981933594,0,S02.a,S10.a,6.3956584121258295,S10.c,6.711560226442314,0.3159018143164847,FALSE
326970.5,4319497.5,CRBU,147.99835205078125,0,M02,S03,5.314074166834806,Corydalis caseana,5.440580620888168,0.12650645405336203,FALSE
325151.5,4311152.5,CRBU,138.8329315185547,0,S02.a,S10.a,12.128393966892656,S02.a,12.162946357117441,0.03455239022478551,TRUE
326292.5,4311089.5,CRBU,137.4822235107422,0,S06.b,S09.a,8.52303185433163,S10.b,8.573757307457056,0.05072545312542509,TRUE
321343.5,4311851.5,CRBU,143.33456420898438,0,S25,S12,17.05235126153149,S25,17.20844271840489,0.15609145687339776,TRUE
332811.5,4308080.5,CRBU,136.12611389160156,0,S02.a,S06.b,13.19390172779672,S10.a,13.32841077168331,0.1345090438865899,TRUE
326133.5,4310809.5,CRBU,137.65553283691406,0,S06.b,S10.a,7.129000393023747,S10.c,7.355729812308368,0.22672941928462098,TRUE
327451.5,4313644.5,CRBU,138.1632080078125,0,S10.a,Sambucus racemosa,7.085305255130572,S10.b,7.147847733876508,0.06254247874593588,TRUE
319130.5,4303104.5,CRBU,147.302978515625,0,S12,S12,11.33439679330533,M01,11.828951231393788,0.494554438088457,TRUE
323070.5,4312383.5,CRBU,147.83740234375,0,S06.b,S10.a,11.708574390415562,S10.b,11.766271226468007,0.05769683605244502,TRUE
317940.5,4303599.5,CRBU,150.77487182617188,0,M02,S03,5.453760111468716,Corydalis caseana,5.758256580883095,0.3044964694143788,FALSE
336559.5,4307905.5,CRBU,133.32876586914062,0,S01.a,S04.a,9.294888914296351,S02.a,9.41293170093749,0.11804278664113887,TRUE
332847.5,4313524.5,CRBU,152.00433349609375,0,S12,S12,20.028220651757145,S24.a,20.669404518446893,0.6411838666897474,TRUE
332571.5,4313284.5,CRBU,141.77139282226562,0,S05.a,S04.a,10.357804214882451,M03,10.57608654003161,0.21828232514915946,TRUE
330622.5,4307476.5,CRBU,138.58123779296875,0,S01.a,S04.a,13.245247305644133,S08.a,13.45200386800543,0.20675656236129747,TRUE
323592.5,4298896.5,CRBU,145.03623962402344,0,S01.a,S10.b,10.026076185504039,S10.a,10.047650236251586,0.0215740507475477,TRUE
320640.5,4311059.5,CRBU,152.7629852294922,0,S06.b,M02,11.627710374303511,S07,11.668642522109623,0.040932147806111985,TRUE
332028.5,4314512.5,CRBU,153.54534912109375,0,S12,S12,21.79924399236557,S24.a,22.909664997380784,1.110421005015212,TRUE
336058.5,4307908.5,CRBU,140.9534454345703,0,S01.a,S02.a,12.44345823388458,S06.b,12.505611152736217,0.062152918851635874,TRUE
324226.5,4312056.5,CRBU,143.69827270507812,0,S06.b,S06.b,8.276683516411634,M02,8.403246764494329,0.1265632480826948,TRUE
325046.5,4311245.5,CRBU,135.90171813964844,0,S06.b,Osmorhiza occidentalis,6.580149360884178,S10.a,6.58432341570844,0.004174054824261475,FALSE
332922.5,4313755.5,CRBU,150.909912109375,0,M01,S08.a,12.802668878039917,M02,12.81615459351516,0.013485715475242799,TRUE
327379.5,4315455.5,CRBU,136.56390380859375,0,S06.b,S24.b,17.377159679358545,S24.a,17.386539315089834,0.009379635731288971,TRUE
320190.5,4302959.5,CRBU,132.13510131835938,0,S25,S12,18.59113564099863,S20,18.966325815042683,0.37519017404405375,TRUE
322454.5,4312719.5,CRBU,149.49276733398438,0,S06.b,S10.a,9.797053475926827,M02,9.83714802055752,0.0400945446306924,TRUE
328007.5,4308284.5,CRBU,130.79403686523438,0,S10.a,S10.c,5.1181879863894855,S10.a,5.38741872937696,0.2692307429874745,FALSE
326565.5,4305269.5,CRBU,132.4993133544922,0,Salix wolfii,S04.a,15.08024776860065,S02.a,15.658283988232819,0.5780362196321693,TRUE
335925.5,4311053.5,CRBU,145.23849487304688,0.12999999523162842,S06.b,M02,8.59230640870057,Ligusticum porteri,8.872177102721905,0.27987069402133535,TRUE
330508.5,4311794.5,CRBU,137.83935546875,0,S02.a,M02,8.475862655340542,S10.b,8.506023075063723,0.030160419723181064,TRUE
320691.5,4314977.5,CRBU,154.4204864501953,0,S12,S12,16.459128252125872,S14,16.55082731849986,0.09169906637398739,TRUE
318373.5,4298164.5,CRBU,142.3238067626953,0,M02,S03,10.954491074353143,Corydalis caseana,11.213108256844219,0.2586171824910757,TRUE
327391.5,4312236.5,CRBU,143.9724578857422,0,S06.b,S06.b,10.796658096917621,M02,10.822990422327496,0.026332325409875068,TRUE
329850.5,4308125.5,CRBU,134.08990478515625,0,Ligusticum porteri,Ligusticum porteri,7.709662892732192,S09.a,7.793081187620697,0.08341829488850472,TRUE
326193.5,4305356.5,CRBU,136.20973205566406,0,S06.b,S02.a,11.634238587370941,S02.b,11.685651337701884,0.05141275033094317,TRUE
333424.5,4310356.5,CRBU,137.09762573242188,0,S02.a,S10.b,10.669744887103311,S10.a,10.778228102014793,0.10848321491148205,TRUE
327046.5,4315104.5,CRBU,141.09548950195312,0,S01.a,S10.b,7.796554278636755,S06.b,7.841956271920261,0.04540199328350614,TRUE
328832.5,4314857.5,CRBU,141.3607940673828,0,S22,S22,20.333328767975633,S13.b,21.185175850661814,0.8518470826861808,TRUE
324490.5,4313740.5,CRBU,140.18040466308594,0,S09.a,S09.a,5.726808035258216,Ligusticum porteri,6.678007836253564,0.9511998009953482,FALSE
327580.5,4299380.5,CRBU,154.36959838867188,4.176000118255615,S12,M01,16.67294234630049,S07,16.698086622208017,0.025144275907525326,TRUE
326436.5,4308215.5,CRBU,130.73143005371094,0,S10.a,S10.b,5.0521163195121,S10.a,5.059562279958968,0.007445960446867517,FALSE
321766.5,4313866.5,CRBU,133.2378692626953,0,S26,S10.c,7.370703838860638,S09.a,7.37752717805293,0.006823339192292721,TRUE
321517.5,4315548.5,CRBU,151.1973114013672,0,S09.a,S09.a,8.28776389700513,Lonicera involucrata,8.341426316704325,0.053662419699195496,TRUE
333181.5,4310611.5,CRBU,143.3766326904297,0,S02.a,S10.a,9.33987871706812,S02.a,9.364682234600954,0.024803517532834718,TRUE
318973.5,4302881.5,CRBU,140.3478546142578,0,S06.b,S10.a,7.495419318891898,M02,7.507813263526282,0.012393944634384368,TRUE
320583.5,4309704.5,CRBU,147.6044464111328,0,S06.b,Osmorhiza occidentalis,7.894643715487511,M02,7.97701546776317,0.08237175227565885,TRUE
325838.5,4316734.5,CRBU,150.43943786621094,0,S03,S21,29.77071828514192,S23,33.826016043555406,4.055297758413484,TRUE
326592.5,4298251.5,CRBU,140.68411254882812,0,S06.b,S02.a,11.409672555870738,S08.a,11.416514145271217,0.0068415894004782984,TRUE
317583.5,4298797.5,CRBU,146.54473876953125,0,S12,S12,22.436919385305398,S24.a,22.680495833352772,0.24357644804737433,TRUE
330496.5,4309101.5,CRBU,134.43148803710938,0,S01.a,S04.a,10.594350388816155,M03,11.149765745790912,0.5554153569747573,TRUE
317871.5,4303677.5,CRBU,149.95079040527344,0,M02,S06.b,7.645760437809084,S09.a,7.647480616530603,0.0017201787215190834,TRUE
331811.5,4307821.5,CRBU,153.86639404296875,0,M02,M02,9.76949677608408,S06.b,10.069028869808745,0.2995320937246646,TRUE
334049.5,4312089.5,CRBU,148.66470336914062,0,M02,S09.a,6.15343727106836,Osmorhiza occidentalis,6.154482096616754,0.001044825548394357,FALSE
328808.5,4309512.5,CRBU,130.27273559570312,0,S10.a,S10.b,10.64988210784696,S10.a,10.867845900311425,0.21796379246446485,TRUE
335208.5,4311644.5,CRBU,145.1536407470703,0.3720000088214874,M02,Osmorhiza occidentalis,6.90323827289315,M02,6.90842795592521,0.005189683032059911,FALSE
317766.5,4302704.5,CRBU,150.56442260742188,0,M02,Ligusticum porteri,5.1864739864058365,Osmorhiza occidentalis,5.554340163726766,0.36786617732092974,FALSE
317508.5,4299794.5,CRBU,154.2789306640625,0,S06.b,M01,14.245671792621954,S10.a,14.5739357769255,0.32826398430354686,TRUE
323928.5,4311914.5,CRBU,148.46246337890625,0,S06.b,S02.a,12.06439709342633,M01,12.069625140198625,0.0052280467722951585,TRUE
337001.5,4309434.5,CRBU,132.5028533935547,0,S01.a,S10.b,10.103141489216993,S02.b,10.158775003263964,0.05563351404697059,TRUE
328547.5,4313005.5,CRBU,131.55062866210938,0,S02.a,S10.a,6.1566543923926975,S02.b,6.164210785871155,0.007556393478457046,FALSE
328319.5,4311134.5,CRBU,149.3662567138672,0,M01,M01,9.525795772588262,S10.a,9.825557000074653,0.2997612274863908,TRUE
328556.5,4311668.5,CRBU,140.7149658203125,0,M02,Osmorhiza occidentalis,5.192190982675693,Ligusticum porteri,5.547803758758605,0.3556127760829124,FALSE
319784.5,4325464.5,CRBU,149.86172485351562,0,S06.b,S06.b,13.28595499720028,M02,13.302232362360623,0.016277365160343393,TRUE
327481.5,4318782.5,CRBU,150.49819946289062,0,S02.a,Osmorhiza occidentalis,10.851260223327142,M02,10.856734846796357,0.005474623469215345,TRUE
326076.5,4318245.5,CRBU,145.7347869873047,0,S06.b,M02,9.341836791366841,Osmorhiza occidentalis,9.51775829682421,0.17592150545736907,TRUE
321730.5,4311455.5,CRBU,147.74485778808594,0,S06.b,M02,7.6518712041788275,S06.b,7.703242990445377,0.05137178626654926,TRUE
329106.5,4312434.5,CRBU,132.81288146972656,0,M04,S10.b,8.274085688743611,S10.a,8.355856465797828,0.08177077705421709,TRUE
331397.5,4312758.5,CRBU,143.6683807373047,0,S02.a,M02,8.944344861490757,Osmorhiza occidentalis,9.0214417569522,0.07709689546144283,TRUE
320583.5,4303548.5,CRBU,131.399169921875,0,S10.a,S10.b,9.142474562453629,M02,9.197395346750511,0.05492078429688263,TRUE
330859.5,4312119.5,CRBU,136.04090881347656,0,S01.a,S10.b,9.89508783008988,S10.a,10.060031718669538,0.1649438885796588,TRUE
326355.5,4313182.5,CRBU,148.51943969726562,0,S12,S08.a,18.18186641092045,S12,18.182737178647056,8.707677266066582e-4,TRUE
320604.5,4303371.5,CRBU,145.22157287597656,0,S06.b,M02,10.838532441788072,S06.b,10.874925774490428,0.03639333270235667,TRUE
321217.5,4304104.5,CRBU,151.45896911621094,0.26499998569488525,M01,M01,12.171218017420045,S07,12.324239239353508,0.15302122193346257,TRUE
322976.5,4303494.5,CRBU,138.66880798339844,0.7419999837875366,S01.a,S10.a,9.888206545071611,Osmorhiza occidentalis,9.992363874053423,0.1041573289818114,TRUE
324613.5,4313200.5,CRBU,152.00161743164062,0,S14,S22,14.083613482439363,S01.b,14.679234685921815,0.5956212034824517,TRUE
319913.5,4313842.5,CRBU,151.7659912109375,0,Veratrum tenuipetalum,Veratrum tenuipetalum,6.392462976647325,S03,6.698856874143136,0.3063938974958109,FALSE
333202.5,4312461.5,CRBU,151.33375549316406,0,S23,S21,13.876896018964198,S23,15.668833763751138,1.7919377447869405,TRUE
325469.5,4311287.5,CRBU,139.03614807128906,0,S06.b,S10.a,8.072121731168076,S10.b,8.223389922640445,0.15126819147236858,TRUE
327595.5,4313953.5,CRBU,137.73666381835938,0,S06.b,Osmorhiza occidentalis,8.153476978218482,S10.b,8.253599061702499,0.10012208348401685,TRUE
334076.5,4309740.5,CRBU,133.005126953125,0,S10.a,Osmorhiza occidentalis,7.207243076197109,S10.b,7.411795509506084,0.204552433308975,TRUE
330556.5,4301026.5,CRBU,130.02337646484375,0,S05.a,S04.a,13.192051037532185,M03,13.204892665841376,0.012841628309191222,TRUE
323247.5,4303656.5,CRBU,144.92347717285156,0,Juniperus sp.,S14,25.708893129626777,S10.c,26.04645738825889,0.3375642586321135,TRUE
327595.5,4313035.5,CRBU,136.6301727294922,0,S11,S11,5.714901745662484,Caltha leptosepala,5.806748878080462,0.09184713241797837,FALSE
330829.5,4300608.5,CRBU,135.3955535888672,0,S01.a,S06.b,13.133972117875611,S01.a,13.506175029634178,0.372202911758567,TRUE
321628.5,4298923.5,CRBU,148.7145233154297,0,S23,S21,29.202784142428445,S23,32.42486199025013,3.2220778478216836,TRUE
328661.5,4309617.5,CRBU,141.47259521484375,0,M02,Osmorhiza occidentalis,5.137940861964916,S09.a,5.211189060935213,0.07324819897029755,FALSE
333808.5,4310626.5,CRBU,137.6504364013672,0,S11,S11,7.677699997577874,S01.a,8.806574193907423,1.1288741963295488,TRUE
334850.5,4309083.5,CRBU,130.37307739257812,0,M04,S10.b,7.740906403380121,M04,7.91070203128732,0.16979562790719882,TRUE
331091.5,4313863.5,CRBU,148.07350158691406,0,S12,S12,14.57502916285263,M01,14.692036108565512,0.11700694571288217,TRUE
321541.5,4304383.5,CRBU,152.8992156982422,0,S06.b,M02,8.76186216287885,Ligusticum porteri,9.118898975733764,0.35703681285491307,TRUE
317418.5,4298986.5,CRBU,154.03726196289062,0,S06.b,S08.a,13.04778985640494,M01,13.071022034794238,0.02323217838929814,TRUE
321664.5,4311590.5,CRBU,148.37957763671875,0,S06.b,S06.b,12.165412257216644,M02,12.326760836163052,0.16134857894640753,TRUE
330694.5,4311599.5,CRBU,133.318115234375,0,S01.a,S10.b,10.440109785629277,S10.a,10.663666796223644,0.2235570105943676,TRUE
326742.5,4309035.5,CRBU,131.9301300048828,0,S01.a,S10.b,9.897195560480402,S10.a,9.931328809648363,0.034133249167961566,TRUE
330976.5,4307368.5,CRBU,144.32688903808594,0,S01.a,M01,15.85130049228098,M02,15.860130149190882,0.008829656909901118,TRUE
320763.5,4302401.5,CRBU,150.92755126953125,4.289000034332275,S06.b,S10.b,9.124455703608263,Osmorhiza occidentalis,9.14085262198566,0.01639691837739754,TRUE
323574.5,4315077.5,CRBU,154.7357940673828,0,Ribes sp.,S21,37.69728523266564,S23,40.481986576223285,2.784701343557643,TRUE
336607.5,4307971.5,CRBU,135.97222900390625,0,S11,S11,5.40749779995496,Osmorhiza occidentalis,6.364013116202761,0.9565153162478008,FALSE
321103.5,4313356.5,CRBU,141.8763885498047,0,S04.b,S23,7.536275770559157,S21,7.698694056593782,0.16241828603462505,TRUE
328952.5,4298164.5,CRBU,150.3725128173828,0,S12,S12,22.927780230840728,S25,24.66535115126773,1.7375709204270002,TRUE
332760.5,4310737.5,CRBU,133.0323486328125,0,S02.a,S02.a,10.430823305508385,S02.b,10.490377968681301,0.05955466317291602,TRUE
321604.5,4304311.5,CRBU,143.72735595703125,0,S06.b,S09.a,7.631944379226767,S10.b,7.685018465988688,0.053074086761920825,TRUE
326469.5,4316932.5,CRBU,137.96890258789062,0,S10.c,S10.c,5.48890174892389,S10.a,5.73319027830394,0.24428852938005008,FALSE
326067.5,4299356.5,CRBU,147.53311157226562,0,S06.b,S08.a,16.346161255611875,M02,16.397924428876845,0.05176317326496971,TRUE
326121.5,4318338.5,CRBU,143.69776916503906,0,S03,Veratrum tenuipetalum,6.853979546570107,Corydalis caseana,7.411207783985666,0.5572282374155586,FALSE
330679.5,4306986.5,CRBU,137.6333465576172,0,S12,M01,15.322105773473364,S10.a,15.629469378054047,0.3073636045806829,TRUE
325853.5,4319218.5,CRBU,150.7400360107422,0,S06.b,M02,6.82214172903454,S09.a,6.893384809198726,0.07124308016418635,FALSE
321940.5,4311476.5,CRBU,144.61376953125,0,S10.c,S10.c,6.224663432864728,S10.a,6.668723524055485,0.4440600911907575,FALSE
336847.5,4306617.5,CRBU,130.1383056640625,0,S22,S24.b,18.58064249124232,S22,18.61733811521948,0.03669562397715964,TRUE
327262.5,4313212.5,CRBU,137.25222778320312,0,M02,Osmorhiza occidentalis,6.047143221377449,M02,6.252338549212124,0.20519532783467476,FALSE
324202.5,4315041.5,CRBU,149.0802459716797,0,S12,S20,16.94804511387399,S13.b,17.28212147175879,0.33407635788479695,TRUE
325439.5,4316614.5,CRBU,145.19851684570312,0,S06.b,S06.b,9.738552093353862,M02,9.80914582078031,0.07059372742644854,TRUE
325487.5,4316671.5,CRBU,146.7231903076172,0,S06.b,M02,11.525391882884687,S06.b,11.542787314985821,0.017395432101134034,TRUE
321985.5,4314659.5,CRBU,152.3124542236328,0,M02,Osmorhiza occidentalis,6.8794782476779295,S09.a,6.98394727216682,0.10446902448889084,FALSE
324748.5,4307956.5,CRBU,138.71340942382812,0,S10.c,S26,8.295387019688123,S09.a,8.456466679770097,0.16107966008197394,TRUE
317766.5,4299113.5,CRBU,147.779541015625,0,M01,M01,9.333918850314802,M02,9.45842228239455,0.1245034320797469,TRUE
328145.5,4313845.5,CRBU,137.27125549316406,0,M02,Ligusticum porteri,5.38647164270958,S09.a,5.442332093052965,0.055860450343384827,FALSE
325799.5,4311107.5,CRBU,138.10812377929688,0,S06.b,S10.a,8.502869018465436,S10.b,8.610680545190696,0.10781152672526062,TRUE
325790.5,4317743.5,CRBU,148.14013671875,0,S09.a,S09.a,6.7534530063058185,S10.c,7.395564438588853,0.6421114322830341,FALSE
331817.5,4313221.5,CRBU,149.4608154296875,0,S10.a,S11,6.931557538096956,S10.c,7.070627630884907,0.1390700927879509,FALSE
332154.5,4311455.5,CRBU,136.6786346435547,0,S01.a,S04.a,8.335182806355935,S02.a,8.586151848990962,0.2509690426350275,TRUE
327889.5,4307968.5,CRBU,131.60345458984375,0,S02.a,S02.a,8.82679495169414,S02.b,8.99565881675608,0.1688638650619403,TRUE
327028.5,4308089.5,CRBU,140.5950469970703,0,S06.b,M01,13.782091825099368,S10.a,13.93530666949826,0.15321484439889232,TRUE
326460.5,4320566.5,CRBU,150.37026977539062,0,Veratrum tenuipetalum,Veratrum tenuipetalum,6.673784041690468,Corydalis caseana,6.84700884693928,0.1732248052488119,FALSE
325691.5,4310593.5,CRBU,143.1196746826172,0,S06.b,S10.a,7.789602980183623,S06.b,7.816306548429055,0.026703568245432407,TRUE
336013.5,4308002.5,CRBU,136.9273223876953,0,S01.a,S10.a,10.863402644890893,S10.b,10.924023012609014,0.06062036771812096,TRUE
317970.5,4304533.5,CRBU,154.81690979003906,0,S12,S12,14.530589704898341,S06.b,15.047301520464089,0.5167118155657473,TRUE
335472.5,4312908.5,CRBU,147.4501190185547,0,S02.a,S02.b,7.21157852128601,S02.a,7.41232271211747,0.20074419083146022,TRUE
320313.5,4310917.5,CRBU,150.95806884765625,0,S06.b,M02,9.564322000961388,Osmorhiza occidentalis,9.805452245122137,0.24113024416074857,TRUE
331025.5,4311590.5,CRBU,135.46536254882812,0.21699999272823337,S06.b,Osmorhiza occidentalis,6.533962780031284,S10.b,6.66656918415774,0.13260640412645586,FALSE
322301.5,4312647.5,CRBU,148.7953338623047,0,S12,M02,11.634156563730171,S06.b,11.783393944446162,0.14923738071599146,TRUE
334094.5,4312410.5,CRBU,141.02354431152344,0,S12,S08.a,15.814306094049472,M02,15.834812394736115,0.02050630068664283,TRUE
323706.5,4311935.5,CRBU,154.0222625732422,0.17900000512599945,S08.a,M02,7.3195676678156945,Osmorhiza occidentalis,7.612595033808592,0.2930273659928977,TRUE
332733.5,4312341.5,CRBU,142.18841552734375,0,S06.b,Osmorhiza occidentalis,9.030340162557085,S10.a,9.030506108722692,1.6594616560716702e-4,TRUE
332937.5,4311614.5,CRBU,137.53164672851562,0,S06.b,S10.a,6.6661648796829445,M02,6.770910219341214,0.10474533965826982,FALSE
317730.5,4302557.5,CRBU,151.21726989746094,0,S06.b,S10.a,8.749642826072355,S10.c,8.976806064861941,0.22716323878958633,TRUE
321463.5,4323632.5,CRBU,152.12057495117188,0,S09.a,S09.a,4.7421180109067995,S10.c,5.724830552080187,0.9827125411733872,FALSE
319403.5,4314275.5,CRBU,152.44720458984375,0,S06.b,S06.b,9.918802025378897,Osmorhiza occidentalis,9.940090327198346,0.02128830181944963,TRUE
332532.5,4307359.5,CRBU,144.99525451660156,0,S06.b,S10.b,10.855507276596997,S10.a,10.862968063551229,0.00746078695423158,TRUE
326061.5,4307509.5,CRBU,137.5685272216797,0,S06.b,S10.a,8.679248324740355,S06.b,8.756195289805033,0.07694696506467835,TRUE
323124.5,4305293.5,CRBU,154.36192321777344,0,S12,M01,18.08633514944714,S13.b,18.37390138609767,0.28756623665053027,TRUE
330553.5,4307749.5,CRBU,139.82302856445312,0,S06.b,S06.b,11.73118349557078,S10.a,11.84286430858685,0.11168081301607025,TRUE
325541.5,4311383.5,CRBU,137.95025634765625,0,M02,Osmorhiza occidentalis,5.500273279151888,S09.a,5.809122032243625,0.30884875309173676,FALSE
334997.5,4311200.5,CRBU,141.7124786376953,0,S06.b,S10.b,9.00819775485096,S10.a,9.183703984462198,0.17550622961123885,TRUE
318364.5,4298164.5,CRBU,142.3238067626953,0,M02,Corydalis caseana,10.08516497892606,Veratrum tenuipetalum,10.474972674060808,0.3898076951347491,TRUE
323928.5,4313626.5,CRBU,145.1544647216797,0,S06.b,M02,7.585758746773723,S06.b,7.650039567060544,0.0642808202868208,TRUE
324778.5,4313509.5,CRBU,148.6421661376953,0,S01.a,M01,12.718936149562019,S08.a,12.725198847914905,0.006262698352886176,TRUE
335910.5,4308020.5,CRBU,133.7340850830078,0,S01.a,S02.a,9.546747904890085,S04.a,9.65265002311743,0.10590211822734474,TRUE
320985.5,4316590.5,CRBU,151.01296997070312,0,S06.b,S06.b,6.672120499347578,Osmorhiza occidentalis,6.743520278100791,0.07139977875321257,FALSE
323229.5,4313476.5,CRBU,143.01278686523438,0,S06.b,S24.b,19.442513820153923,S24.a,19.730344880778347,0.28783106062442343,TRUE
327982.5,4316668.5,CRBU,140.80780029296875,0,M02,S09.a,7.0410172941624225,M02,7.064048823621761,0.023031529459338174,TRUE
318751.5,4302770.5,CRBU,148.8466796875,0,S08.a,S10.a,11.427858308321822,M02,11.431289934341056,0.0034316260192337467,TRUE
329955.5,4306869.5,CRBU,134.39195251464844,0,S05.a,S04.a,11.459775357701062,M03,11.661358999977331,0.2015836422762689,TRUE
333976.5,4312857.5,CRBU,154.86221313476562,0.4779999852180481,S06.b,M02,7.427783153573832,Osmorhiza occidentalis,7.489775661310824,0.06199250773699205,TRUE
323571.5,4310314.5,CRBU,130.10671997070312,0,S04.b,S23,12.300125420987781,S21,12.86245276723146,0.5623273462436789,TRUE
327442.5,4321704.5,CRBU,148.68408203125,0,S12,S12,12.930814331896434,S06.b,13.160327626107712,0.2295132942112783,TRUE
321289.5,4299185.5,CRBU,149.01560974121094,0,S06.b,S06.b,9.757908265342559,M02,9.762817330394624,0.004909065052064676,TRUE
328136.5,4298284.5,CRBU,153.71206665039062,0,S12,S12,12.292470523106168,S07,13.106159181137206,0.8136886580310385,TRUE
325463.5,4319119.5,CRBU,146.9993133544922,0,M02,Ligusticum porteri,6.014368433948589,Osmorhiza occidentalis,6.127154378266379,0.11278594431778988,FALSE
324364.5,4307197.5,CRBU,145.0501708984375,0,S12,S25,17.56969958722082,S24.b,17.61426494238649,0.04456535516566973,TRUE
333244.5,4312944.5,CRBU,140.65701293945312,0,S12,S12,24.656584242357063,S24.a,25.683110434288665,1.0265261919316018,TRUE
325631.5,4318551.5,CRBU,142.4719696044922,0,S02.a,S10.b,8.74986845377511,M02,8.76101754793552,0.011149094160410655,TRUE
329046.5,4312191.5,CRBU,130.93356323242188,0,S11,S11,5.982733315166936,Veratrum tenuipetalum,6.079908029613263,0.09717471444632686,FALSE
323343.5,4309680.5,CRBU,143.63861083984375,0,S12,S24.b,15.958304941143954,S12,16.143236604870484,0.18493166372653036,TRUE
323373.5,4321764.5,CRBU,154.39715576171875,0,M02,M02,6.992354841046042,Osmorhiza occidentalis,7.293960427948826,0.3016055869027836,TRUE
323262.5,4313509.5,CRBU,142.34524536132812,0,S06.b,S24.b,17.187550894967938,S24.a,17.38732291123139,0.1997720162634522,TRUE
326493.5,4319101.5,CRBU,148.4449462890625,0,M02,Ligusticum porteri,6.118233358749683,M02,6.131880780271232,0.013647421521548964,FALSE
321553.5,4312794.5,CRBU,139.61964416503906,0,S06.b,S10.a,5.276635358842504,S10.c,5.401926579342656,0.12529122050015218,FALSE
318391.5,4303095.5,CRBU,150.12876892089844,0,S21,S21,21.796200195750647,S23,22.599675051004493,0.803474855253846,TRUE
320736.5,4314539.5,CRBU,151.47705078125,0,S14,M01,12.87427001043746,S10.a,13.207821014211998,0.33355100377453795,TRUE
327706.5,4316092.5,CRBU,142.3238983154297,0,M02,Ligusticum porteri,6.212882144741109,S09.a,6.22725397357489,0.014371828833780853,FALSE
321295.5,4303185.5,CRBU,145.96755981445312,0,S06.b,S06.b,15.533294999584818,S10.a,15.635036439192776,0.10174143960795767,TRUE
326334.5,4300302.5,CRBU,151.2184600830078,0,S08.a,S02.a,10.85817558723231,S02.b,10.912763907377062,0.054588320144752345,TRUE
333244.5,4310362.5,CRBU,138.01901245117188,0,S02.a,S02.b,6.716743324571877,S10.a,6.760301328247678,0.04355800367580098,FALSE
321970.5,4314710.5,CRBU,151.67184448242188,0,S09.a,S09.a,6.672830288130735,Ligusticum porteri,7.758486075569937,1.0856557874392028,FALSE
336487.5,4311110.5,CRBU,149.5830535888672,0.34599998593330383,M02,Ligusticum porteri,6.455194378665809,Osmorhiza occidentalis,6.492032374655713,0.036837995989904115,FALSE
323457.5,4302782.5,CRBU,152.76622009277344,0,M02,Ligusticum porteri,6.029603358870006,S09.a,6.032496035000939,0.002892676130932692,FALSE
318523.5,4299140.5,CRBU,152.4921112060547,0,S11,S21,19.002825854926442,S23,21.968353446225294,2.9655275912988515,TRUE
324046.5,4313974.5,CRBU,148.37506103515625,0,S03,S03,5.5468572578129525,Corydalis caseana,6.437098395690705,0.8902411378777524,FALSE
320100.5,4313878.5,CRBU,148.201171875,0,S06.b,S06.b,8.624274530051187,Osmorhiza occidentalis,8.693306497603674,0.06903196755248686,TRUE
326172.5,4309866.5,CRBU,136.5596466064453,0,S10.a,S10.a,7.621477044232361,S10.c,7.7440057977934575,0.12252875356109616,TRUE
320304.5,4312761.5,CRBU,151.14840698242188,0,S06.b,M01,13.65762819905553,S06.b,13.726555450305673,0.06892725125014287,TRUE
330523.5,4309734.5,CRBU,136.22808837890625,0,S01.a,S04.a,12.383260764991615,M03,12.79316621994875,0.40990545495713526,TRUE
326064.5,4309929.5,CRBU,135.45077514648438,0,S10.a,S10.c,5.441934043065472,S10.a,5.650846203866482,0.2089121608010105,FALSE
328469.5,4313992.5,CRBU,134.66929626464844,0,S20,M01,14.739934445277214,S01.b,14.900784496469146,0.1608500511919324,TRUE
324064.5,4315032.5,CRBU,147.7523193359375,0,S06.b,S08.a,10.157769239805322,M02,10.251851522720749,0.09408228291542642,TRUE
328478.5,4314005.5,CRBU,134.66929626464844,0,S01.a,S01.b,15.842335516689682,M01,15.867082300679728,0.024746783990046595,TRUE
321514.5,4298566.5,CRBU,133.47256469726562,0,S10.a,S10.a,7.940750385381601,S10.c,7.99110934557968,0.050358960198079394,TRUE
321157.5,4312911.5,CRBU,142.17160034179688,0,S09.a,S10.c,6.289768390883066,S10.a,6.38434135327617,0.0945729623931042,FALSE
330136.5,4309965.5,CRBU,141.0314483642578,0,S02.a,Osmorhiza occidentalis,7.294346432512219,M02,7.3048785542674235,0.010532121755204571,TRUE
324208.5,4314914.5,CRBU,147.0498046875,0,S03,S21,32.826657840278514,S23,36.54266139504175,3.7160035547632333,TRUE
322022.5,4304752.5,CRBU,151.2878875732422,0,S20,S20,25.170566460706002,S13.b,25.268117229945627,0.09755076923962491,TRUE
326946.5,4320836.5,CRBU,152.98931884765625,0,S06.b,S06.b,7.314439355254308,M02,7.43075354235284,0.11631418709853225,TRUE
319622.5,4322278.5,CRBU,152.51925659179688,0,S12,S10.a,10.520638113506806,M01,10.674433321563823,0.15379520805701752,TRUE
327529.5,4308425.5,CRBU,132.2235107421875,0,S03,S03,6.717101303130281,Veratrum tenuipetalum,6.739969743888702,0.02286844075842076,FALSE
324910.5,4299446.5,CRBU,138.12979125976562,0,S06.b,S10.a,10.118312707851626,S10.b,10.140326097326303,0.02201338947467768,TRUE
332652.5,4313188.5,CRBU,133.84933471679688,0,S01.a,S12,12.624647468354993,S08.a,12.723304948990284,0.0986574806352909,TRUE
330157.5,4309863.5,CRBU,141.24923706054688,0,S02.a,M02,7.215149339526141,Osmorhiza occidentalis,7.29649784446835,0.08134850494220913,TRUE
327973.5,4307350.5,CRBU,134.67178344726562,0,S06.b,S06.b,13.949244306561452,S02.a,14.014466798480926,0.06522249191947438,TRUE
334550.5,4309044.5,CRBU,130.10740661621094,0,S10.b,S10.b,6.335378208673712,S10.a,6.465352520485569,0.12997431181185704,FALSE
319295.5,4302674.5,CRBU,145.3411865234375,0,S01.a,M01,11.928444952647123,S01.a,12.11577363225616,0.18732867960903654,TRUE
321544.5,4315086.5,CRBU,150.1018524169922,0,S06.b,S09.a,8.547998422574013,S10.b,8.63211060479013,0.08411218221611705,TRUE
336196.5,4308047.5,CRBU,140.21755981445312,0,M03,M03,12.786357591871091,S04.a,12.82720211127463,0.040844519403538726,TRUE
329976.5,4310185.5,CRBU,135.7885284423828,5.379000186920166,S06.b,S12,14.95306606997919,Alnus incana,15.074372720235502,0.1213066502563116,TRUE
322040.5,4298566.5,CRBU,143.09910583496094,6.289999961853027,Juniperus sp.,S10.a,12.746623235330532,S07,12.91072348314337,0.16410024781283816,TRUE
321325.5,4312335.5,CRBU,151.1472625732422,0,S06.b,S06.b,10.915819486317893,S10.a,11.016765045067741,0.10094555874984756,TRUE
326163.5,4316830.5,CRBU,144.86459350585938,0,S10.a,S10.a,5.488054587353969,S10.c,5.610031896340661,0.12197730898669157,FALSE
330835.5,4315545.5,CRBU,144.6048583984375,0,S25,S25,17.913501153338743,S12,18.22016699011315,0.30666583677440684,TRUE
334553.5,4312686.5,CRBU,150.13497924804688,0,S20,S20,24.29178253742593,M01,25.33882809810566,1.0470455606797309,TRUE
326496.5,4318971.5,CRBU,139.6613006591797,0,Ligusticum porteri,Ligusticum porteri,5.921798283765432,M02,6.2205367212239215,0.29873843745848916,FALSE
330376.5,4308455.5,CRBU,139.70266723632812,0,Juniperus sp.,Sambucus racemosa,8.345883657290072,S08.a,9.100134810913769,0.7542511536236969,TRUE
317730.5,4299128.5,CRBU,145.79344177246094,0,S25,S12,27.142085142646206,S24.a,27.252312330650682,0.11022718800447606,TRUE
336235.5,4307689.5,CRBU,130.6372528076172,0,S05.a,S04.a,10.898877051175715,M03,11.247650662407557,0.3487736112318416,TRUE
327292.5,4319680.5,CRBU,153.21351623535156,0,M02,S09.a,8.102883444538,M02,8.353785937012578,0.2509024924745784,TRUE
325481.5,4318998.5,CRBU,140.7093505859375,0,S06.b,M02,12.871436642162935,Ligusticum porteri,13.082579537805675,0.21114289564273925,TRUE
330478.5,4311869.5,CRBU,135.3548583984375,0,S11,S10.c,7.851123551294042,S10.a,7.897844690917961,0.04672113962391933,TRUE
324937.5,4311674.5,CRBU,138.07632446289062,0,S06.b,S02.b,12.578306813995233,S02.a,12.784367591268996,0.2060607772737626,TRUE
328325.5,4310371.5,CRBU,138.79019165039062,0,S01.a,S02.a,11.324231857867092,S04.a,11.332102337921706,0.007870480054613438,TRUE
322388.5,4309827.5,CRBU,151.1864013671875,0,M02,Osmorhiza occidentalis,6.28289353053541,M02,6.32805659401868,0.045163063483269816,FALSE
325865.5,4318200.5,CRBU,140.73252868652344,0,Veratrum tenuipetalum,Veratrum tenuipetalum,5.101103927889118,S03,5.461636212699729,0.3605322848106116,FALSE
328394.5,4313071.5,CRBU,132.18223571777344,0,S11,S10.c,6.3614597025978705,S10.a,6.386591046747021,0.02513134414915008,FALSE
328163.5,4308482.5,CRBU,134.75836181640625,0,S06.b,S09.a,7.977064718751469,M02,8.232976805099698,0.2559120863482285,TRUE
333784.5,4309596.5,CRBU,131.56741333007812,0,S11,Osmorhiza occidentalis,6.254179945593196,S10.b,6.551716993828841,0.297537048235645,FALSE
322457.5,4312572.5,CRBU,147.273193359375,0,S06.b,S06.b,9.250563503900542,M02,9.371322342591302,0.12075883869075987,TRUE
331073.5,4308680.5,CRBU,143.97994995117188,0,S25,S24.b,27.596960189279393,S25,27.66593582237764,0.06897563309824761,TRUE
327817.5,4313263.5,CRBU,132.80105590820312,0,S11,Osmorhiza occidentalis,6.1750962713354705,S10.a,6.362149433782018,0.18705316244654746,FALSE
318010.5,4305203.5,CRBU,152.84246826171875,0,S25,S25,24.963009914450463,S24.b,25.06449983277846,0.10148991832799581,TRUE
318427.5,4299977.5,CRBU,148.3734130859375,0,S14,M01,17.290982923113553,S10.a,17.452339979514786,0.16135705640123277,TRUE
318748.5,4303017.5,CRBU,148.1437225341797,0.7149999737739563,Veratrum tenuipetalum,S21,10.107960569618871,Ligusticum porteri,10.519695845475146,0.4117352758562749,TRUE
321643.5,4311764.5,CRBU,150.58103942871094,0,S10.a,S10.c,7.278021398497486,S10.a,7.485367324133302,0.20734592563581522,TRUE
327919.5,4313524.5,CRBU,133.23887634277344,0,M02,Ligusticum porteri,5.580467055165904,Osmorhiza occidentalis,5.644552286261853,0.06408523109594899,FALSE
323751.5,4314389.5,CRBU,153.2677764892578,0,Veratrum tenuipetalum,Veratrum tenuipetalum,6.451582195968229,S03,6.782202280458799,0.3306200844905698,FALSE
322088.5,4309956.5,CRBU,154.99461364746094,0.5600000023841858,S08.a,M02,10.734917432574308,M01,10.81626718624974,0.08134975367543262,TRUE
326559.5,4319392.5,CRBU,150.61227416992188,0,S03,S03,5.70452398406612,Veratrum tenuipetalum,6.234629507370313,0.5301055233041927,FALSE
326334.5,4317284.5,CRBU,141.703125,0,S06.b,S10.a,6.240321106899105,S10.c,6.446798320885357,0.2064772139862514,FALSE
323337.5,4315197.5,CRBU,153.93614196777344,0,Ribes sp.,S21,39.851636663337146,S23,41.68359626378211,1.8319596004449608,TRUE
323856.5,4298395.5,CRBU,137.65257263183594,0,S11,S10.c,8.64362093987148,S10.a,8.834844922419622,0.19122398254814144,TRUE
328817.5,4297848.5,CRBU,149.6523895263672,0,S12,S12,10.973051321477664,S14,11.582477783087544,0.6094264616098801,TRUE
318565.5,4302956.5,CRBU,147.55709838867188,0,S06.b,S09.a,6.421737247472121,Ligusticum porteri,6.951708291632712,0.5299710441605905,FALSE
332577.5,4311071.5,CRBU,143.3833770751953,0,S02.a,S02.a,11.82454772300792,S02.b,11.876091033027148,0.05154331001922863,TRUE
322049.5,4314794.5,CRBU,147.70596313476562,0,S09.a,S09.a,7.233603414942911,Osmorhiza occidentalis,7.938101663077481,0.7044982481345707,TRUE
336586.5,4311251.5,CRBU,144.6356201171875,0,S06.b,S08.a,13.932398850011118,M02,14.091329849593484,0.15893099958236512,TRUE
320223.5,4310254.5,CRBU,150.51812744140625,0,S09.a,S09.a,6.23133596837713,Ligusticum porteri,6.778120600201874,0.5467846318247442,FALSE
324766.5,4300296.5,CRBU,152.14370727539062,0,Juniperus sp.,Juniperus sp.,13.205747238840083,S07,13.637923282868758,0.43217604402867593,TRUE
320091.5,4310977.5,CRBU,147.98605346679688,0.01899999938905239,S11,S21,25.463841213659332,S23,28.69570518264409,3.231863968984758,TRUE
330865.5,4308932.5,CRBU,137.0136260986328,0,S06.b,S06.b,16.78473317899635,S10.a,16.786175190855822,0.0014420118594706821,TRUE
331886.5,4314443.5,CRBU,153.8782501220703,0,S12,S12,33.701903802376336,S24.a,34.55454100362887,0.8526372012525343,TRUE
328190.5,4306977.5,CRBU,131.34385681152344,0,Veratrum tenuipetalum,Veratrum tenuipetalum,6.040277652557859,S03,6.7172246142775975,0.6769469617197386,FALSE
319934.5,4325575.5,CRBU,149.46615600585938,0,S06.b,S06.b,13.938437510481261,S12,13.946095855300147,0.00765834481888561,TRUE
326151.5,4306419.5,CRBU,135.90463256835938,0,Juniperus sp.,S23,186.36558949756468,Salix wolfii,187.06201681809142,0.6964273205267375,TRUE
334352.5,4311197.5,CRBU,137.06289672851562,0,S06.b,S03,5.802029663248079,Caltha leptosepala,5.980644727582986,0.17861506433490693,FALSE
331616.5,4313230.5,CRBU,142.6157684326172,0,S06.b,S10.c,6.195424908226927,S10.a,6.351935353343861,0.15651044511693435,FALSE
318232.5,4303806.5,CRBU,151.32464599609375,0,M02,M02,6.6610439088110205,Ligusticum porteri,6.714553391319479,0.053509482508458106,FALSE
326412.5,4317224.5,CRBU,139.9319610595703,0,S10.a,S10.c,6.022863954680991,S10.a,6.0354401368645,0.012576182183508422,FALSE
333919.5,4312131.5,CRBU,142.68536376953125,0.3140000104904175,S06.b,S12,13.805576700839296,S06.b,13.91059260460174,0.1050159037624443,TRUE
326001.5,4299347.5,CRBU,147.5167236328125,0,S06.b,S02.a,11.16935656176302,S08.a,11.169958515068915,6.019533058942983e-4,TRUE
327910.5,4297992.5,CRBU,141.24574279785156,0,M02,M02,11.192516707408526,S08.a,11.273883073528872,0.08136636612034565,TRUE
333775.5,4310599.5,CRBU,138.22872924804688,0,Veratrum tenuipetalum,Veratrum tenuipetalum,9.432705531726295,S03,9.53651078828486,0.1038052565585641,TRUE
328013.5,4314425.5,CRBU,132.1710662841797,0,S06.b,S06.b,11.756521310426791,S02.a,11.778718924885366,0.022197614458574932,TRUE
320802.5,4312191.5,CRBU,148.47506713867188,0,S06.b,S06.b,9.507271955796,M01,9.571901415449918,0.06462945965391853,TRUE
324574.5,4319398.5,CRBU,151.4327392578125,0,M02,S09.a,4.886223707499583,Ligusticum porteri,5.223574879138042,0.33735117163845896,FALSE
329850.5,4316248.5,CRBU,149.43661499023438,0,S12,S24.a,21.897608286922274,S24.b,21.905304291124466,0.007696004202191631,TRUE
328853.5,4298185.5,CRBU,153.14353942871094,0,S12,S12,19.923135295652965,S24.a,21.135123476519947,1.2119881808669817,TRUE
317955.5,4305002.5,CRBU,152.10797119140625,0,S02.a,M02,7.382564972080147,S10.a,7.53377616988287,0.15121119780272263,TRUE
328106.5,4313446.5,CRBU,136.45382690429688,0,S02.a,M02,7.682308267495088,S02.b,7.79320921701035,0.11090094951526197,TRUE
318349.5,4299431.5,CRBU,136.4660186767578,0.3650000095367432,Salix other,S26,8.478677309267104,S09.a,8.965209173125723,0.4865318638586196,TRUE
321583.5,4315380.5,CRBU,152.5470428466797,0,S23,S10.a,10.794629504138701,S07,10.818329339682677,0.023699835543975922,TRUE
321406.5,4314134.5,CRBU,145.5304412841797,0,S12,S12,13.068897636164676,S01.b,14.215949722381731,1.1470520862170552,TRUE
328982.5,4298179.5,CRBU,148.23460388183594,0,S12,S12,15.880016691793696,S14,17.304394772141052,1.4243780803473562,TRUE
326820.5,4321311.5,CRBU,148.1163787841797,0,S06.b,M02,6.340083601219112,S06.b,6.423603352150998,0.08351975093188635,FALSE
322124.5,4312935.5,CRBU,147.79232788085938,0,S07,S21,28.054590868410564,S23,32.3427542795813,4.288163411170736,TRUE
328895.5,4308692.5,CRBU,134.0662841796875,0,S09.a,S09.a,5.960787464333201,Ligusticum porteri,6.386684429589799,0.42589696525659804,FALSE
325331.5,4314329.5,CRBU,152.5281524658203,0,M01,S08.a,13.664676487764538,M02,14.139259671968816,0.4745831842042776,TRUE
328688.5,4321185.5,CRBU,151.74412536621094,0,S06.b,M02,6.95691540244452,S09.a,7.006519549010384,0.04960414656586387,TRUE
321361.5,4308701.5,CRBU,140.66668701171875,0,S06.b,S10.a,7.802792328620211,S10.b,8.030652121334429,0.2278597927142174,TRUE
327811.5,4310137.5,CRBU,138.0976104736328,0,S01.a,S08.a,11.764978659730785,S02.a,11.840052362662588,0.07507370293180315,TRUE
326463.5,4308512.5,CRBU,131.92787170410156,0,S10.a,S10.b,7.340863761090134,S10.a,7.41271454017539,0.07185077908525628,TRUE
320460.5,4310596.5,CRBU,147.1143798828125,0,S12,S12,13.097530767798615,S06.b,13.288736038601224,0.19120527080260885,TRUE
321790.5,4315104.5,CRBU,145.6818389892578,0,M01,M01,12.169844640020894,S10.a,12.393321154494622,0.2234765144737274,TRUE
324703.5,4318554.5,CRBU,150.1160125732422,0,S03,S03,3.8469602855616025,Veratrum tenuipetalum,3.9392258347803475,0.09226554921874497,FALSE
317331.5,4303464.5,CRBU,153.57083129882812,0,S06.b,S10.a,12.718437841381002,S10.b,12.742053714557542,0.023615873176540347,TRUE
321124.5,4308182.5,CRBU,144.86526489257812,0,S06.b,S06.b,14.083388273059729,S10.a,14.175088265118056,0.09169999205832724,TRUE
333517.5,4311842.5,CRBU,136.55433654785156,0,S01.a,S06.b,11.275790823712544,S10.b,11.276291218431055,5.003947185109325e-4,TRUE
333109.5,4312074.5,CRBU,137.567138671875,0,S10.a,S09.a,7.003036908170242,S10.b,7.109240929697189,0.1062040215269473,TRUE
331256.5,4313137.5,CRBU,140.27685546875,0,S01.a,S10.a,11.670952932559928,S01.a,11.679247458565916,0.008294526005988345,TRUE
331076.5,4312671.5,CRBU,135.9369354248047,0,M02,Ligusticum porteri,6.070494288748425,S09.a,6.0715529273253654,0.0010586385769402185,FALSE
320493.5,4315731.5,CRBU,152.24929809570312,0,S12,S12,13.991659429481276,S25,15.086251051098163,1.0945916216168872,TRUE
320280.5,4325080.5,CRBU,153.78097534179688,0,S06.b,S09.a,9.973371033109723,S06.b,10.106004617856051,0.13263358474632803,TRUE
325934.5,4319242.5,CRBU,153.76565551757812,0,S06.b,M01,12.760845511553256,S02.a,12.930012929957792,0.16916741840453575,TRUE
317697.5,4301590.5,CRBU,153.17201232910156,0,S01.a,S10.a,10.667599233741418,S06.b,10.847030365869356,0.17943113212793804,TRUE
334529.5,4308980.5,CRBU,133.50050354003906,0,S01.a,S10.b,10.335976179336845,S04.a,10.42108655854655,0.08511037920970566,TRUE
326106.5,4312845.5,CRBU,140.76785278320312,0,M02,Ligusticum porteri,5.585286581442416,S09.a,5.744057442768116,0.15877086132570017,FALSE
322751.5,4309848.5,CRBU,145.81637573242188,0,S06.b,S09.a,7.969260387894737,S10.b,8.284557347204775,0.31529695931003765,TRUE
325748.5,4311341.5,CRBU,138.87571716308594,0,S01.a,S04.a,10.28744325000866,S02.a,10.45123349022086,0.16379024021219912,TRUE
326034.5,4309173.5,CRBU,136.4967803955078,0,S10.a,S10.b,8.26872864884453,M02,8.357150411972485,0.0884217631279558,TRUE
316967.5,4302560.5,CRBU,154.90647888183594,0,S11,S21,39.69919514698301,S23,43.3852416577541,3.6860465107710922,TRUE
324295.5,4313995.5,CRBU,149.28244018554688,0,S09.a,S09.a,6.851283409591523,Ligusticum porteri,7.318403179484031,0.46711976989250825,FALSE
320397.5,4324815.5,CRBU,148.97425842285156,0,S12,S12,16.195007406328507,S25,17.514381238462526,1.3193738321340192,TRUE
326580.5,4317308.5,CRBU,141.22064208984375,0,M02,S09.a,4.190010046604184,Ligusticum porteri,4.639764795177113,0.4497547485729294,FALSE
329406.5,4313467.5,CRBU,136.9451446533203,0,S01.a,M01,16.807773734696827,S01.b,16.840867990359634,0.03309425566280666,TRUE
325613.5,4313077.5,CRBU,152.8316192626953,0,S12,S12,17.44950254876886,S24.a,18.79499705994584,1.3454945111769803,TRUE
330850.5,4309374.5,CRBU,134.17442321777344,0,Ligusticum porteri,Osmorhiza occidentalis,5.941851241155384,S09.a,6.010036473020182,0.0681852318647973,FALSE
322055.5,4304149.5,CRBU,146.45333862304688,0,S06.b,M02,10.145440451710984,S02.b,10.182569549477641,0.03712909776665718,TRUE
321877.5,4313770.5,CRBU,144.8541259765625,0,S09.a,S09.a,5.41651522751905,Ligusticum porteri,6.432890912320693,1.016375684801643,FALSE
322295.5,4322665.5,CRBU,151.62872314453125,0,S09.a,S09.a,5.424037538034318,Ligusticum porteri,6.166472474590583,0.7424349365562648,FALSE
317475.5,4298530.5,CRBU,130.32098388671875,0,S12,M02,14.767337568306818,S06.b,14.818088325272878,0.05075075696606035,TRUE
327676.5,4308029.5,CRBU,130.24057006835938,0,S02.a,S02.a,10.964970879256802,S06.b,11.182618676054458,0.21764779679765667,TRUE
332748.5,4312014.5,CRBU,133.31996154785156,0,S01.a,S04.a,9.260600650432016,S02.a,9.570303743478597,0.30970309304658095,TRUE
323436.5,4312407.5,CRBU,152.25112915039062,0,S14,M01,15.12648198101732,S10.a,15.294480034711912,0.16799805369459087,TRUE
330841.5,4309728.5,CRBU,134.3684539794922,0,M04,S10.b,7.980895654021383,S10.a,8.000543193552373,0.019647539530989633,TRUE
330745.5,4312023.5,CRBU,135.48854064941406,0,S10.a,S10.b,7.48313120188077,S10.a,7.604533043903931,0.12140184202316107,TRUE
327070.5,4319584.5,CRBU,146.53855895996094,0,Sambucus racemosa,Lonicera involucrata,10.33953568219699,Sambucus racemosa,10.575063713468971,0.23552803127198096,TRUE
317310.5,4298806.5,CRBU,145.00485229492188,0,S06.b,S06.b,11.308337349610033,M01,11.339215629377506,0.030878279767472705,TRUE
325790.5,4310848.5,CRBU,137.92832946777344,0,S10.a,S10.c,7.278508393103089,S10.a,7.454316823144296,0.17580843004120705,TRUE
326637.5,4308575.5,CRBU,134.49288940429688,0,S04.b,S06.b,11.951928000360356,S10.a,11.962059696427392,0.010131696067036344,TRUE
324244.5,4315188.5,CRBU,153.98773193359375,0,S08.a,M02,10.349805503069572,S08.a,10.380484365599951,0.030678862530379547,TRUE
318085.5,4299176.5,CRBU,151.96885681152344,0.2809999883174896,M02,S09.a,7.607957949657623,Ligusticum porteri,8.182254203098926,0.5742962534413039,TRUE
329361.5,4315059.5,CRBU,146.24819946289062,0,S02.a,S06.b,13.096004066956255,M01,13.114690082210705,0.018686015254450794,TRUE
326388.5,4310101.5,CRBU,137.86436462402344,0,Veratrum tenuipetalum,Veratrum tenuipetalum,6.401058351446971,S03,6.7591469018547885,0.3580885504078175,FALSE
329043.5,4315176.5,CRBU,134.39822387695312,0,S01.a,M01,11.795313507371477,S01.b,11.817299154876576,0.021985647505099237,TRUE
324805.5,4314305.5,CRBU,152.07821655273438,0,S21,S21,52.229885694941466,S23,55.967119156811286,3.7372334618698204,TRUE
329709.5,4310419.5,CRBU,134.41392517089844,0,S02.a,S02.a,9.23977915973237,M04,9.264310692601146,0.024531532868776296,TRUE
326367.5,4309569.5,CRBU,130.8024139404297,0,S10.a,S10.a,4.9263040672285765,S10.b,5.039914794244001,0.1136107270154243,FALSE
331346.5,4309119.5,CRBU,138.3857421875,0.17299999296665192,S06.b,S10.b,7.997019269444009,S10.a,8.17514828786574,0.178129018421731,TRUE
328217.5,4310758.5,CRBU,145.40682983398438,0,S12,S01.a,7.967089391115445,M01,8.251803818722532,0.28471442760708765,TRUE
327481.5,4317146.5,CRBU,149.93069458007812,0,S06.b,Osmorhiza occidentalis,8.223434922403522,M02,8.379678531034603,0.15624360863108144,TRUE
326706.5,4309437.5,CRBU,133.4558868408203,0,S03,S03,5.676157520750035,Veratrum tenuipetalum,5.880770852097579,0.20461333134754423,FALSE
325553.5,4310659.5,CRBU,145.3792266845703,0,S06.b,S10.a,9.526541363409708,S06.b,9.562171236770887,0.035629873361179065,TRUE
330766.5,4307293.5,CRBU,146.35153198242188,0,S06.b,M02,12.157555752602477,S06.b,12.397841137474494,0.240285384872017,TRUE
323070.5,4314248.5,CRBU,153.90419006347656,0,S06.b,S08.a,14.361970324579227,M01,14.42695187634703,0.06498155176780251,TRUE
317130.5,4298296.5,CRBU,148.55189514160156,0,S12,S12,17.2312915598811,S06.b,17.308587687310652,0.07729612742955183,TRUE
332538.5,4313089.5,CRBU,147.38597106933594,0,S23,M01,9.450530148732136,S10.a,9.721464120698752,0.27093397196661506,TRUE
321973.5,4315479.5,CRBU,154.168701171875,0,S12,M01,12.203245866642561,S08.a,12.348213238780415,0.14496737213785416,TRUE
329403.5,4311203.5,CRBU,134.17884826660156,0,M02,Osmorhiza occidentalis,5.780474891854322,Ligusticum porteri,6.262596954163547,0.48212206230922483,FALSE
323499.5,4309539.5,CRBU,133.3072967529297,0,S01.a,S10.a,10.526773090536539,S10.b,10.559438521970424,0.03266543143388567,TRUE
328640.5,4302377.5,CRBU,136.0499725341797,0,S10.a,S10.b,6.8667111147523485,S10.a,6.99260475319278,0.12589363844043167,FALSE
323199.5,4302311.5,CRBU,154.8885498046875,0,S06.b,S08.a,12.269664883614992,S04.a,12.296683297297793,0.02701841368280178,TRUE
334223.5,4312101.5,CRBU,149.9612274169922,0,M02,Ligusticum porteri,5.533701369068218,M02,5.720862512395423,0.1871611433272049,FALSE
330730.5,4309851.5,CRBU,132.1118927001953,0,M02,Osmorhiza occidentalis,6.565138936417963,S10.b,6.8745035173505,0.30936458093253716,FALSE
327037.5,4309137.5,CRBU,132.51153564453125,0,S01.a,S01.a,13.183996522619449,M04,13.200383679563503,0.016387156944054126,TRUE
319928.5,4303083.5,CRBU,133.8184814453125,0,S10.a,S10.b,8.048517081631626,Osmorhiza occidentalis,8.076443646124039,0.02792656449241271,TRUE
324628.5,4312092.5,CRBU,141.06988525390625,0,S06.b,S10.a,8.975355162721069,S02.a,9.018905465608885,0.04355030288781592,TRUE
325880.5,4317035.5,CRBU,146.71768188476562,0,S06.b,Veratrum tenuipetalum,6.2742011439960805,S11,6.427363043180454,0.15316189918437306,FALSE
329307.5,4314557.5,CRBU,147.8765869140625,0,S01.a,M01,12.063140908261426,S07,12.25277716534987,0.1896362570884449,TRUE
322229.5,4314077.5,CRBU,150.65869140625,0,S11,S11,10.989160766889796,S07,11.167916239074751,0.1787554721849549,TRUE
331175.5,4308209.5,CRBU,138.18572998046875,0,S25,S24.b,24.129574737596382,S24.a,24.23339396007164,0.10381922247525921,TRUE
331016.5,4307710.5,CRBU,138.8665313720703,0,S06.b,Osmorhiza occidentalis,7.37467368737447,S10.b,7.409692189160938,0.03501850178646837,TRUE
323862.5,4312482.5,CRBU,150.35377502441406,0,S06.b,M01,11.03741004197164,S06.b,11.189454028623901,0.15204398665226115,TRUE
331190.5,4313569.5,CRBU,148.0840606689453,0,S06.b,S06.b,8.883862671739067,Osmorhiza occidentalis,9.035028089483697,0.15116541774463066,TRUE
334910.5,4311545.5,CRBU,141.37289428710938,0,S06.b,M02,7.107682840796755,S10.b,7.203337193569824,0.09565435277306822,TRUE
327589.5,4319641.5,CRBU,154.25352478027344,0,M02,Osmorhiza occidentalis,6.703237114312148,S09.a,6.934834742570809,0.23159762825866093,FALSE
331967.5,4307614.5,CRBU,147.18991088867188,0,S14,S10.a,15.193947406336088,S22,15.236501908509183,0.04255450217309509,TRUE
332274.5,4313311.5,CRBU,147.3140411376953,0,S12,S12,20.432167584119515,S20,21.249519220109747,0.8173516359902315,TRUE
334457.5,4309731.5,CRBU,137.67689514160156,0,M03,S04.a,10.90422718024784,M03,11.017700521377057,0.11347334112921637,TRUE
320550.5,4303464.5,CRBU,141.41403198242188,0,S11,S21,23.708082293560263,S23,26.395079976854657,2.6869976832943934,TRUE
327841.5,4312857.5,CRBU,140.75912475585938,0,S11,S21,23.14407934139601,S23,27.146622106748513,4.002542765352501,TRUE
329001.5,4313821.5,CRBU,134.3339385986328,0,Veratrum tenuipetalum,S21,34.71096334473859,S23,37.100675463363366,2.3897121186247787,TRUE
318346.5,4304953.5,CRBU,147.30149841308594,0,S12,S12,11.277420308758089,S06.b,11.426533011312413,0.14911270255432463,TRUE
326880.5,4316659.5,CRBU,142.05653381347656,0,S11,Osmorhiza occidentalis,9.249926303312817,S09.a,9.323096469591166,0.0731701662783486,TRUE
323967.5,4314464.5,CRBU,152.2652587890625,0,M02,Corydalis caseana,6.58665783859016,Veratrum tenuipetalum,6.93395809004677,0.3473002514566099,FALSE
330760.5,4307065.5,CRBU,143.9554443359375,0,S06.b,M02,15.2068459675155,S06.b,15.284133513891785,0.07728754637628477,TRUE
335682.5,4307368.5,CRBU,130.239013671875,0,S01.a,S02.a,9.346773461466976,S02.b,9.3549613284036,0.008187866936625099,TRUE
328982.5,4298266.5,CRBU,152.77139282226562,0,S12,S12,15.533959996645168,S14,15.98677630617647,0.45281630953130225,TRUE
331313.5,4308686.5,CRBU,135.90939331054688,0,S25,S25,23.588534944079733,S12,24.552003820035402,0.9634688759556695,TRUE
326811.5,4314806.5,CRBU,148.52577209472656,0.1979999989271164,S06.b,S09.a,6.422318555685356,Ligusticum porteri,6.868044789771715,0.4457262340863588,FALSE
325139.5,4319038.5,CRBU,139.1987762451172,0,S06.b,S09.a,8.596830691239651,S10.b,8.872407294793133,0.2755766035534819,TRUE
330403.5,4306962.5,CRBU,142.74435424804688,0,S14,S10.a,17.858375752376364,M02,17.986666197078655,0.12829044470229078,TRUE
326082.5,4310770.5,CRBU,133.91600036621094,0,S10.a,S09.a,6.550714939769841,S10.a,6.678588720105825,0.1278737803359844,FALSE
335304.5,4311188.5,CRBU,141.703857421875,0,M02,S09.a,6.928215772101651,Ligusticum porteri,6.95240153785804,0.024185765756389088,FALSE
327451.5,4321572.5,CRBU,145.66590881347656,0.1589999943971634,S09.a,S09.a,6.549629453277652,M02,6.767790813741895,0.21816136046424273,FALSE
326655.5,4315872.5,CRBU,145.41831970214844,0,S23,S09.a,7.166753513794203,S10.c,7.366375526884771,0.19962201309056837,TRUE
322025.5,4315467.5,CRBU,153.10824584960938,0,M01,S13.b,12.868863788757052,M01,13.293072482191782,0.4242086934347302,TRUE
320838.5,4309815.5,CRBU,143.2490997314453,1.2239999771118164,Juniperus sp.,S07,10.077737262488489,Cornus sericea,10.245433988445667,0.16769672595717822,TRUE
323217.5,4314230.5,CRBU,150.51852416992188,0,S06.b,S02.a,9.905390925707307,S02.b,9.938069900560931,0.032678974853624254,TRUE
331601.5,4314119.5,CRBU,145.6268310546875,0,S12,S12,12.975631185526433,S08.a,13.122571620460961,0.14694043493452824,TRUE
335853.5,4309659.5,CRBU,135.35585021972656,0,S06.b,S24.a,19.74790345014565,S24.b,19.77406885577291,0.02616540562726044,TRUE
326613.5,4299122.5,CRBU,145.07818603515625,0,S21,S21,25.938286874172157,S23,28.166141904795026,2.2278550306228695,TRUE
322331.5,4304239.5,CRBU,143.75808715820312,0,S20,S20,17.44188833814795,M01,17.815697663084034,0.373809324936083,TRUE
330925.5,4312776.5,CRBU,132.1098175048828,0,S11,S10.a,5.611400587367694,S10.b,5.705891149811663,0.09449056244396914,FALSE
327538.5,4312326.5,CRBU,143.5413818359375,0.14399999380111694,S06.b,Osmorhiza occidentalis,7.706266615154291,S09.a,7.892432632705396,0.18616601755110462,TRUE
323226.5,4307695.5,CRBU,152.73265075683594,0,S06.b,S10.b,9.618473206496516,S10.a,9.647868544477692,0.02939533798117644,TRUE
324733.5,4299680.5,CRBU,143.7841339111328,0,S06.b,M02,11.017292181435405,S06.b,11.238192999205472,0.2209008177700671,TRUE
333565.5,4313134.5,CRBU,151.45974731445312,0,Dasiphora fruticosa,S08.a,11.359835548149954,M02,11.417988981667069,0.05815343351711455,TRUE
330541.5,4316536.5,CRBU,141.62411499023438,0,S02.a,M02,8.310731044477695,S08.a,8.446257399730621,0.13552635525292622,TRUE
327568.5,4308137.5,CRBU,130.0377197265625,0,Veratrum tenuipetalum,Veratrum tenuipetalum,4.975844360730815,S03,5.83468987172781,0.8588455109969946,FALSE
322187.5,4305116.5,CRBU,147.82826232910156,0,S20,S20,22.366992917398857,M01,23.944745783312186,1.5777528659133289,TRUE
324244.5,4312542.5,CRBU,142.54344177246094,0.21400000154972076,S06.b,S09.a,5.697965633194037,S10.a,5.7924891874107605,0.09452355421672376,FALSE
331769.5,4316089.5,CRBU,149.03512573242188,0,S12,S13.b,13.985780370207896,S20,14.10493902861007,0.11915865840217421,TRUE
322406.5,4311251.5,CRBU,132.97706604003906,0,S10.a,S10.a,6.147727846299814,S10.b,6.25802466316321,0.11029681686339643,FALSE
322235.5,4312671.5,CRBU,142.61370849609375,0,S06.b,S09.a,6.244890455011657,S10.b,6.407564766756668,0.16267431174501112,FALSE
327640.5,4318260.5,CRBU,147.38327026367188,0,S06.b,S06.b,17.19958601788979,M02,17.219642474978578,0.02005645708878845,TRUE
333634.5,4312335.5,CRBU,148.0331573486328,0.0560000017285347,S06.b,Osmorhiza occidentalis,6.637571720201539,Ligusticum porteri,6.722066685381552,0.08449496518001354,FALSE
333328.5,4312956.5,CRBU,143.40194702148438,0,S23,S09.a,7.900025110135371,S10.c,8.319775348431175,0.41975023829580405,TRUE
323523.5,4299059.5,CRBU,141.40792846679688,0,S12,S12,16.257730342014263,S25,16.764598074217094,0.5068677322028314,TRUE
334346.5,4312494.5,CRBU,153.1473846435547,0,S12,S08.a,16.47184136121432,M02,16.689741968513644,0.21790060729932392,TRUE
325955.5,4309965.5,CRBU,136.6181640625,0,S06.b,S10.a,7.359713487866211,S06.b,7.363112433302032,0.003398945435820977,TRUE
321397.5,4315206.5,CRBU,146.71607971191406,0,S23,S09.a,5.933177325870665,S10.a,5.981405565170337,0.04822823929967157,FALSE
328961.5,4312962.5,CRBU,130.73362731933594,0,S10.a,S10.a,5.374182962508707,S10.c,5.427027736772161,0.052844774263454575,FALSE
332427.5,4312335.5,CRBU,131.88555908203125,0,S11,S10.a,6.189063267334948,S10.c,6.352142658641001,0.1630793913060531,FALSE
321601.5,4308551.5,CRBU,137.98851013183594,0,S06.b,S10.a,8.705515118432064,S10.b,8.854444964977745,0.14892984654568053,TRUE
337031.5,4309911.5,CRBU,139.34803771972656,0,S02.a,S10.b,9.162671259287116,S06.b,9.184536823473593,0.021865564186477116,TRUE
317580.5,4298251.5,CRBU,144.32083129882812,0,S06.b,S06.b,16.271505164501214,S10.a,16.285673437129557,0.014168272628342748,TRUE
334088.5,4309629.5,CRBU,132.296875,0,S07,Veratrum tenuipetalum,9.566071122144832,Corydalis caseana,9.88816706174412,0.3220959395992882,TRUE
327535.5,4298902.5,CRBU,142.86463928222656,0,S12,S24.a,17.56392639033575,S24.b,17.585373898348095,0.02144750801234352,TRUE
327376.5,4307206.5,CRBU,140.2322540283203,0,S06.b,S02.a,13.720168238408846,S10.a,13.756997674868693,0.03682943645984693,TRUE
322895.5,4310659.5,CRBU,138.65582275390625,0,S15,S21,16.24727782152662,S15,20.322383110838086,4.075105289311466,TRUE
326028.5,4310854.5,CRBU,137.61973571777344,0,S06.b,S06.b,10.94003202822143,S10.a,10.941737992966353,0.0017059647449233495,TRUE
332997.5,4311947.5,CRBU,141.35911560058594,0,M02,S09.a,5.736224279660517,Ligusticum porteri,6.079251286406289,0.34302700674577213,FALSE
325157.5,4311254.5,CRBU,139.9998321533203,0,S02.a,S10.a,6.9452166221761304,S10.b,6.985170909717473,0.03995428754134256,TRUE
317406.5,4298194.5,CRBU,143.65003967285156,0,S06.b,M02,10.031405139984386,S08.a,10.168441770015107,0.13703663003072108,TRUE
327061.5,4303932.5,CRBU,130.07435607910156,0,S05.a,S04.a,12.867355150048901,M03,12.99361494802615,0.12625979797724796,TRUE
327241.5,4314152.5,CRBU,140.9766845703125,0,Juniperus sp.,Osmorhiza occidentalis,8.382968527246444,M02,8.850582969898642,0.46761444265219865,TRUE
330961.5,4306101.5,CRBU,137.92173767089844,0,S24.a,S24.b,18.733354521785916,S24.a,18.857508712039618,0.12415419025370156,TRUE
326184.5,4317179.5,CRBU,140.5834503173828,0,S06.b,S10.a,8.285859327457457,S10.b,8.3557419464313,0.06988261897384263,TRUE
318979.5,4298809.5,CRBU,142.09954833984375,0,S07,S11,7.489732189634303,Caltha leptosepala,8.374707525330313,0.8849753356960104,TRUE
327811.5,4298398.5,CRBU,145.09103393554688,0,S12,S12,14.535335135538514,S14,14.792543854497932,0.25720871895941855,TRUE
324010.5,4303809.5,CRBU,137.89111328125,0,S01.a,S10.a,11.810084291567707,S06.b,11.845518024260997,0.03543373269329031,TRUE
330793.5,4309209.5,CRBU,140.62184143066406,0,M02,Osmorhiza occidentalis,5.682791285573214,Ligusticum porteri,5.7497225879547464,0.06693130238153255,FALSE
327253.5,4311905.5,CRBU,150.07582092285156,0,S12,M01,16.985544165186578,S12,17.08566819603349,0.10012403084691357,TRUE
318241.5,4299611.5,CRBU,146.68539428710938,0,S25,S24.a,20.060975169693315,S24.b,20.126343048328913,0.06536787863559823,TRUE
327820.5,4313029.5,CRBU,132.6693878173828,0,S11,S11,6.513630405985343,S10.c,6.777846266950494,0.2642158609651508,FALSE
322418.5,4310614.5,CRBU,143.58181762695312,0,S06.b,S06.b,8.79529261082159,S10.a,8.933742959326846,0.1384503485052555,TRUE
330355.5,4312035.5,CRBU,131.53408813476562,0,S01.a,S10.a,7.060162372940051,S10.b,7.086629044850155,0.026466671910103656,TRUE
318355.5,4305113.5,CRBU,151.2889404296875,0,S21,S21,13.720481404167261,S23,17.6439671856871,3.9234857815198385,TRUE
320952.5,4315611.5,CRBU,149.93988037109375,0,S14,M01,12.39264157687236,S10.a,12.44112788295711,0.04848630608474913,TRUE
331574.5,4312434.5,CRBU,135.02684020996094,0,S10.a,S10.a,7.320660158313731,S10.b,7.433975340832306,0.11331518251857453,TRUE
323736.5,4312377.5,CRBU,148.17739868164062,0,S06.b,S02.a,12.535467589851551,S02.b,12.628747872409107,0.09328028255755605,TRUE
322925.5,4309617.5,CRBU,137.11285400390625,0,S12,S12,14.124310716542652,S06.b,14.597223336903696,0.4729126203610434,TRUE
320709.5,4324095.5,CRBU,153.47894287109375,0,S22,S22,20.095719923916075,S25,21.24204291393091,1.1463229900148342,TRUE
319613.5,4302794.5,CRBU,140.83294677734375,0,S06.b,S06.b,11.421730054000431,S10.b,11.429907045221713,0.008176991221281682,TRUE
325394.5,4307869.5,CRBU,139.86700439453125,0,S06.b,S06.b,10.061102702632263,S10.a,10.071679827505307,0.010577124873043076,TRUE
328847.5,4312203.5,CRBU,130.4749298095703,0,S11,S10.c,6.757789660568989,S10.a,7.0963015641928875,0.3385119036238988,FALSE
335046.5,4312932.5,CRBU,154.9435577392578,0,S06.b,M02,8.934989066892529,Osmorhiza occidentalis,9.037841005656658,0.1028519387641289,TRUE
332994.5,4311467.5,CRBU,136.70599365234375,0,S06.b,S10.a,5.295716755475615,Osmorhiza occidentalis,5.320633503027644,0.024916747552029328,FALSE
330250.5,4316767.5,CRBU,146.82191467285156,0,S12,S12,14.796580227456156,S08.a,14.824698050224026,0.028117822767869782,TRUE
331901.5,4307728.5,CRBU,140.39471435546875,0,S01.a,S10.a,12.609492015927527,S04.a,12.727722854920728,0.11823083899320075,TRUE
329442.5,4309377.5,CRBU,133.86428833007812,0,S06.b,Osmorhiza occidentalis,10.518968104358569,M02,10.529620918041612,0.01065281368304305,TRUE
332256.5,4312905.5,CRBU,141.4120330810547,0.193000003695488,M02,Ligusticum porteri,6.117708227176909,Osmorhiza occidentalis,6.300461035029558,0.18275280785264947,FALSE
329223.5,4312524.5,CRBU,135.3277130126953,0,S01.a,S10.a,11.508713385322096,S11,11.600252189275416,0.09153880395331981,TRUE
333217.5,4312071.5,CRBU,140.77503967285156,0,S01.a,M02,12.243330602407307,S10.a,12.430651979123526,0.18732137671621985,TRUE
332373.5,4307632.5,CRBU,141.1765594482422,0,S06.b,S10.a,7.7666345091946285,S10.b,7.967761658769925,0.20112714957529665,TRUE
321526.5,4312386.5,CRBU,144.16685485839844,0,M01,M01,11.917278915893384,S10.a,12.084735726383348,0.16745681048996452,TRUE
324211.5,4313686.5,CRBU,146.919189453125,0,S06.b,M01,12.727784545910371,S08.a,12.731662217078094,0.0038776711677233067,TRUE
330487.5,4306644.5,CRBU,130.10488891601562,0,M03,S10.b,12.550298899165272,S04.a,12.615137741104812,0.06483884193954026,TRUE
320673.5,4303650.5,CRBU,145.60533142089844,0,M02,Ligusticum porteri,5.597041358954019,Corydalis caseana,5.6294687495050315,0.03242739055101218,FALSE
324400.5,4313875.5,CRBU,148.03231811523438,0,S06.b,S10.a,8.686494531344765,S10.c,8.833374248409473,0.14687971706470826,TRUE
327019.5,4321275.5,CRBU,153.20481872558594,0,S12,S12,14.60947913070423,M02,14.733805453653616,0.12432632294938628,TRUE
333505.5,4313146.5,CRBU,151.772705078125,0,Dasiphora fruticosa,Sambucus racemosa,8.973560832732485,M02,9.011558308738634,0.037997476006149,TRUE
324031.5,4312158.5,CRBU,143.76953125,0,M02,Osmorhiza occidentalis,7.26848488924445,M02,7.298936435471759,0.030451546227309834,TRUE
327463.5,4298518.5,CRBU,133.2831268310547,0,S05.a,S12,15.10989068062019,Sambucus racemosa,15.128579126208365,0.018688445588175284,TRUE
322742.5,4299047.5,CRBU,147.69677734375,0,S12,S22,17.479542722607366,S10.a,17.55731268889733,0.07776996628996358,TRUE
324148.5,4315095.5,CRBU,148.23179626464844,0,S06.b,S08.a,11.24783306039988,M01,11.382195546367496,0.1343624859676158,TRUE
326367.5,4312923.5,CRBU,147.12046813964844,0,S08.a,M01,11.397123351180829,S10.a,11.673667293674942,0.2765439424941132,TRUE
334481.5,4312017.5,CRBU,147.14076232910156,0,S12,M02,13.545199417595304,S12,13.664772217531704,0.11957279993639958,TRUE
326577.5,4316611.5,CRBU,141.8526153564453,0,S10.c,S09.a,6.076702564847004,S10.c,6.442586885536973,0.3658843206899691,FALSE
323163.5,4310392.5,CRBU,131.6409454345703,0,S10.a,S10.a,8.568151112666971,S10.c,8.786875739791636,0.218724627124665,TRUE
321697.5,4309173.5,CRBU,136.2713623046875,1.0800000429153442,Salix other,Salix other,8.104541254145968,S26,8.381620634425094,0.27707938027912604,TRUE
327613.5,4308971.5,CRBU,131.55807495117188,0,Veratrum tenuipetalum,Veratrum tenuipetalum,6.218971506294124,S03,6.593714037179869,0.3747425308857455,FALSE
331700.5,4312062.5,CRBU,134.42001342773438,0,S06.b,S10.a,7.234740013574936,S09.a,7.377587672257695,0.14284765868275873,TRUE
317655.5,4299215.5,CRBU,150.00022888183594,0,S12,M01,14.15430042585218,S06.b,14.393774105322192,0.23947367947001297,TRUE
325799.5,4312941.5,CRBU,146.58456420898438,0,S12,M01,11.915476458745244,S08.a,12.273988996823018,0.3585125380777736,TRUE
322592.5,4322356.5,CRBU,152.92300415039062,0,S06.b,M02,10.81743773890301,S06.b,10.942203931806583,0.12476619290357327,TRUE
333811.5,4310464.5,CRBU,137.5779266357422,0,S11,S11,7.5516686145544165,M04,8.63460831935935,1.0829397048049332,TRUE
335352.5,4313185.5,CRBU,149.34829711914062,0,S14,S22,18.1732640825986,M01,18.798856924418704,0.6255928418201044,TRUE
327397.5,4308389.5,CRBU,131.58242797851562,0,S02.a,S10.b,10.139207157162273,S10.a,10.268630585230902,0.1294234280686286,TRUE
326847.5,4319884.5,CRBU,149.3690948486328,0,S06.b,Osmorhiza occidentalis,6.861243494771796,S09.a,6.893905923381212,0.032662428609415706,FALSE
329439.5,4310395.5,CRBU,141.73895263671875,0,M02,Osmorhiza occidentalis,6.355770142126341,Corydalis caseana,6.554907780688301,0.1991376385619601,FALSE
322274.5,4314209.5,CRBU,138.2622833251953,0,S21,S21,35.802785371198595,S23,37.80001081889604,1.9972254476974456,TRUE
326940.5,4305845.5,CRBU,130.07818603515625,0,S01.a,S10.b,9.823354882081414,S10.a,9.965952823426319,0.14259794134490456,TRUE
330127.5,4315848.5,CRBU,141.3857879638672,0,S06.b,S06.b,14.050075905837126,M02,14.129745572827291,0.07966966699016531,TRUE
332778.5,4311971.5,CRBU,138.25625610351562,0,S06.b,S10.b,10.135207341699136,S10.a,10.137951181745246,0.0027438400461097245,TRUE
321934.5,4315563.5,CRBU,154.4735565185547,0,Juniperus sp.,S21,39.04900726656016,S23,42.97432119548608,3.9253139289259167,TRUE
321169.5,4303470.5,CRBU,144.6117401123047,0,S06.b,M02,14.303099274614489,S08.a,14.375217036609289,0.07211776199480013,TRUE
327829.5,4311899.5,CRBU,144.59808349609375,0,S06.b,Osmorhiza occidentalis,8.008938407607696,M02,8.17197309759419,0.16303468998649429,TRUE
331514.5,4307137.5,CRBU,147.53048706054688,0,S08.a,M01,12.953953621309134,S01.b,13.013238462847873,0.05928484153873903,TRUE
324373.5,4312431.5,CRBU,144.72793579101562,0,S11,S21,21.412588733760575,S23,24.94120081680707,3.528612083046493,TRUE
335361.5,4312167.5,CRBU,146.69976806640625,0,S06.b,S08.a,15.901887950661232,S02.a,15.980383027886518,0.07849507722528593,TRUE
330535.5,4308482.5,CRBU,141.10635375976562,0,M02,Osmorhiza occidentalis,6.4559610860604435,S09.a,6.485718872770622,0.029757786710178813,FALSE
332601.5,4313584.5,CRBU,145.1739501953125,0,S12,S12,28.676481804619048,S24.a,29.57039055181216,0.8939087471931124,TRUE
328085.5,4307200.5,CRBU,130.4314727783203,0,S02.a,S02.b,11.741295854750478,S02.a,11.788649827637688,0.047353972887210105,TRUE
322220.5,4315881.5,CRBU,152.38746643066406,0,S12,S12,16.30125067923171,M01,16.410913485851168,0.1096628066194576,TRUE
318091.5,4304308.5,CRBU,150.6405792236328,0,S21,S21,19.23779074556031,S23,22.594860486947912,3.357069741387601,TRUE
320706.5,4315206.5,CRBU,150.88192749023438,0,S01.a,M01,11.854480760630494,S10.a,12.134060232384833,0.2795794717543387,TRUE
332826.5,4312999.5,CRBU,146.67630004882812,0,S12,S12,20.371092318095798,M01,20.617331888170206,0.24623957007440822,TRUE
329727.5,4298845.5,CRBU,153.0240020751953,0,S25,S12,29.904157279333617,S24.a,30.258715668712938,0.3545583893793207,TRUE
334991.5,4311776.5,CRBU,144.1322021484375,0,M02,M02,6.413851707229807,S09.a,6.421166595790502,0.007314888560694399,FALSE
328949.5,4308671.5,CRBU,134.85350036621094,0,S06.b,Ligusticum porteri,5.708441383081178,S10.a,5.720874873832589,0.012433490751410758,FALSE
327850.5,4298044.5,CRBU,143.81700134277344,0,S12,S12,18.044801385436127,S24.b,18.686726775760913,0.6419253903247863,TRUE
323118.5,4302329.5,CRBU,151.901123046875,0,S06.b,S10.a,11.02833979148669,S06.b,11.145059707007013,0.11671991552032246,TRUE
335412.5,4310944.5,CRBU,145.4614715576172,0,S08.a,M02,11.810735932418831,S08.a,12.059682349130895,0.24894641671206408,TRUE
326991.5,4313335.5,CRBU,143.05520629882812,0,S02.a,Osmorhiza occidentalis,7.639594796497537,M02,7.654021866136183,0.014427069638646373,TRUE
326127.5,4305740.5,CRBU,131.8968963623047,0,S02.a,S02.a,9.64708952184326,S02.b,9.753332548705037,0.10624302686177778,TRUE
329000.5,4312356.5,CRBU,134.15907287597656,0,S01.a,S10.a,11.051046890176616,S04.a,11.06289859488215,0.011851704705533095,TRUE
325808.5,4314536.5,CRBU,151.41836547851562,0,S12,S12,15.179112985574761,S14,15.84989058761328,0.6707776020385179,TRUE
321931.5,4311791.5,CRBU,136.55435180664062,0,S06.b,S10.b,7.843441577925936,S09.a,7.8601962255578,0.016754647631864295,TRUE
325859.5,4312161.5,CRBU,139.03765869140625,0,S02.a,S02.a,9.843907942590146,S02.b,9.848769368906918,0.004861426316772111,TRUE
328106.5,4313785.5,CRBU,138.7605743408203,0,M02,S03,5.695435412242981,Veratrum tenuipetalum,5.884585059310244,0.18914964706726334,FALSE
333436.5,4312773.5,CRBU,147.78244018554688,0.4370000064373016,S23,S09.a,10.535999538096886,S07,10.642860771556693,0.10686123345980647,TRUE
324352.5,4313416.5,CRBU,149.3824462890625,0,M02,S09.a,5.9185956804234126,Osmorhiza occidentalis,6.052738381985425,0.1341427015620127,FALSE
326286.5,4306743.5,CRBU,132.96304321289062,0,S05.a,S21,24.5556367171097,S15,24.997528021991208,0.4418913048815085,TRUE
324277.5,4313947.5,CRBU,147.80062866210938,0,S09.a,S09.a,7.106884847972666,M02,7.241664095289819,0.13477924731715252,TRUE
333079.5,4311230.5,CRBU,137.20521545410156,0,S02.a,S10.b,10.851189547642662,S10.a,10.890908227665761,0.03971868002309975,TRUE
327007.5,4309143.5,CRBU,132.6927947998047,0,S02.a,S02.a,8.982967443889812,S02.b,9.099134971893958,0.11616752800414609,TRUE
323424.5,4311974.5,CRBU,151.85072326660156,0,S06.b,M01,11.320749676848491,M02,11.35923719602805,0.03848751917955795,TRUE
327184.5,4319878.5,CRBU,151.922607421875,0,Salix wolfii,Ribes sp.,9.060084190330258,Lonicera involucrata,9.343219214493802,0.28313502416354375,TRUE
321778.5,4302878.5,CRBU,141.76705932617188,0,S01.a,S04.a,10.4538471714923,S10.b,10.63804277514054,0.1841956036482415,TRUE
331967.5,4313974.5,CRBU,148.7323760986328,0.23899999260902405,S12,S24.b,18.832237625944202,S24.a,18.974158354833023,0.14192072888882024,TRUE
329514.5,4314974.5,CRBU,145.2518768310547,0,S12,S22,18.64513806423129,S24.b,18.691123133722964,0.04598506949167458,TRUE
326544.5,4319026.5,CRBU,144.69212341308594,0.19099999964237213,M02,Osmorhiza occidentalis,5.783859686802256,Ligusticum porteri,6.243300349430302,0.4594406626280465,FALSE
330688.5,4308146.5,CRBU,140.30389404296875,0,S05.a,S04.a,10.067097507589294,S10.b,10.415582852532077,0.3484853449427838,TRUE
330445.5,4314047.5,CRBU,151.6880340576172,0,S20,M01,17.39486168582603,S20,17.481670529591796,0.08680884376576614,TRUE
323454.5,4299167.5,CRBU,142.62225341796875,0,S01.a,S10.b,9.941939193394715,S04.a,9.981154349050938,0.03921515565622258,TRUE
333493.5,4312734.5,CRBU,154.7584686279297,0,S08.a,S14,11.746036610634581,S10.c,11.813016433770933,0.06697982313635187,TRUE
327994.5,4313023.5,CRBU,130.31326293945312,0,S10.a,Osmorhiza occidentalis,5.903853831750673,S10.a,6.292206946700847,0.3883531149501742,FALSE
323331.5,4299311.5,CRBU,147.7886199951172,0,Juniperus sp.,S01.b,8.386743449278663,M01,8.546961379845174,0.16021793056651035,TRUE
322082.5,4312749.5,CRBU,140.24237060546875,0.19900000095367432,S03,S21,14.81914450231276,S23,17.357102332195737,2.537957829882977,TRUE
325844.5,4311134.5,CRBU,136.92864990234375,0,S01.a,S13.b,11.155215492615786,S10.a,11.248949458539949,0.09373396592416228,TRUE
329682.5,4314158.5,CRBU,136.88778686523438,0,S01.a,M01,17.09137971451778,S01.a,17.22013762512257,0.12875791060479003,TRUE
329733.5,4309260.5,CRBU,130.70230102539062,0,S02.a,S02.a,12.749538540037703,M04,12.863940474150168,0.11440193411246469,TRUE
322214.5,4303311.5,CRBU,134.20211791992188,0,S20,S20,16.596228791021556,S12,17.560508459647444,0.9642796686258883,TRUE
329502.5,4310341.5,CRBU,138.32334899902344,0,S06.b,S03,7.131002572624979,Veratrum tenuipetalum,7.216889370713129,0.0858867980881497,TRUE
318496.5,4298233.5,CRBU,137.58859252929688,0.4300000071525574,Veratrum tenuipetalum,S03,13.994870652382671,S21,14.376749338749754,0.38187868636708266,TRUE
330721.5,4316680.5,CRBU,147.23545837402344,0,S01.a,M01,11.028840889376939,M02,11.22226395366404,0.1934230642871011,TRUE
322463.5,4299056.5,CRBU,146.40956115722656,0,S06.b,S10.a,7.447858902695404,S10.c,7.4725396570637646,0.024680754368360702,TRUE
325481.5,4306329.5,CRBU,144.05943298339844,0,S06.b,S06.b,14.419014144562976,M01,14.506093216820034,0.08707907225705824,TRUE
321166.5,4315911.5,CRBU,146.2200164794922,0,S09.a,S09.a,4.8370282320421225,Ligusticum porteri,5.907266532511071,1.0702383004689482,FALSE
319043.5,4302662.5,CRBU,150.77291870117188,0,S11,S11,6.489794998631278,S03,6.696962519748476,0.20716752111719838,FALSE
318475.5,4303119.5,CRBU,145.282470703125,0,S06.b,S09.a,9.194488350808202,S06.b,9.257684814941678,0.06319646413347613,TRUE
328919.5,4308830.5,CRBU,132.15087890625,0,S10.a,S10.a,5.493315108506344,S10.b,5.734453721788669,0.24113861328232478,FALSE
323607.5,4311557.5,CRBU,152.17950439453125,0,S06.b,S24.b,17.47658122101866,M01,17.54589635592122,0.0693151349025598,TRUE
336931.5,4309242.5,CRBU,131.559326171875,0,S01.a,S04.a,11.066660923466186,S02.b,11.56937288130326,0.5027119578370733,TRUE
322112.5,4311611.5,CRBU,134.8936004638672,0,S06.b,S06.b,9.817255233483587,M02,9.95775653846342,0.14050130497983204,TRUE
335814.5,4309227.5,CRBU,133.34544372558594,0,S01.a,S10.a,6.806114291386182,S06.b,6.90126553847662,0.09515124709043832,FALSE
332637.5,4311416.5,CRBU,134.42881774902344,0,S10.a,S10.a,8.698568973244637,S10.b,8.746463122235305,0.04789414899066813,TRUE
322121.5,4304854.5,CRBU,149.37767028808594,0,Dasiphora fruticosa,M01,17.32949485111523,Sambucus racemosa,17.43352226739151,0.10402741627628131,TRUE
335325.5,4311680.5,CRBU,148.1092987060547,0,S12,M02,13.957688323619626,S12,14.002501294572195,0.04481297095256842,TRUE
329703.5,4310884.5,CRBU,135.58705139160156,0,S02.a,S02.a,9.38150379379032,M02,9.499881419991741,0.118377626201422,TRUE
323955.5,4310572.5,CRBU,136.3090362548828,0,M03,S09.a,7.7756041589393154,S10.a,7.81059749664109,0.03499333770177415,TRUE
328010.5,4321527.5,CRBU,154.91978454589844,0,M02,M02,7.627989965378052,Osmorhiza occidentalis,7.855607247675453,0.22761728229740097,TRUE
325466.5,4318557.5,CRBU,144.5681610107422,0,S06.b,S06.b,15.155170098534633,S02.a,15.212556619980342,0.05738652144570899,TRUE
317976.5,4305059.5,CRBU,151.60348510742188,0,S02.a,M02,8.18236673735301,S06.b,8.452139969494338,0.2697732321413273,TRUE
323574.5,4314989.5,CRBU,144.818115234375,0,S21,S21,31.15635827237102,S23,33.35797726305507,2.20161899068405,TRUE
326823.5,4320659.5,CRBU,154.28135681152344,0,S09.a,S09.a,5.377333000729436,S10.a,5.5914644819948744,0.21413148126543824,FALSE
323580.5,4306842.5,CRBU,149.0119171142578,0,M01,M01,11.135166169481876,S10.a,11.575761765903794,0.44059559642191815,TRUE
330403.5,4314791.5,CRBU,147.59967041015625,0,S12,S13.b,15.948875019937658,S12,16.01348842755568,0.0646134076180207,TRUE
323466.5,4299281.5,CRBU,143.27037048339844,0,S06.b,M02,8.598415846419549,S06.b,8.639481290643833,0.04106544422428371,TRUE
328157.5,4307014.5,CRBU,130.8433380126953,0,Veratrum tenuipetalum,Veratrum tenuipetalum,9.094531004936554,S03,9.772273514370378,0.6777425094338234,TRUE
319802.5,4310794.5,CRBU,145.8211669921875,0,M02,Osmorhiza occidentalis,5.9835944044042035,M02,6.128172598107029,0.14457819370282543,FALSE
333484.5,4310317.5,CRBU,142.02076721191406,0,S02.a,S02.a,11.098735871813105,S02.b,11.258510148202152,0.1597742763890473,TRUE
328277.5,4306872.5,CRBU,130.34144592285156,0,S10.a,S10.b,7.053896243524673,S10.a,7.0910590038241805,0.03716276029950727,TRUE
325832.5,4298407.5,CRBU,144.2841339111328,0,S06.b,S10.a,5.483829829571372,Osmorhiza occidentalis,5.742121304395235,0.2582914748238636,FALSE
321238.5,4315536.5,CRBU,145.30137634277344,0,S06.b,S09.a,6.181109441850919,S10.b,6.8947646884794125,0.7136552466284938,FALSE
335337.5,4311611.5,CRBU,145.70419311523438,0,M02,Ligusticum porteri,5.906752034251507,M02,6.030239603734456,0.1234875694829487,FALSE
324004.5,4311806.5,CRBU,152.29103088378906,0,S06.b,M02,11.29419463008806,S06.b,11.320299353155344,0.026104723067284397,TRUE
328019.5,4297851.5,CRBU,144.20745849609375,0,S12,M02,15.18055016578717,S12,15.208110040561344,0.02755987477417321,TRUE
327568.5,4312338.5,CRBU,142.65184020996094,0,S06.b,S10.b,11.425129010232293,M02,11.486600115158616,0.061471104926322795,TRUE
328244.5,4317797.5,CRBU,154.08157348632812,0,S12,M01,16.74590485452544,S10.a,17.083255543132488,0.3373506886070494,TRUE
326571.5,4317233.5,CRBU,140.70144653320312,0,Sambucus racemosa,Sambucus racemosa,7.882521434303225,S09.a,8.02852640296607,0.1460049686628455,TRUE
320421.5,4310389.5,CRBU,147.37229919433594,0,S09.a,S09.a,6.070128302311571,Ligusticum porteri,6.776979066455016,0.7068507641434447,FALSE
321676.5,4314323.5,CRBU,141.69964599609375,0,S03,S21,28.0969585547796,S23,30.30979110893141,2.2128325541518095,TRUE
325472.5,4299212.5,CRBU,134.931396484375,0,S10.a,S10.b,8.259044472959564,S10.a,8.35405055300979,0.0950060800502257,TRUE
320277.5,4310392.5,CRBU,149.15280151367188,0,M02,Ligusticum porteri,6.514767370396799,Osmorhiza occidentalis,6.591334156169566,0.07656678577276654,FALSE
327376.5,4318422.5,CRBU,154.56944274902344,0,S06.b,M02,8.435614062709325,Osmorhiza occidentalis,8.631637923142788,0.19602386043346343,TRUE
335877.5,4311206.5,CRBU,145.36898803710938,0,S12,S08.a,15.51757690877194,M01,15.707823354789717,0.19024644601777752,TRUE
335397.5,4310143.5,CRBU,135.64979553222656,0,S02.a,S06.b,11.326007323287449,S02.a,11.393221256748891,0.06721393346144211,TRUE
329448.5,4311038.5,CRBU,137.6483154296875,0,S02.a,S02.a,10.090214847055913,M02,10.257143983311115,0.16692913625520234,TRUE
321526.5,4313809.5,CRBU,144.53048706054688,0,S01.a,M01,10.828296181485815,S01.a,10.89499784577951,0.06670166429369573,TRUE
327199.5,4312542.5,CRBU,147.08981323242188,0,S06.b,M02,11.800375029589537,M01,11.808976300015475,0.008601270425938168,TRUE
327325.5,4307224.5,CRBU,134.22003173828125,0,S01.b,S04.a,13.323962219594243,S10.b,13.32587463791018,0.0019124183159373587,TRUE
326802.5,4315539.5,CRBU,144.7908172607422,0,S06.b,M02,7.349183518430989,S06.b,7.3958542432112795,0.04667072478029066,TRUE
320955.5,4303224.5,CRBU,141.6102294921875,0,S06.b,M02,9.018933862506607,S06.b,9.13269064020393,0.11375677769732206,TRUE
322082.5,4309275.5,CRBU,145.45668029785156,0,S12,S12,17.442682722928186,S01.b,17.61042044211803,0.16773771918984437,TRUE
326154.5,4306527.5,CRBU,131.7295684814453,0,S01.b,S04.a,13.98876949231008,S02.a,14.102356381646205,0.11358688933612449,TRUE
330244.5,4311911.5,CRBU,132.2340850830078,0,Veratrum tenuipetalum,Veratrum tenuipetalum,7.080871611820205,S11,7.372844202275738,0.2919725904555328,TRUE
322832.5,4311788.5,CRBU,143.34603881835938,0,S09.a,S09.a,6.66022527181303,S10.b,6.787650323428307,0.12742505161527706,FALSE
327925.5,4313842.5,CRBU,139.9637908935547,0,S05.a,S04.a,11.824784631232525,M03,11.9678162873909,0.14303165615837443,TRUE
329622.5,4310515.5,CRBU,135.99951171875,0,S02.a,S02.a,9.325410898634502,Osmorhiza occidentalis,9.433185751378016,0.10777485274351406,TRUE
335661.5,4309113.5,CRBU,134.1058349609375,0,S01.b,S04.a,14.597008306999928,S02.a,14.718864582322995,0.12185627532306675,TRUE
318130.5,4302857.5,CRBU,153.4318389892578,0,S06.b,S06.b,10.072254578720052,M02,10.165396769300036,0.09314219057998407,TRUE
326547.5,4317545.5,CRBU,141.8894500732422,0,S06.b,S10.b,11.827726692714284,S10.a,11.931649803128012,0.10392311041372793,TRUE
322778.5,4312242.5,CRBU,147.01312255859375,0,S02.a,S10.b,7.883338184692003,S10.c,7.9830857500301,0.09974756533809703,TRUE
326895.5,4319512.5,CRBU,149.02752685546875,0,S06.b,S06.b,8.107023925903837,M02,8.266951189704683,0.15992726380084576,TRUE
326835.5,4315563.5,CRBU,144.13885498046875,0,S12,S06.b,15.045433964218233,M01,15.189983361951214,0.14454939773298037,TRUE
325592.5,4316740.5,CRBU,149.6065673828125,0,M02,Osmorhiza occidentalis,5.4470728184332176,Ligusticum porteri,5.48481218581881,0.03773936738559236,FALSE
333535.5,4310662.5,CRBU,130.88323974609375,0,S01.a,S10.b,9.556055471395236,M04,9.63726132635516,0.08120585495992394,TRUE
330574.5,4308632.5,CRBU,136.10140991210938,0,S01.a,S10.a,8.825364473327308,S10.b,8.852972856814995,0.027608383487686794,TRUE
333448.5,4312542.5,CRBU,144.3231201171875,0,S05.a,S04.a,14.560282194828723,S08.a,14.719546712798378,0.15926451796965502,TRUE
326433.5,4317881.5,CRBU,141.92218017578125,0.11900000274181366,S06.b,S06.b,9.770968259280762,M02,9.931698565892038,0.16073030661127596,TRUE
320718.5,4310920.5,CRBU,151.66342163085938,0,S12,S12,11.829875383806405,S08.a,12.19111662736129,0.3612412435548844,TRUE
320973.5,4312407.5,CRBU,153.0684356689453,0,M02,S06.b,7.379230143844898,Corydalis caseana,7.529181494467968,0.14995135062306986,TRUE
320649.5,4310647.5,CRBU,149.97007751464844,0,S12,M02,12.494181016472465,S12,12.583847923528158,0.08966690705569214,TRUE
321148.5,4309869.5,CRBU,146.27635192871094,0,S21,S21,40.48833334575297,S23,43.378420140948826,2.890086795195856,TRUE
322739.5,4312602.5,CRBU,149.1924591064453,0,S06.b,S10.c,7.103865821906612,S10.a,7.114919807628019,0.011053985721407145,TRUE
322430.5,4298999.5,CRBU,146.43199157714844,0,S06.b,S10.a,7.964889857900614,S10.b,8.106376866657511,0.14148700875689713,TRUE
330091.5,4313494.5,CRBU,137.645263671875,0,S06.b,S02.a,11.570142992186948,S08.a,11.668876432668512,0.0987334404815634,TRUE
325943.5,4311542.5,CRBU,140.29876708984375,0,S06.b,Osmorhiza occidentalis,6.002102664122338,Caltha leptosepala,6.363977255618596,0.36187459149625756,FALSE
333259.5,4311455.5,CRBU,137.53607177734375,0,S01.a,S10.b,14.327672742087978,M02,14.340114766487162,0.012442024399183182,TRUE
335313.5,4311536.5,CRBU,149.2872314453125,0.19900000095367432,M02,S09.a,4.935746304598108,Ligusticum porteri,5.178547522044779,0.24280121744667138,FALSE
325760.5,4306524.5,CRBU,137.93792724609375,0,S01.a,S10.a,8.552596354667486,S10.b,8.70897197335704,0.15637561868955352,TRUE
334946.5,4311470.5,CRBU,146.1055450439453,0,S12,S12,13.651876018461385,M02,13.654010123515128,0.0021341050537433404,TRUE
326175.5,4318509.5,CRBU,142.02191162109375,0,Ligusticum porteri,S09.a,6.267489738703593,Ligusticum porteri,6.392161794984728,0.12467205628113476,FALSE
330457.5,4316401.5,CRBU,152.00267028808594,0,S06.b,S08.a,12.658095818487185,M02,12.676574718222433,0.018478899735248078,TRUE
322802.5,4310173.5,CRBU,141.03118896484375,0,S06.b,S10.b,7.027127530331146,S06.b,7.066891906062522,0.0397643757313757,TRUE
325055.5,4308059.5,CRBU,132.2190399169922,0,S01.a,S10.a,12.486332368093825,S10.b,12.600977635233543,0.11464526713971779,TRUE
328430.5,4310359.5,CRBU,143.26622009277344,0,S02.a,S10.a,6.916166810175542,S10.b,7.035019960733036,0.11885315055749412,FALSE
324022.5,4308020.5,CRBU,147.12940979003906,0,M02,Ligusticum porteri,6.362079473944925,M02,6.5499775021888365,0.18789802824391177,FALSE
321967.5,4307617.5,CRBU,153.92396545410156,0,S02.a,S02.a,10.716774772337544,S08.a,10.798782967320234,0.08200819498268963,TRUE
326604.5,4311959.5,CRBU,147.47523498535156,0,S06.b,S06.b,7.74175817963892,S10.a,7.942024780246122,0.20026660060720225,TRUE
321385.5,4315539.5,CRBU,148.5138702392578,0,S23,S21,15.081341893042158,S23,16.30874624082184,1.2274043477796823,TRUE
320745.5,4311437.5,CRBU,153.4829864501953,0,S12,S12,16.912778421178555,S24.b,17.05874735492722,0.14596893374866582,TRUE
323679.5,4303950.5,CRBU,135.38812255859375,0,S01.a,S08.a,12.292203337054236,S02.a,12.303768968653465,0.011565631599228965,TRUE
322148.5,4311488.5,CRBU,136.36668395996094,0,S19,S09.a,10.4849558477245,Osmorhiza occidentalis,10.600514387711488,0.1155585399869885,TRUE
329028.5,4312458.5,CRBU,135.76177978515625,0,S10.a,S10.c,6.541182593145223,S10.a,6.718511096259333,0.17732850311411053,FALSE
328466.5,4306890.5,CRBU,130.39666748046875,0,S02.a,S02.a,8.351095356270852,S02.b,8.577962056160102,0.2268666998892499,TRUE
333388.5,4312242.5,CRBU,142.69668579101562,0,S10.a,S10.c,7.214928602437547,Sambucus racemosa,7.310762453578023,0.09583385114047527,TRUE
320790.5,4309923.5,CRBU,140.5172882080078,0,S06.b,S09.a,8.938132123300838,S21,8.962785751936728,0.024653628635890712,TRUE
333958.5,4309662.5,CRBU,132.4200439453125,0,S11,S10.b,7.640424440099055,S10.a,7.761878257872852,0.12145381777379693,TRUE
326256.5,4310404.5,CRBU,134.9557647705078,0,S10.c,S10.c,6.56057578145793,S10.a,6.652864063394348,0.09228828193641725,FALSE
331718.5,4311389.5,CRBU,131.29258728027344,0,S01.a,S10.b,10.99358506524523,S10.a,11.082232816999824,0.0886477517545945,TRUE
332151.5,4311422.5,CRBU,131.9589385986328,0,S10.a,S10.a,5.4132754699345895,S10.b,5.414262252752944,9.867828183542926e-4,FALSE
329436.5,4314485.5,CRBU,146.57943725585938,0,S02.a,S02.a,14.138031475088452,S02.b,14.189502926339822,0.05147145125136987,TRUE
326844.5,4316383.5,CRBU,136.86593627929688,0,S06.b,S24.b,18.95483307050594,S25,19.608362512583685,0.653529442077744,TRUE
327508.5,4314884.5,CRBU,137.8693389892578,0,S20,S20,17.30892808872191,M01,17.45113619365108,0.14220810492917124,TRUE
321691.5,4311104.5,CRBU,146.6881561279297,0,S06.b,S10.a,8.831899338547496,S10.b,8.852072109004594,0.020172770457097755,TRUE
328322.5,4306947.5,CRBU,132.19509887695312,0,S02.a,S04.a,8.749473636126984,S10.a,8.846436596597217,0.09696296047023267,TRUE
323553.5,4304080.5,CRBU,140.2178955078125,0,S12,S12,18.872363580845445,S25,18.92135855928229,0.04899497843684486,TRUE
323679.5,4304098.5,CRBU,140.87318420410156,0,S22,S22,19.67133294713669,S13.b,19.88211665575428,0.21078370861759055,TRUE
330493.5,4314014.5,CRBU,154.31141662597656,0,S22,S22,20.269703872862237,M01,21.144103303458913,0.8743994305966751,TRUE
321772.5,4314926.5,CRBU,142.5877685546875,0,S08.a,S10.a,10.242579687792583,S10.b,10.269928674483692,0.02734898669110919,TRUE
333505.5,4312164.5,CRBU,150.77273559570312,0,S12,S20,22.93116042554608,S13.b,24.596533729482218,1.6653733039361391,TRUE
327445.5,4298407.5,CRBU,133.91778564453125,0,S05.a,Sambucus racemosa,15.678446785636753,S01.b,15.782902286762864,0.10445550112611102,TRUE
326238.5,4310065.5,CRBU,137.01637268066406,0,S06.b,S06.b,12.483362484325005,S10.a,12.567638582997326,0.084276098672321,TRUE
325154.5,4299569.5,CRBU,145.81814575195312,0,S06.b,S10.a,13.080507288102764,S06.b,13.116905464387907,0.03639817628514308,TRUE
335043.5,4310728.5,CRBU,139.63778686523438,0.23399999737739563,M02,Osmorhiza occidentalis,5.475737060071177,S09.a,5.660882490118809,0.18514543004763162,FALSE
325238.5,4318752.5,CRBU,148.84176635742188,0,Veratrum tenuipetalum,Veratrum tenuipetalum,6.105794069287573,Corydalis caseana,6.734104949915544,0.6283108806279705,FALSE
327715.5,4309155.5,CRBU,131.4349365234375,0,S02.a,S10.b,6.45419173392585,Osmorhiza occidentalis,6.534958180042662,0.0807664461168125,FALSE
328040.5,4314929.5,CRBU,132.41561889648438,0,S01.a,S01.b,7.433663630025607,S01.a,7.537967229617918,0.10430359959231073,TRUE
325442.5,4318608.5,CRBU,143.33544921875,0,S02.a,S06.b,10.000695726986223,S02.a,10.05415773354464,0.053462006558417485,TRUE
326721.5,4319872.5,CRBU,153.31869506835938,0,S10.a,S10.a,7.782173903453157,S10.c,7.79922752677,0.017053623316843236,TRUE
321298.5,4314644.5,CRBU,144.91781616210938,0,S12,S12,11.34262878641264,S01.a,12.656676731351002,1.3140479449383626,TRUE
330265.5,4308869.5,CRBU,137.0434112548828,0,Veratrum tenuipetalum,Veratrum tenuipetalum,6.281709020015316,S03,6.694419994373807,0.41271097435849136,FALSE
328028.5,4307359.5,CRBU,135.57127380371094,0,S06.b,S10.a,9.36138255697577,S06.b,9.409113333026585,0.047730776050816104,TRUE
317487.5,4298548.5,CRBU,132.51930236816406,0,S01.a,S10.b,10.70949361985826,M02,10.78644708019603,0.07695346033776929,TRUE
316931.5,4303617.5,CRBU,149.7588348388672,0,S06.b,S06.b,10.102642176947016,Osmorhiza occidentalis,10.26165168045413,0.15900950350711263,TRUE
326448.5,4306950.5,CRBU,131.18348693847656,0,S10.a,S10.a,6.401123996257869,S10.c,6.533494779397422,0.13237078313955308,FALSE
324631.5,4299611.5,CRBU,145.88453674316406,0,S06.b,M02,10.2874730597311,S06.b,10.288945895396232,0.0014728356651314556,TRUE
332781.5,4307989.5,CRBU,147.8740692138672,0,S12,S07,10.72623260267392,S12,10.841694746904317,0.11546214423039736,TRUE
318064.5,4305218.5,CRBU,153.1427459716797,0,S06.b,M02,14.334458329988973,S08.a,14.40497771798725,0.07051938799827795,TRUE
334181.5,4310005.5,CRBU,141.28504943847656,0,Ligusticum porteri,Corydalis caseana,6.049129873623587,S03,6.177990168169311,0.12886029454572423,FALSE
323658.5,4309389.5,CRBU,130.61399841308594,0,S01.a,S10.a,9.174520497317483,S10.c,9.371733030568336,0.19721253325085364,TRUE
335874.5,4311527.5,CRBU,153.67642211914062,0,S20,M01,18.828255482492875,S08.a,18.853398211816682,0.025142729323807345,TRUE
332394.5,4313767.5,CRBU,150.399658203125,0,S06.b,S09.a,8.422019288763025,Sambucus racemosa,8.616122077413316,0.19410278865029085,TRUE
320355.5,4311128.5,CRBU,151.05453491210938,0,Salix other,Sambucus racemosa,10.756204716269199,S07,10.847098554034773,0.09089383776557369,TRUE
327361.5,4314245.5,CRBU,138.42002868652344,0,S01.a,S04.a,9.319980137501055,S10.a,9.372019197469474,0.0520390599684184,TRUE
328691.5,4309425.5,CRBU,136.36361694335938,0,S10.a,S10.b,7.553778695380572,S10.a,7.766013492980603,0.21223479760003094,TRUE
334520.5,4309425.5,CRBU,137.39349365234375,0,M02,M02,7.300368848548276,Osmorhiza occidentalis,7.351566136177682,0.051197287629405785,TRUE
322979.5,4309926.5,CRBU,141.1411895751953,0,S06.b,S10.b,8.273874252090158,S10.a,8.335341118447815,0.06146686635765697,TRUE
322091.5,4298803.5,CRBU,143.21278381347656,0,S06.b,M01,10.024845769447959,S10.a,10.133916468203111,0.1090706987551524,TRUE
320736.5,4313065.5,CRBU,146.73129272460938,0,Veratrum tenuipetalum,Veratrum tenuipetalum,7.771162498120307,S03,8.388602467858753,0.6174399697384461,TRUE
329175.5,4311113.5,CRBU,140.02931213378906,0,M02,Osmorhiza occidentalis,7.592662798758787,Ligusticum porteri,7.610192737788942,0.01752993903015465,TRUE
327556.5,4319617.5,CRBU,153.9751739501953,0,M02,M02,9.253556023778977,S09.a,9.332677806109999,0.07912178233102196,TRUE
333037.5,4313332.5,CRBU,148.6348419189453,0.4079999923706054,S12,S12,14.86285728760743,S06.b,15.728541232002422,0.8656839443949931,TRUE
323220.5,4312293.5,CRBU,145.6193389892578,0,S23,S10.a,7.977416582424747,S10.c,8.008108446782568,0.030691864357820897,TRUE
336805.5,4309221.5,CRBU,133.59909057617188,0,S01.a,S02.b,10.693441292829645,S02.a,10.779852876407212,0.08641158357756673,TRUE
320685.5,4309590.5,CRBU,149.9767608642578,0,S06.b,S06.b,13.516477691547982,M02,13.647738475186992,0.13126078363901073,TRUE
324571.5,4319686.5,CRBU,147.09022521972656,0,S12,S12,12.817463889845081,S01.b,13.145694549718536,0.328230659873455,TRUE
320121.5,4317686.5,CRBU,151.6269989013672,0,S12,S12,11.280012515523831,S09.a,11.632532124146321,0.3525196086224902,TRUE
320646.5,4303677.5,CRBU,151.82278442382812,0,S20,S20,17.235033589126083,S12,17.95707887368435,0.7220452845582663,TRUE
328214.5,4313248.5,CRBU,134.37847900390625,0,S11,S10.c,5.384682969095588,S10.a,5.495958966283325,0.11127599718773684,FALSE
336523.5,4307620.5,CRBU,136.72769165039062,0,S01.a,S04.a,10.219336942436787,S02.a,10.448187451364356,0.22885050892756986,TRUE
331190.5,4312884.5,CRBU,137.03167724609375,0,S01.a,S10.b,12.161879928791256,S10.a,12.197274175856615,0.03539424706535854,TRUE
321673.5,4314824.5,CRBU,143.14407348632812,0,S06.b,S10.a,10.309605084720763,S10.b,10.39589273270777,0.08628764798700672,TRUE
324541.5,4304191.5,CRBU,130.38148498535156,0,S01.a,S12,12.632125085324484,S01.a,13.203593809282369,0.5714687239578851,TRUE
323739.5,4313203.5,CRBU,142.272705078125,0,S06.b,S06.b,12.711049879327682,S10.a,12.717122816950592,0.0060729376229105014,TRUE
326511.5,4318470.5,CRBU,143.53952026367188,0,M02,S09.a,5.5545887598409065,Ligusticum porteri,5.579212020935566,0.024623261094659732,FALSE
335085.5,4313668.5,CRBU,153.53330993652344,0,M02,M02,6.0914118723955974,Osmorhiza occidentalis,6.102694430159481,0.011282557763883538,FALSE
331208.5,4313512.5,CRBU,146.3576202392578,1.2699999809265137,S06.b,S12,10.6603873395622,S06.b,10.745410308634959,0.08502296907275841,TRUE
317238.5,4302878.5,CRBU,152.83270263671875,0,S06.b,Osmorhiza occidentalis,6.250414373158557,Ligusticum porteri,6.502353339574537,0.2519389664159801,FALSE
323286.5,4312026.5,CRBU,149.7096405029297,0,S06.b,S09.a,6.2978522697814805,M02,6.398045450143093,0.10019318036161273,FALSE
322088.5,4314056.5,CRBU,151.83273315429688,0,S09.a,S09.a,5.076088994427196,Ligusticum porteri,6.021166842019629,0.9450778475924331,FALSE
319250.5,4302803.5,CRBU,140.6082763671875,0,S06.b,S10.b,9.670941834431694,Osmorhiza occidentalis,9.698536155550766,0.027594321119071452,TRUE
332151.5,4313098.5,CRBU,143.59434509277344,0,S06.b,S10.a,7.576789874745087,S10.c,7.651949251056552,0.07515937631146485,TRUE
326337.5,4309842.5,CRBU,136.8314208984375,0,S11,S11,5.999107171785783,S10.a,6.124081520217759,0.12497434843197563,FALSE
317364.5,4298275.5,CRBU,154.05580139160156,0,M02,Ligusticum porteri,6.962493542288717,M02,6.967378333682124,0.0048847913934064735,TRUE
316661.5,4303140.5,CRBU,148.67015075683594,0,S06.b,S06.b,13.008465873185925,Osmorhiza occidentalis,13.12044728567069,0.11198141248476468,TRUE
324205.5,4312239.5,CRBU,137.836181640625,0,Ligusticum porteri,Osmorhiza occidentalis,5.780788755108783,M02,6.088279450198354,0.3074906950895713,FALSE
329439.5,4309080.5,CRBU,133.49334716796875,0,S11,Veratrum tenuipetalum,7.565804966336078,S03,7.913630893646409,0.347825927310331,TRUE
321061.5,4311206.5,CRBU,152.23004150390625,2.5899999141693115,S08.a,M01,11.002009565241105,M02,11.177763824927524,0.17575425968641945,TRUE
327598.5,4319716.5,CRBU,151.03480529785156,0,M02,M02,6.308699477426263,S09.a,6.319694805119383,0.01099532769312006,FALSE
320268.5,4313785.5,CRBU,149.0697021484375,0,S06.b,M01,11.620047078283894,M02,11.72009333536442,0.10004625708052473,TRUE
323328.5,4311299.5,CRBU,139.53659057617188,0.18400000035762787,S09.a,S09.a,5.413646400317184,Ligusticum porteri,5.93895332616763,0.5253069258504466,FALSE
322307.5,4322455.5,CRBU,153.96725463867188,0,S21,S21,37.28659877919855,S23,41.3863270366944,4.099728257495848,TRUE
324259.5,4315056.5,CRBU,154.77915954589844,0,S09.a,S09.a,4.84116547743223,Ligusticum porteri,5.593170169138326,0.7520046917060963,FALSE
331685.5,4313239.5,CRBU,145.98086547851562,0,S06.b,S10.a,8.014993704074554,S10.c,8.112638587799509,0.09764488372495528,TRUE
317832.5,4302344.5,CRBU,153.0078582763672,0,S12,S12,20.82292736992108,S20,21.132618405641907,0.309691035720828,TRUE
322535.5,4298239.5,CRBU,148.91586303710938,0,S22,S22,19.15553465350015,S24.b,19.626771329288616,0.4712366757884645,TRUE
323781.5,4311758.5,CRBU,152.18182373046875,0,S06.b,M01,14.58857680903792,S02.a,14.700095323974615,0.1115185149366944,TRUE
330739.5,4307353.5,CRBU,146.54373168945312,1.2890000343322754,S10.a,S10.a,6.672937822458727,S10.c,6.860244960341058,0.187307137882331,FALSE
321382.5,4311161.5,CRBU,153.18978881835938,0,S06.b,M02,8.50753785029407,Osmorhiza occidentalis,8.600811531596559,0.09327368130248814,TRUE
322145.5,4312401.5,CRBU,141.60623168945312,0,Ribes sp.,Salix other,6.945410024206381,Symphoricarpos rotundifolius,7.024597074894859,0.07918705068847842,TRUE
317301.5,4302485.5,CRBU,150.27993774414062,0,S06.b,S06.b,9.985644948567245,M02,10.046840810919043,0.061195862351798525,TRUE
320289.5,4308449.5,CRBU,150.9617919921875,0,S12,S25,18.065605211645707,S12,18.10014130399725,0.03453609235154431,TRUE
326790.5,4309095.5,CRBU,133.6398468017578,0,S01.a,S01.a,10.901985502149314,S12,11.068030203604923,0.16604470145560946,TRUE
319601.5,4325506.5,CRBU,151.7429962158203,0,S06.b,M02,7.1359686527205985,S06.b,7.137669884024446,0.0017012313038478055,TRUE
335217.5,4311773.5,CRBU,146.91326904296875,0,M02,M02,7.279787761665469,Ligusticum porteri,7.393364162644576,0.11357640097910693,TRUE
327403.5,4317566.5,CRBU,146.7210235595703,0,S06.b,M02,8.30651487421662,Osmorhiza occidentalis,8.535759438327544,0.22924456411092287,TRUE
321553.5,4312686.5,CRBU,139.6595916748047,0,S12,S24.b,14.357904093332852,S25,14.686340274937912,0.32843618160505983,TRUE
325589.5,4302626.5,CRBU,147.6184844970703,1.0950000286102295,M01,M01,15.095455651062569,S02.a,15.261557886643848,0.16610223558127934,TRUE
322955.5,4311755.5,CRBU,146.66429138183594,0,S06.b,S10.a,18.246400546931323,S24.b,18.278708995095723,0.03230844816440026,TRUE
324622.5,4314038.5,CRBU,154.65713500976562,0,M02,M02,9.492954690776074,Ligusticum porteri,9.798665803480917,0.3057111127048433,TRUE
330736.5,4308821.5,CRBU,138.5861358642578,0,S06.b,S10.b,7.8901792888310665,S10.a,7.898279863649875,0.008100574818808326,TRUE
327793.5,4313770.5,CRBU,138.40589904785156,0,M02,Osmorhiza occidentalis,5.276837707902,Ligusticum porteri,5.441269124884169,0.16443141698216923,FALSE
327988.5,4298146.5,CRBU,152.8934783935547,0,S12,S12,17.18359407390997,S14,17.962188943536546,0.778594869626577,TRUE
320841.5,4299167.5,CRBU,144.1712646484375,0,Salix wolfii,Salix wolfii,13.836494683867725,S21,13.84183187821493,0.005337194347204033,TRUE
326838.5,4319233.5,CRBU,148.97618103027344,0,S06.b,S06.b,6.4998420622880895,M02,6.633193504648081,0.13335144235999152,FALSE
329775.5,4310407.5,CRBU,134.69712829589844,0,S02.a,S02.a,11.792615449075331,S02.b,11.837833110836273,0.04521766176094211,TRUE
321178.5,4310842.5,CRBU,153.9331817626953,0,S12,S12,14.436323666021083,M01,14.649368355401117,0.21304468938003396,TRUE
326592.5,4298350.5,CRBU,140.2415771484375,0,S06.b,S06.b,8.57286990746826,M02,8.629521721942945,0.05665181447468548,TRUE
324004.5,4312140.5,CRBU,145.23439025878906,0,M02,Osmorhiza occidentalis,5.774738136202774,S06.b,6.0188334512031005,0.24409531500032688,FALSE
323700.5,4311335.5,CRBU,148.75149536132812,0,S06.b,S08.a,12.841680194886251,S02.a,12.88478200194094,0.043101807054688024,TRUE
326076.5,4309770.5,CRBU,137.711181640625,0,S02.a,S02.a,12.104307906113988,S02.b,12.190707088167496,0.08639918205350838,TRUE
322118.5,4312005.5,CRBU,136.82655334472656,0,S12,S12,15.577271593350174,S25,16.291053740064523,0.7137821467143493,TRUE
321313.5,4299197.5,CRBU,149.8220672607422,0,S06.b,S06.b,8.801760792551088,S10.a,8.89317988854935,0.09141909599826192,TRUE
328403.5,4318689.5,CRBU,153.35755920410156,0,S07,S21,17.40146340707565,S23,20.540085808192796,3.1386224011171464,TRUE
326163.5,4312818.5,CRBU,142.28781127929688,0,S06.b,M02,12.2508051369717,S08.a,12.365449488643277,0.11464435167157738,TRUE
323844.5,4298914.5,CRBU,142.57644653320312,0,S06.b,S10.a,7.014043232930111,S09.a,7.13163961572766,0.11759638279754903,TRUE
317538.5,4299119.5,CRBU,151.60324096679688,0,S12,S12,17.051516093108962,M01,17.48934909747707,0.4378330043681089,TRUE
321829.5,4311656.5,CRBU,144.3930206298828,0,S10.c,S10.c,6.095574862900529,S10.a,6.449959870090881,0.35438500719035204,FALSE
318271.5,4304470.5,CRBU,152.29159545898438,0,Juniperus sp.,S21,23.98306227436487,S23,25.604732137659227,1.6216698632943576,TRUE
334406.5,4311971.5,CRBU,147.20697021484375,0.2409999966621399,S06.b,M02,12.216866896440663,S09.a,12.489190229057368,0.27232333261670405,TRUE
331250.5,4308722.5,CRBU,134.69500732421875,0,S01.a,S10.b,13.939929458114115,S10.a,13.974879750290107,0.034950292175992104,TRUE
330433.5,4313941.5,CRBU,150.58761596679688,0,S06.b,M01,13.541147141664512,S08.a,13.916089189573276,0.37494204790876395,TRUE
323478.5,4305815.5,CRBU,149.55223083496094,0,S12,M01,18.186936235066394,S12,18.198866695033676,0.011930459967281593,TRUE
326694.5,4320719.5,CRBU,148.82159423828125,0,S06.b,Ligusticum porteri,5.912231230681456,S09.a,5.922988868236125,0.01075763755466852,FALSE
335094.5,4311503.5,CRBU,142.70130920410156,0,M02,Ligusticum porteri,5.053205542687965,Osmorhiza occidentalis,5.064069336223988,0.01086379353602318,FALSE
327397.5,4313146.5,CRBU,138.67990112304688,0,S01.a,S02.a,11.80586445056336,S02.b,11.891008779662554,0.08514432909919378,TRUE
329421.5,4313395.5,CRBU,133.4686737060547,0,S01.a,S01.b,16.333363421929615,M01,16.42418639359313,0.09082297166351339,TRUE
330961.5,4313797.5,CRBU,154.45362854003906,0,S14,M01,15.963481205530325,S13.b,16.3999221192103,0.4364409136799736,TRUE
316970.5,4305419.5,CRBU,153.98655700683594,0,S12,S12,16.73756075661207,S24.b,17.630735858954136,0.8931751023420667,TRUE
331685.5,4313479.5,CRBU,147.76690673828125,0,S06.b,S12,13.659614842847235,S06.b,13.88723540792202,0.22762056507478512,TRUE
331538.5,4313953.5,CRBU,139.96429443359375,0,S25,S25,20.354863667943523,S12,20.656409942774705,0.3015462748311819,TRUE
319016.5,4298839.5,CRBU,140.1375732421875,0,S02.a,S06.b,11.179276283512136,Osmorhiza occidentalis,11.311475195572292,0.1321989120601561,TRUE
335325.5,4313191.5,CRBU,148.11566162109375,0,S02.a,S02.b,8.773861677196397,S02.a,8.807151335639613,0.0332896584432163,TRUE
328307.5,4315014.5,CRBU,139.95309448242188,0,M01,S08.a,10.070589124765307,M01,10.267187890451432,0.1965987656861241,TRUE
317871.5,4303674.5,CRBU,149.95079040527344,0,M02,Ligusticum porteri,5.453322844936162,Osmorhiza occidentalis,5.701140061726552,0.24781721679039048,FALSE
319619.5,4303065.5,CRBU,143.59591674804688,0,S12,S12,13.712124668822302,M01,13.827098092407864,0.11497342358556217,TRUE
335412.5,4310956.5,CRBU,147.4853515625,0,S08.a,M02,12.262629014897717,S12,12.481776884059723,0.2191478691620059,TRUE
330211.5,4309980.5,CRBU,134.62515258789062,0,S01.a,S04.a,9.860578714766795,S02.a,10.126971718832058,0.2663930040652627,TRUE
331874.5,4312209.5,CRBU,137.95474243164062,0,S06.b,S10.b,8.310724547321817,S10.a,8.357449161490372,0.046724614168555334,TRUE
321553.5,4304065.5,CRBU,151.2179412841797,0,S06.b,M02,11.318017959964472,S06.b,11.391022243605365,0.07300428364089306,TRUE
327940.5,4298587.5,CRBU,150.97242736816406,0,S12,S12,16.154712558691433,Sambucus racemosa,16.499754801158744,0.3450422424673114,TRUE
317994.5,4302410.5,CRBU,154.9862518310547,0,S12,S12,16.463695791940204,S06.b,16.72576321756683,0.26206742562662555,TRUE
321046.5,4303653.5,CRBU,146.45492553710938,0,S06.b,M02,6.961620145859464,S06.b,7.135694738012816,0.1740745921533522,TRUE
331088.5,4307800.5,CRBU,142.58607482910156,0,S01.a,S04.a,14.585923348880609,S01.b,14.62500832344396,0.03908497456335169,TRUE
325175.5,4299344.5,CRBU,147.03317260742188,0,S21,S21,26.085845012137554,S23,28.845985322173544,2.7601403100359896,TRUE
321205.5,4323554.5,CRBU,150.3432159423828,0,S06.b,S06.b,10.45823116126347,S09.a,10.462095954120175,0.003864792856704824,TRUE
320472.5,4325260.5,CRBU,154.70350646972656,0,S06.b,M02,8.878679652360441,Osmorhiza occidentalis,8.94271153279609,0.06403188043564967,TRUE
324331.5,4308332.5,CRBU,132.9033966064453,0,Veratrum tenuipetalum,Veratrum tenuipetalum,6.093099746717726,S03,7.057309518713339,0.9642097719956126,FALSE
330757.5,4313746.5,CRBU,152.7083282470703,0,S06.b,S12,12.889453453820519,M02,13.000848644411045,0.11139519059052638,TRUE
332643.5,4313839.5,CRBU,153.14276123046875,0,S12,S12,18.70817005759678,Sambucus racemosa,19.264359699125055,0.5561896415282739,TRUE
316997.5,4302230.5,CRBU,147.1238250732422,0,S06.b,S06.b,13.339548221684723,M02,13.49248328785475,0.15293506617002706,TRUE
332901.5,4310683.5,CRBU,144.94927978515625,0,S02.a,M02,6.790476145355554,S06.b,6.8798027705555524,0.08932662519999823,FALSE
334655.5,4309125.5,CRBU,130.2664337158203,0,S10.a,Osmorhiza occidentalis,4.839554052280256,Ligusticum porteri,5.3029711614794595,0.4634171091992032,FALSE
333313.5,4310812.5,CRBU,137.89755249023438,0,S11,S10.c,7.090190722490766,S10.a,7.54437521491434,0.4541844924235745,TRUE
328370.5,4308407.5,CRBU,131.1695098876953,0,S05.a,S12,12.815794445507212,S01.b,12.970673010814771,0.15487856530755906,TRUE
333163.5,4310563.5,CRBU,142.68055725097656,0,S01.a,S04.a,9.273427462665895,S10.a,9.575515828063201,0.30208836539730655,TRUE
320004.5,4325617.5,CRBU,153.18019104003906,0,S06.b,S06.b,11.223332015655917,M02,11.223593247576652,2.612319207351277e-4,TRUE
327610.5,4314845.5,CRBU,136.9759979248047,0,S11,Sambucus racemosa,8.936415765973816,Osmorhiza occidentalis,8.975252913991925,0.03883714801810889,TRUE
325283.5,4316635.5,CRBU,153.2725372314453,0.20900000631809235,S06.b,M02,12.06141834049158,S06.b,12.159259788689843,0.09784144819826324,TRUE
328754.5,4302671.5,CRBU,131.76853942871094,0,S10.a,S10.b,7.761587506814342,S10.a,7.853271397895869,0.09168389108152653,TRUE
327514.5,4312230.5,CRBU,146.40765380859375,0,M02,Osmorhiza occidentalis,5.80958347803804,S09.a,5.843699361433822,0.0341158833957822,FALSE
327511.5,4307437.5,CRBU,135.28164672851562,0,S02.a,S02.a,8.423854943493218,S04.a,8.680932325246923,0.25707738175370487,TRUE
330610.5,4309797.5,CRBU,133.49334716796875,0,S11,Osmorhiza occidentalis,6.92899786171752,M02,7.172601438179402,0.24360357646188202,FALSE
326211.5,4320263.5,CRBU,153.92860412597656,0,S06.b,S09.a,8.515518361256685,M02,8.574350791688094,0.05883243043140851,TRUE
325313.5,4307956.5,CRBU,137.73912048339844,0,S06.b,S06.b,15.032763499206922,S10.a,15.062509384634083,0.029745885427161056,TRUE
329889.5,4307086.5,CRBU,135.4219207763672,0,S10.a,S10.b,8.43829226959096,M02,8.523251421216026,0.08495915162506584,TRUE
329532.5,4310560.5,CRBU,136.86239624023438,0,S02.a,S02.b,11.233606203757954,S02.a,11.240958922195565,0.007352718437610761,TRUE
328490.5,4314335.5,CRBU,133.33148193359375,0,S06.b,M01,13.821120994060642,S08.a,14.154975747988011,0.3338547539273691,TRUE
323508.5,4298980.5,CRBU,140.35086059570312,0,S08.a,S04.a,11.541475564168723,S10.b,11.74468985660487,0.2032142924361473,TRUE
328418.5,4312383.5,CRBU,132.66299438476562,0,S01.a,S04.a,8.494447144853929,S02.a,8.743074867437393,0.2486277225834641,TRUE
319259.5,4314380.5,CRBU,152.19163513183594,0,S25,S22,19.61962924262685,S12,19.711294311366437,0.09166506873958724,TRUE
332730.5,4311743.5,CRBU,139.46542358398438,0,S06.b,Osmorhiza occidentalis,7.34878273763207,M02,7.47705186109715,0.12826912346508035,TRUE
330508.5,4314095.5,CRBU,150.47207641601562,0,S12,S24.b,17.59492328823788,M01,17.808687671246158,0.2137643830082787,TRUE
326061.5,4306149.5,CRBU,131.7676239013672,0,S02.a,S02.a,14.283804038769182,S10.a,14.286969977279618,0.003165938510436561,TRUE
324136.5,4307539.5,CRBU,139.6460723876953,1.3200000524520874,S06.b,M01,11.01374385505337,S09.a,11.430454664002747,0.41671080894937695,TRUE
326670.5,4307587.5,CRBU,133.18051147460938,0,Veratrum tenuipetalum,Veratrum tenuipetalum,7.814386058661097,S03,8.553909011095568,0.7395229524344709,TRUE
331277.5,4308200.5,CRBU,139.28546142578125,0,M02,Osmorhiza occidentalis,6.451444461077443,M02,6.491024864713299,0.039580403635855355,FALSE
325586.5,4307032.5,CRBU,132.32469177246094,0,S18,S02.a,15.810762166276522,S10.a,15.952885013347347,0.14212284707082468,TRUE
330451.5,4313014.5,CRBU,130.37777709960938,0,S02.a,S02.a,10.051824160460319,S02.b,10.25299022596929,0.20116606550897131,TRUE
319409.5,4302809.5,CRBU,132.7557373046875,0.11900000274181366,S06.b,S10.b,10.353277194938974,Osmorhiza occidentalis,10.43725406980974,0.08397687487076588,TRUE
317382.5,4298284.5,CRBU,154.05580139160156,0,S06.b,S06.b,9.801003605039877,M02,9.820207687864043,0.019204082824165525,TRUE
321553.5,4312464.5,CRBU,144.27259826660156,0,S06.b,S10.c,8.369672419844902,S10.a,8.395207717056929,0.025535297212027075,TRUE
323400.5,4308068.5,CRBU,146.64707946777344,0,S06.b,M01,11.983468200216397,S06.b,12.152335894955742,0.1688676947393457,TRUE
327448.5,4321590.5,CRBU,145.66590881347656,0,S06.b,M02,9.277877433812304,S06.b,9.4214983066995,0.14362087288719572,TRUE
321520.5,4316362.5,CRBU,144.83782958984375,0,S21,S21,33.39886183095418,S23,36.28947114380168,2.890609312847495,TRUE
331391.5,4308680.5,CRBU,135.8450927734375,0,S06.b,S10.b,7.7827965225916484,Osmorhiza occidentalis,7.8730744417362155,0.09027791914456706,TRUE
317631.5,4298734.5,CRBU,144.87757873535156,0,S06.b,M02,9.3218200257573,S06.b,9.343198247888592,0.021378222131293256,TRUE
325562.5,4306995.5,CRBU,132.86041259765625,0,S02.a,S10.a,13.245902248072413,S02.a,13.26742286074115,0.02152061266873595,TRUE
321997.5,4314212.5,CRBU,147.7548370361328,0,S09.a,S09.a,7.775937162527029,S10.c,8.12393161647886,0.3479944539518307,TRUE
320808.5,4311434.5,CRBU,153.94886779785156,0,S12,S12,15.633670569857625,S25,16.263883166289684,0.6302125964320595,TRUE
332796.5,4313395.5,CRBU,146.10520935058594,0,S12,S12,19.9125341159901,S24.a,20.386637252908052,0.4741031369179538,TRUE
325397.5,4307056.5,CRBU,135.23825073242188,0.26499998569488525,S02.a,S02.a,10.437484388388942,S02.b,10.63006864046115,0.19258425207220853,TRUE
322454.5,4303404.5,CRBU,146.71783447265625,0.8140000104904175,S21,S21,47.518362885502185,S23,51.38061823951572,3.8622553540135343,TRUE
335019.5,4311770.5,CRBU,141.97166442871094,0,S01.a,M02,10.781870747760241,S06.b,11.038457716973411,0.2565869692131706,TRUE
321673.5,4314260.5,CRBU,150.2733917236328,0,Salix wolfii,Salix boothii,8.394498433031398,Lonicera involucrata,8.517362425732566,0.1228639927011681,TRUE
326742.5,4298398.5,CRBU,138.86904907226562,0,S02.a,S10.b,9.705889947525133,S10.a,9.730026263772734,0.02413631624760093,TRUE
323961.5,4319722.5,CRBU,154.12242126464844,0.1850000023841858,S06.b,S09.a,11.48868091694489,M02,11.5564312705866,0.06775035364170989,TRUE
319484.5,4310884.5,CRBU,151.91213989257812,0,M02,Osmorhiza occidentalis,7.005754897672406,S09.a,7.042079192099894,0.03632429442748819,TRUE
324976.5,4318602.5,CRBU,147.02145385742188,0,S06.b,Osmorhiza occidentalis,9.256925842899236,S10.a,9.372445391440765,0.11551954854152946,TRUE
335370.5,4313365.5,CRBU,151.67515563964844,0,Juniperus sp.,Salix planifolia,15.793001117598918,Cornus sericea,15.926322720168958,0.13332160257004055,TRUE
333919.5,4311752.5,CRBU,143.0234832763672,1.003000020980835,M02,M02,8.481408063116307,Ligusticum porteri,8.590373580386903,0.10896551727059567,TRUE
319820.5,4309230.5,CRBU,150.3766326904297,0,S08.a,S08.a,11.721585475990778,M02,11.995376287955118,0.2737908119643393,TRUE
322742.5,4310575.5,CRBU,137.25930786132812,0,S12,S24.b,15.828206161140358,S24.a,15.843205030546185,0.01499886940582762,TRUE
319745.5,4325500.5,CRBU,151.99844360351562,0,S12,S12,14.404170133249792,S06.b,14.522231640653875,0.11806150740408228,TRUE
333874.5,4309914.5,CRBU,136.9374542236328,0,S06.b,S10.b,8.391700029689927,S10.a,8.52816886792321,0.1364688382332826,TRUE
330766.5,4309749.5,CRBU,133.56846618652344,0,S01.a,S10.b,14.894871607394863,S10.a,14.93125830630606,0.036386698911195836,TRUE
332334.5,4311392.5,CRBU,140.29214477539062,0,S02.a,M04,7.094305596627502,S11,7.117130767013933,0.022825170386430393,TRUE
320226.5,4310485.5,CRBU,151.3802032470703,0,M02,Osmorhiza occidentalis,5.384797798240207,Ligusticum porteri,5.5249682532075495,0.14017045496734237,FALSE
326829.5,4319854.5,CRBU,150.32984924316406,0,S06.b,S06.b,10.376038266126974,M02,10.578903476924232,0.20286521079725794,TRUE
318238.5,4299080.5,CRBU,149.54544067382812,0,S06.b,M01,13.422405875893668,S06.b,13.637355525157314,0.21494964926364624,TRUE
329841.5,4306638.5,CRBU,131.65084838867188,0,S01.a,S10.b,9.509872474625768,S02.a,9.609066147122896,0.09919367249712785,TRUE
330322.5,4307707.5,CRBU,132.40989685058594,0,S11,S02.b,6.987333560859418,S10.b,7.041688909697863,0.054355348838445394,TRUE
321016.5,4316605.5,CRBU,150.46124267578125,0,S12,M02,8.03173527962995,S06.b,8.17623704718669,0.14450176755673994,TRUE
328064.5,4311776.5,CRBU,143.3378448486328,0,S06.b,M02,9.317721406319748,Osmorhiza occidentalis,9.344857216784536,0.02713581046478808,TRUE
331223.5,4312221.5,CRBU,135.650390625,0,S11,S10.c,6.400978757792305,S10.a,6.4688425815722885,0.06786382377998379,FALSE
323388.5,4311539.5,CRBU,137.0023956298828,0,S10.a,S09.a,11.072078684643397,S23,11.178724323166,0.10664563852260223,TRUE
324109.5,4310110.5,CRBU,131.8426055908203,0.2669999897480011,S10.a,S09.a,9.45130217836173,S23,10.154645687936192,0.7033435095744611,TRUE
319442.5,4303008.5,CRBU,137.5383758544922,0,S06.b,S06.b,13.007232930160558,M02,13.03213335376631,0.024900423605751953,TRUE
324235.5,4312074.5,CRBU,144.14382934570312,0,S06.b,M02,6.041045522281434,Osmorhiza occidentalis,6.108225013964515,0.06717949168308124,FALSE
333007.5,4311767.5,CRBU,139.7506866455078,0,S06.b,M01,12.861550550885282,S10.a,12.920211636022064,0.05866108513678192,TRUE
325349.5,4299698.5,CRBU,149.22291564941406,0,S06.b,S02.a,15.047396961840263,S02.b,15.147006237780971,0.09960927594070768,TRUE
322841.5,4311755.5,CRBU,143.3495330810547,0,S09.a,S09.a,5.579626256369431,Ligusticum porteri,6.094058821778386,0.5144325654089554,FALSE
322649.5,4312386.5,CRBU,145.59129333496094,0,S06.b,S10.a,11.94842830678327,S10.b,11.956550905135938,0.008122598352667154,TRUE
330571.5,4308719.5,CRBU,138.08929443359375,0,S06.b,M02,9.548553604329769,Osmorhiza occidentalis,9.665050300685694,0.11649669635592552,TRUE
321961.5,4315218.5,CRBU,153.5969696044922,0,S06.b,Osmorhiza occidentalis,6.77462823957227,Caltha leptosepala,6.939878092763769,0.16524985319149899,FALSE
326790.5,4318290.5,CRBU,147.82138061523438,0,Juniperus sp.,S21,59.20653319438016,S15,63.06319557622105,3.8566623818408914,TRUE
321256.5,4309731.5,CRBU,151.26214599609375,0,S21,S21,40.274478297398304,S23,44.000829480452566,3.7263511830542626,TRUE
322196.5,4313353.5,CRBU,149.6351318359375,0,S06.b,M02,7.2636296882224665,Osmorhiza occidentalis,7.50250597836165,0.2388762901391832,TRUE
320913.5,4316974.5,CRBU,149.89450073242188,0,S23,M01,11.526914635317773,S09.a,11.657638611877795,0.13072397656002188,TRUE
320376.5,4303878.5,CRBU,144.16693115234375,0,S08.a,S10.b,11.154016703073381,M02,11.238117290732358,0.08410058765897688,TRUE
326718.5,4315719.5,CRBU,148.4867401123047,0,S06.b,S06.b,6.73566991335659,S10.a,6.862915335110621,0.12724542175403109,FALSE
324217.5,4311809.5,CRBU,151.15850830078125,0,S06.b,S06.b,12.503077592426074,S02.a,12.593168034062614,0.09009044163654067,TRUE
326178.5,4299629.5,CRBU,153.61502075195312,0.4410000145435333,S06.b,Salix other,8.065470509759388,Salix planifolia,8.27292160669745,0.20745109693806185,TRUE
335760.5,4309593.5,CRBU,135.12159729003906,0,S02.a,S02.b,7.352963324005925,M02,7.442990215518199,0.09002689151227372,TRUE
327400.5,4315470.5,CRBU,140.4638214111328,2.24399995803833,S06.b,M02,10.110810083538821,Ligusticum porteri,10.135454802421755,0.024644718882933958,TRUE
329535.5,4309422.5,CRBU,136.5180206298828,0,S06.b,S10.a,9.452710995537403,S11,9.481020337016515,0.028309341479111794,TRUE
323229.5,4311431.5,CRBU,140.91751098632812,0,M02,Osmorhiza occidentalis,5.7036025041850005,Ligusticum porteri,5.76828227519783,0.06467977101282951,FALSE
319670.5,4311008.5,CRBU,151.58462524414062,0,S06.b,Osmorhiza occidentalis,7.963138776781113,M02,8.098680458834625,0.13554168205351225,TRUE
332787.5,4313491.5,CRBU,147.86672973632812,0,S12,S12,19.847953868812933,S24.a,19.964668726167183,0.1167148573542498,TRUE
334829.5,4309533.5,CRBU,148.69415283203125,0,S01.a,S10.a,12.301659298846388,S02.a,12.328743421181247,0.027084122334859018,TRUE
323070.5,4303596.5,CRBU,140.0821990966797,0,S01.a,S04.a,12.766081889522477,S02.a,12.805596710282241,0.039514820759764646,TRUE
334070.5,4309728.5,CRBU,132.51025390625,0,S10.a,S10.b,6.747083199530612,Osmorhiza occidentalis,6.8987934382848195,0.15171023875420708,FALSE
325562.5,4319416.5,CRBU,149.3421630859375,0,S12,S12,14.087431679462094,M02,14.919846434923993,0.8324147554618992,TRUE
330082.5,4308017.5,CRBU,135.48326110839844,0,S02.a,S02.a,9.818183804669005,S04.a,9.937377799723219,0.11919399505421424,TRUE
322439.5,4313764.5,CRBU,152.38446044921875,0,S07,S21,10.910366094265685,S07,11.297262669710674,0.38689657544498957,TRUE
333787.5,4311059.5,CRBU,141.11585998535156,0.30000001192092896,S02.a,S10.b,10.523046661005555,S10.a,10.565572137735142,0.04252547672958684,TRUE
331000.5,4312626.5,CRBU,132.5706024169922,0,S10.a,S09.a,7.513921151920807,M02,7.684062929846894,0.1701417779260863,TRUE
335412.5,4312173.5,CRBU,143.7777557373047,0.5550000071525574,S06.b,M02,6.912170369936846,Osmorhiza occidentalis,7.100026175265003,0.18785580532815693,FALSE
323412.5,4312191.5,CRBU,149.7490692138672,0,S23,S10.c,8.521438574895479,S10.a,8.535872111037415,0.014433536141936543,TRUE
335151.5,4309215.5,CRBU,139.245849609375,0,S06.b,Osmorhiza occidentalis,6.280134166865974,M02,6.421924908433991,0.14179074156801708,FALSE
320523.5,4310008.5,CRBU,144.2393798828125,0,S12,S10.b,13.011313440069781,S10.a,13.080138340527684,0.06882490045790313,TRUE
328262.5,4298209.5,CRBU,148.9027862548828,0,S14,M02,12.366129220719051,S14,12.36734446311762,0.0012152423985689609,TRUE
331703.5,4308476.5,CRBU,130.95538330078125,0.7179999947547913,S06.b,Osmorhiza occidentalis,5.668848959571968,Ligusticum porteri,5.791663403097234,0.12281444352526538,FALSE
323085.5,4313164.5,CRBU,152.7975311279297,0,S06.b,S09.a,9.206604273944418,Osmorhiza occidentalis,9.37981197604167,0.1732077020972529,TRUE
328022.5,4312041.5,CRBU,147.10934448242188,0.29499998688697815,M02,Caltha leptosepala,7.148954149746708,S07,7.319068830201759,0.1701146804550504,TRUE
322430.5,4299146.5,CRBU,146.0148162841797,0,S23,S10.a,7.911801207612462,S10.c,7.934531536694673,0.022730329082211398,TRUE
322268.5,4313962.5,CRBU,153.69947814941406,0,S06.b,M02,11.737730162713225,S06.b,11.750536460331304,0.012806297618078943,TRUE
326280.5,4310686.5,CRBU,138.7214813232422,0,S06.b,S04.a,9.564329218914951,Sambucus racemosa,9.681966850385878,0.11763763147092732,TRUE
329565.5,4301566.5,CRBU,136.27745056152344,0,S06.b,Osmorhiza occidentalis,10.44951975915327,S06.b,10.642460959052244,0.19294119989897318,TRUE
329340.5,4309449.5,CRBU,130.62213134765625,0,S01.a,S10.b,9.65081635904834,S10.a,9.886470722635533,0.2356543635871926,TRUE
325805.5,4310569.5,CRBU,139.17178344726562,0,S10.a,S10.a,5.461831374416398,S10.c,5.478147568354892,0.016316193938493484,FALSE
320997.5,4298683.5,CRBU,132.12094116210938,0,S05.a,S10.a,12.226070359947437,S10.b,12.310748506775461,0.08467814682802377,TRUE
331292.5,4308920.5,CRBU,136.66854858398438,0,S01.a,S02.a,11.944810991723052,S04.a,12.040939951158387,0.09612895943533495,TRUE
332952.5,4311518.5,CRBU,136.4900360107422,0,S01.a,S10.a,8.178152679928047,S10.c,8.416064183838328,0.23791150391028104,TRUE
325769.5,4306884.5,CRBU,132.66439819335938,0,S01.a,S06.b,11.76449523778993,S10.a,11.789868021202743,0.025372783412812794,TRUE
322115.5,4309113.5,CRBU,132.55877685546875,0,S01.a,S10.b,12.022697398165143,M01,12.056567249995592,0.033869851830448994,TRUE
325793.5,4319089.5,CRBU,146.2176971435547,0,M02,Ligusticum porteri,5.471004366449144,S09.a,5.649248058737063,0.1782436922879196,FALSE
322484.5,4312665.5,CRBU,149.6928253173828,0,S06.b,S06.b,12.689495093990084,S10.a,12.75628871819851,0.06679362420842594,TRUE
333448.5,4310803.5,CRBU,132.27476501464844,0,S01.a,S02.a,15.08292041296188,S01.b,15.091106282155874,0.008185869193994222,TRUE
327991.5,4312356.5,CRBU,134.21124267578125,0,S10.a,S10.c,5.2238147611145695,S10.a,5.242265314693799,0.0184505535792292,FALSE
323919.5,4308158.5,CRBU,134.287353515625,0,S01.a,S10.b,12.353227969311247,M01,12.43109577635645,0.07786780704520346,TRUE
323718.5,4299743.5,CRBU,152.89649963378906,0,S12,S12,16.156062824342584,M01,16.64446068999476,0.4883978656521748,TRUE
321136.5,4312950.5,CRBU,143.2349853515625,4.203000068664551,Juniperus sp.,S16,27.928633823090614,S21,27.96285033315879,0.03421651006817683,TRUE
328487.5,4306983.5,CRBU,130.15406799316406,0,S02.a,S02.a,8.58233642753688,S06.b,8.791101746419168,0.20876531888228733,TRUE
324379.5,4313806.5,CRBU,149.65762329101562,0,S03,Veratrum tenuipetalum,6.0557966005027515,S03,6.12090582919321,0.06510922869045821,FALSE
324223.5,4302053.5,CRBU,149.78567504882812,0,S12,S07,10.238264206236437,S02.a,10.352918971864533,0.11465476562809584,TRUE
318844.5,4303272.5,CRBU,144.85255432128906,0.33799999952316284,S21,S21,44.67297705008802,S23,48.50019074623798,3.827213696149961,TRUE
328232.5,4310404.5,CRBU,138.1684112548828,0,S10.a,M01,8.072472295110918,S10.a,8.212669822065278,0.14019752695435983,TRUE
325898.5,4309131.5,CRBU,130.1680908203125,0.2540000081062317,S06.b,S06.b,10.256932009722375,M02,10.285220818383438,0.028288808661063314,TRUE
326451.5,4318971.5,CRBU,140.60693359375,0.11900000274181366,Ligusticum porteri,Ligusticum porteri,5.67632228250478,M02,5.937700371549668,0.2613780890448876,FALSE
331073.5,4309179.5,CRBU,131.08126831054688,0,S01.b,S04.a,13.347457237456444,S10.b,13.451372891492465,0.10391565403602065,TRUE
321586.5,4313674.5,CRBU,132.73587036132812,0.4600000083446502,Veratrum tenuipetalum,S21,29.778190386227447,S23,32.80684310837052,3.0286527221430752,TRUE
333397.5,4310269.5,CRBU,134.03677368164062,0,S02.a,M02,8.467759318820443,Osmorhiza occidentalis,8.501406269602686,0.03364695078224322,TRUE
327493.5,4318719.5,CRBU,154.37693786621094,0,M02,Ligusticum porteri,5.1836243555366135,S03,5.3876049174494485,0.20398056191283498,FALSE
328550.5,4310476.5,CRBU,143.1251678466797,0,S02.a,M02,7.024718393048452,Osmorhiza occidentalis,7.100672525004769,0.07595413195631728,TRUE
329268.5,4308611.5,CRBU,134.16221618652344,0,M02,Osmorhiza occidentalis,6.783563467013732,Ligusticum porteri,7.046378095290748,0.26281462827701674,FALSE
322061.5,4313365.5,CRBU,146.09661865234375,0,Veratrum tenuipetalum,S21,21.500660308400576,S23,23.852078873539963,2.3514185651393866,TRUE
318283.5,4305077.5,CRBU,149.937255859375,0,S09.a,S09.a,6.310291709955852,Ligusticum porteri,6.567835044324168,0.2575433343683162,FALSE
333841.5,4311392.5,CRBU,140.6705780029297,0,S02.a,Osmorhiza occidentalis,10.554531096982094,S06.b,10.613652853568475,0.059121756586380414,TRUE
322742.5,4314431.5,CRBU,154.79296875,0,S14,M01,15.57241451735473,S10.a,15.74914181562913,0.17672729827440037,TRUE
322520.5,4312833.5,CRBU,150.77493286132812,0,S06.b,S10.a,8.250243072804421,S10.b,8.463075023405075,0.21283195060065374,TRUE
333475.5,4311896.5,CRBU,140.37408447265625,0,S02.a,M01,15.039531916084467,S10.b,15.13576720794167,0.09623529185720336,TRUE
322574.5,4312143.5,CRBU,146.15240478515625,0,S06.b,M02,9.946868316940629,S06.b,10.23949907267537,0.2926307557347414,TRUE
330619.5,4316266.5,CRBU,152.20884704589844,0,S06.b,S09.a,7.682186250286143,Osmorhiza occidentalis,8.112257938486461,0.4300716882003188,TRUE
327379.5,4314230.5,CRBU,137.96392822265625,0,S01.a,S04.a,9.158731602023789,S02.a,9.328516480582385,0.16978487855859647,TRUE
321388.5,4315461.5,CRBU,151.91812133789062,0,S12,M01,11.356288153063467,S10.a,11.472766906523752,0.11647875346028513,TRUE
329490.5,4311032.5,CRBU,137.5472412109375,0,S02.a,S02.a,12.996914587370725,S02.b,13.08571810343488,0.08880351606415537,TRUE
317727.5,4303581.5,CRBU,147.89767456054688,0,S06.b,M01,14.197680867998656,S10.a,14.296691315808904,0.09901044781024737,TRUE
328205.5,4316200.5,CRBU,146.5428009033203,0,M02,S09.a,8.113330148077985,Sambucus racemosa,8.150982916329138,0.037652768251152935,TRUE
317679.5,4302350.5,CRBU,152.04974365234375,0,Juniperus sp.,S04.a,15.122083858798042,M01,15.322292135715545,0.2002082769175022,TRUE
324151.5,4319605.5,CRBU,148.6586456298828,0.01400000043213367,M02,S09.a,5.4582580364980275,Ligusticum porteri,5.779517302412057,0.32125926591402987,FALSE
330916.5,4312257.5,CRBU,135.11253356933594,0,S01.a,S10.b,12.93302416765153,S10.a,12.95343595198856,0.02041178433703017,TRUE
330214.5,4299524.5,CRBU,151.05108642578125,0,S12,S12,17.564181627985867,S24.b,17.586354445173587,0.022172817187719573,TRUE
326319.5,4318551.5,CRBU,140.80723571777344,0,S03,Veratrum tenuipetalum,5.151595478250341,S03,5.580495309489417,0.42889983123907616,FALSE
329118.5,4315266.5,CRBU,138.3186492919922,0,S06.b,S10.b,11.721802376760479,S06.b,11.765028874944612,0.04322649818413282,TRUE
318025.5,4303509.5,CRBU,148.89256286621094,0,M02,Osmorhiza occidentalis,7.066745390103002,Corydalis caseana,7.186542374345883,0.11979698424288099,TRUE
321607.5,4313254.5,CRBU,139.10824584960938,0.1420000046491623,Salix wolfii,S21,29.690269196239324,Salix planifolia,32.89416603050374,3.203896834264416,TRUE
325115.5,4313551.5,CRBU,149.24002075195312,0,S08.a,M02,12.065458553571066,M01,12.082051980176116,0.016593426605050254,TRUE
322598.5,4299143.5,CRBU,150.8783416748047,0,S06.b,S10.c,5.648125739083437,S10.a,5.827622925745095,0.17949718666165726,FALSE
325109.5,4316467.5,CRBU,148.18544006347656,0,S09.a,Ligusticum porteri,4.636710136395377,S09.a,4.8595672369173535,0.22285710052197683,FALSE
326025.5,4306116.5,CRBU,133.27212524414062,0,S06.b,S02.a,13.257147793809558,S10.a,13.30801513528135,0.050867341471791505,TRUE
333934.5,4311113.5,CRBU,145.90756225585938,0,S06.b,S10.a,14.888426499054836,S02.a,14.94379696805652,0.05537046900168363,TRUE
331466.5,4308680.5,CRBU,134.78457641601562,1.0770000219345093,Juniperus sp.,S12,46.305394958503314,M03,47.3553599008304,1.0499649423270867,TRUE
321922.5,4315257.5,CRBU,150.86241149902344,0,M01,S13.b,13.91645525466319,M01,14.771264301690099,0.8548090470269099,TRUE
326370.5,4316161.5,CRBU,148.03990173339844,0,S07,Veratrum tenuipetalum,7.5418151202784065,Corydalis caseana,7.9766922888338,0.4348771685553938,TRUE
317655.5,4303593.5,CRBU,148.11224365234375,0,S25,S12,37.2335693786877,S24.a,38.09875785699031,0.8651884783026134,TRUE
329946.5,4309314.5,CRBU,134.1269989013672,0,S01.a,S10.b,9.579557300957422,S02.a,9.611277831679143,0.03172053072172076,TRUE
325640.5,4306818.5,CRBU,137.0748748779297,0,S02.a,S02.a,14.730711262492909,S10.a,14.821955443258586,0.09124418076567764,TRUE
318187.5,4303989.5,CRBU,151.15170288085938,0,S06.b,S06.b,12.617455213663233,S12,12.776166620221398,0.15871140655816518,TRUE
323058.5,4321857.5,CRBU,152.9500732421875,0,M02,M02,6.474008237062195,S09.a,6.511152552656114,0.03714431559391862,FALSE
334220.5,4309740.5,CRBU,136.7357940673828,0,S07,S11,8.44502699350302,Veratrum tenuipetalum,8.958682035818354,0.5136550423153334,TRUE
335790.5,4307824.5,CRBU,131.2449951171875,0,S01.a,S04.a,9.060422645506767,S02.a,9.068576272233026,0.008153626726258523,TRUE
322103.5,4313242.5,CRBU,145.39590454101562,0,M02,S09.a,5.10246362365742,Ligusticum porteri,5.194038740763509,0.09157511710608901,FALSE
328394.5,4312509.5,CRBU,131.59475708007812,0,S01.a,S10.a,8.516682415232586,S10.b,8.566602048105866,0.04991963287328005,TRUE
319898.5,4325581.5,CRBU,148.90731811523438,0,S06.b,M02,10.565859992005754,S06.b,10.598355244882717,0.032495252876962866,TRUE
332448.5,4312650.5,CRBU,140.20677185058594,0,S06.b,M02,7.026411573975756,Osmorhiza occidentalis,7.269810862507745,0.24339928853198867,TRUE
327757.5,4309005.5,CRBU,131.23683166503906,0,S01.a,S04.a,11.37908701634511,S02.a,11.422335837442443,0.043248821097332524,TRUE
323763.5,4312695.5,CRBU,152.35287475585938,0,S21,S21,29.906575155617496,S23,34.116477683612246,4.20990252799475,TRUE
320970.5,4312377.5,CRBU,152.13027954101562,0,S06.b,S06.b,9.839259392296615,M01,10.068703643470922,0.2294442511743071,TRUE
323073.5,4305734.5,CRBU,146.4110565185547,0,S06.b,M01,14.488402444887868,S08.a,14.65902935972214,0.17062691483427272,TRUE
335199.5,4311011.5,CRBU,139.0133514404297,0,M02,S09.a,5.723844214654571,Ligusticum porteri,5.740748548937408,0.01690433428283722,FALSE
321463.5,4311893.5,CRBU,143.69464111328125,0.16699999570846558,S06.b,S09.a,6.8678630049704035,S10.b,6.902067002934233,0.03420399796382956,FALSE
320325.5,4311236.5,CRBU,154.9099578857422,0,S06.b,S09.a,7.417592328716223,M02,7.508260982199484,0.09066865348326125,TRUE
322802.5,4312581.5,CRBU,152.4549560546875,0,S06.b,S02.a,12.555264108137921,S02.b,12.567986394057534,0.01272228591961344,TRUE
322379.5,4322551.5,CRBU,151.9861297607422,0,S06.b,S09.a,6.272536034587414,M02,6.55659841838042,0.28406238379300586,FALSE
320610.5,4310488.5,CRBU,145.60166931152344,0,S08.a,S09.a,9.984406904123517,M02,10.050723215861145,0.0663163117376282,TRUE
322922.5,4310383.5,CRBU,137.1514129638672,0,S02.a,S02.a,12.747198576822933,S04.a,12.79529799187627,0.04809941505333626,TRUE
332034.5,4307161.5,CRBU,145.3668670654297,0,S22,S22,20.43044235549685,S24.b,20.8607893645997,0.4303470091028494,TRUE
317676.5,4298533.5,CRBU,145.70022583007812,1.2799999713897705,M01,M02,7.888284825968796,S09.a,7.923578000315343,0.03529317434654722,TRUE
333013.5,4310545.5,CRBU,138.8745574951172,0,S01.a,S04.a,8.62941824051891,S02.b,8.916693583556654,0.28727534303774327,TRUE
323460.5,4309698.5,CRBU,133.203125,0,S10.a,S10.b,8.41900767854704,S10.a,8.513963631783037,0.09495595323599737,TRUE
319880.5,4303212.5,CRBU,135.79202270507812,0,S06.b,M02,12.545948470066769,S06.b,12.68546978224909,0.1395213121823211,TRUE
328079.5,4313740.5,CRBU,138.9752655029297,0,Juniperus sp.,Juniperus sp.,11.81951885275801,S07,12.191143584382614,0.3716247316246033,TRUE
329223.5,4315044.5,CRBU,135.2267608642578,0,S01.a,S10.b,8.113010889339666,S10.a,8.15235975629637,0.03934886695670414,TRUE
320751.5,4315014.5,CRBU,150.004638671875,0,S12,S12,16.78101472112256,S25,17.40719101146955,0.6261762903469901,TRUE
323748.5,4308014.5,CRBU,142.72015380859375,0,S06.b,S09.a,8.222330601657843,S10.b,8.624754438288564,0.4024238366307209,TRUE
325568.5,4320062.5,CRBU,150.43199157714844,0,M02,M02,8.154937431218436,S08.a,8.449277408748438,0.29433997753000263,TRUE
322127.5,4311416.5,CRBU,141.2095184326172,0,S06.b,S10.a,11.736403071960961,M01,11.747422063290308,0.011018991329347472,TRUE
328511.5,4311566.5,CRBU,147.17677307128906,0,S01.a,M01,13.501310200518512,S06.b,13.710485054003573,0.20917485348506126,TRUE
328703.5,4315317.5,CRBU,146.19749450683594,0,S12,S12,17.341792700992627,S25,17.54443222930789,0.2026395283152631,TRUE
324136.5,4298260.5,CRBU,140.02584838867188,0,S01.a,S04.a,10.956995095898534,S10.a,11.015430280796354,0.05843518489781907,TRUE
331742.5,4314083.5,CRBU,153.48545837402344,0.4440000057220459,M02,S09.a,8.051822569252545,Osmorhiza occidentalis,8.198844180175696,0.1470216109231508,TRUE
317124.5,4298461.5,CRBU,152.24520874023438,0,S06.b,S06.b,13.825093976815408,M01,13.941414629703694,0.11632065288828564,TRUE
331268.5,4313545.5,CRBU,140.7007598876953,0,S06.b,S06.b,11.083941336067143,M02,11.174398886808756,0.09045755074161299,TRUE
326535.5,4298161.5,CRBU,139.51214599609375,0,Salix wolfii,S21,17.96265894083547,S23,19.73116375968592,1.7685048188504489,TRUE
333208.5,4312152.5,CRBU,139.6658935546875,0,S02.a,S04.a,8.245529221534056,Sambucus racemosa,8.46953848872564,0.2240092671915832,TRUE
325373.5,4314332.5,CRBU,153.87216186523438,0,M01,S08.a,15.978644313010657,M02,16.287572827587972,0.30892851457731574,TRUE
323208.5,4309647.5,CRBU,139.14439392089844,0,S06.b,S06.b,14.12695258717722,M01,14.259670107432123,0.13271752025490358,TRUE
326064.5,4316962.5,CRBU,143.2107391357422,0,S06.b,S10.a,5.733124039506106,S10.c,5.7371435829538315,0.004019543447725482,FALSE
328811.5,4312506.5,CRBU,134.81521606445312,0,Dasiphora fruticosa,Symphoricarpos rotundifolius,7.323195483229312,Salix other,7.426889615935615,0.10369413270630279,TRUE
328145.5,4307131.5,CRBU,133.1627960205078,0,S02.a,S02.b,7.7847180226109325,S02.a,7.942675548035527,0.15795752542459418,TRUE
330883.5,4311677.5,CRBU,133.18190002441406,0,S05.a,S22,16.003191942654976,M03,16.07081343514195,0.06762149248697469,TRUE
330463.5,4308794.5,CRBU,148.15390014648438,0,M02,S09.a,6.7343198456867706,Ligusticum porteri,6.859029545953818,0.1247097002670472,FALSE
323808.5,4312044.5,CRBU,147.46681213378906,0,S06.b,S02.a,12.853689985905605,S08.a,12.9162916763918,0.06260169048619524,TRUE
322472.5,4313812.5,CRBU,152.6392059326172,0,S11,S21,30.63344792830341,S23,34.18820841809476,3.5547604897913487,TRUE
326319.5,4312803.5,CRBU,147.95635986328125,0,S06.b,M01,13.283399855400882,S08.a,13.344371434467075,0.06097157906619266,TRUE
327211.5,4298980.5,CRBU,146.4888916015625,0,S14,S14,15.198220786399208,S08.a,15.366872563407538,0.16865177700833023,TRUE
332037.5,4307806.5,CRBU,141.07635498046875,0,S05.a,S10.a,11.438371591694622,S04.a,11.499024020090124,0.060652428395501445,TRUE
325826.5,4310836.5,CRBU,137.9962921142578,0,S01.a,S04.a,9.19728260349942,M03,9.766697832327186,0.569415228827765,TRUE
323901.5,4308377.5,CRBU,140.50120544433594,0,S02.a,S06.b,12.666234004909889,S02.a,12.804277665324477,0.1380436604145885,TRUE
332274.5,4312623.5,CRBU,138.4082489013672,0,S10.a,S10.a,7.987429099058558,S10.b,8.105195074835569,0.11776597577701065,TRUE
331406.5,4312065.5,CRBU,130.91224670410156,0,S11,Osmorhiza occidentalis,5.635838383327712,Ligusticum porteri,5.718715602036927,0.08287721870921505,FALSE
335091.5,4310932.5,CRBU,139.16848754882812,0.04199999943375587,S06.b,M02,8.040402860262144,Osmorhiza occidentalis,8.173309593245998,0.13290673298385336,TRUE
331787.5,4312065.5,CRBU,136.57066345214844,0,S02.a,S10.b,7.224377216044798,S10.a,7.298612796759733,0.07423558071493552,TRUE
325019.5,4317566.5,CRBU,153.0644073486328,0,M02,M02,8.908130213245562,Osmorhiza occidentalis,9.012005673050172,0.10387545980461077,TRUE
330553.5,4311764.5,CRBU,131.6863250732422,0,S10.a,S10.b,7.967198735787147,S10.a,7.972407952154626,0.0052092163674783976,TRUE
323319.5,4311656.5,CRBU,150.54067993164062,0,S06.b,M02,6.243663060845855,Osmorhiza occidentalis,6.412795309672022,0.16913224882616706,FALSE
326412.5,4307047.5,CRBU,130.11216735839844,0,Salix boothii,S05.a,11.784211819717047,S15,12.008947390919797,0.2247355712027499,TRUE
327304.5,4312425.5,CRBU,147.16183471679688,0,M02,Ligusticum porteri,5.4962438522270904,Osmorhiza occidentalis,5.528295966626714,0.0320521143996233,FALSE
319784.5,4310830.5,CRBU,149.429443359375,0,S11,S21,34.72233897592663,S23,38.335997129560866,3.6136581536342334,TRUE
319733.5,4311305.5,CRBU,146.05795288085938,0,S06.b,S06.b,12.026317576487005,M02,12.036493354948279,0.010175778461274376,TRUE
334295.5,4309674.5,CRBU,136.22108459472656,0,S01.a,S02.a,11.020396809253935,S10.b,11.092269782186666,0.07187297293273076,TRUE
320154.5,4310596.5,CRBU,144.03001403808594,0,S12,S12,17.754596554070563,M02,18.23407096108277,0.47947440701220856,TRUE
326181.5,4311101.5,CRBU,134.83926391601562,0,S10.a,S09.a,6.237910007459896,M02,6.313797841350193,0.07588783389029707,FALSE
325844.5,4319212.5,CRBU,151.11114501953125,0,M02,Ligusticum porteri,5.592704612497018,M02,5.7112446882576995,0.1185400757606816,FALSE
322694.5,4309587.5,CRBU,147.84007263183594,0,S06.b,S06.b,11.608620999473635,M02,11.7797353023607,0.17111430288706586,TRUE
323322.5,4305572.5,CRBU,142.15530395507812,0,S02.a,S02.a,15.168442315434785,M01,15.280883939864104,0.11244162442931938,TRUE
318040.5,4304983.5,CRBU,151.0297088623047,0,S25,S25,31.441070534307244,S12,31.536211603136824,0.09514106882958018,TRUE
333130.5,4311662.5,CRBU,141.3531494140625,0,S06.b,S10.a,6.765050717954716,S10.c,7.053284077124334,0.28823335916961845,FALSE
318958.5,4298962.5,CRBU,139.2603302001953,0,S06.b,S10.a,6.25074005179183,S10.c,6.325892858756327,0.07515280696449711,FALSE
326094.5,4309110.5,CRBU,142.81631469726562,0.1340000033378601,S06.b,S09.a,7.8177196241529465,Osmorhiza occidentalis,7.923927299944613,0.10620767579166657,TRUE
335997.5,4307566.5,CRBU,133.88937377929688,0,S01.a,S02.a,10.926635036750952,S02.b,11.027887371464237,0.10125233471328521,TRUE
322775.5,4312464.5,CRBU,150.53201293945312,0,S06.b,S10.a,16.818407363783805,S10.c,16.871767764922218,0.05336040113841278,TRUE
329979.5,4307104.5,CRBU,131.6701202392578,0.5649999976158142,M03,S10.b,9.699249172989838,S10.a,9.891342087718376,0.19209291472853884,TRUE
324700.5,4318476.5,CRBU,153.1517791748047,0,M02,M02,10.54304197865983,S06.b,10.734728236230136,0.1916862575703071,TRUE
326481.5,4298875.5,CRBU,143.55567932128906,0,S01.a,S08.a,13.580448763698255,S06.b,13.650070891977213,0.06962212827895797,TRUE
322409.5,4312626.5,CRBU,146.54965209960938,0,S06.b,M02,10.903601569057127,S10.a,10.95756463041658,0.053963061359453945,TRUE
333856.5,4305857.5,CRBU,131.00379943847656,0,S11,S11,7.544797142894247,S10.b,8.019324923476674,0.4745277805824273,TRUE
323442.5,4299281.5,CRBU,144.05946350097656,0,S12,S12,14.399917043032906,S01.b,14.512303352881014,0.11238630984810882,TRUE
328460.5,4312539.5,CRBU,130.31027221679688,0,Veratrum tenuipetalum,Veratrum tenuipetalum,7.722548189926762,S03,8.542293944434713,0.8197457545079505,TRUE
331538.5,4313029.5,CRBU,137.81448364257812,0,S02.a,S06.b,8.684945637858858,S10.a,8.711810835071697,0.026865197212838865,TRUE
326640.5,4317461.5,CRBU,145.11219787597656,0,M02,Veratrum tenuipetalum,5.462946749365227,S03,5.7172470597534,0.2543003103881727,FALSE
334358.5,4312212.5,CRBU,144.7464141845703,0,S05.a,S04.a,11.988233459870552,S08.a,12.146144216632942,0.15791075676239075,TRUE
326304.5,4310602.5,CRBU,132.92942810058594,0,S10.a,S10.a,5.4583041263105345,S10.b,5.598976990488728,0.14067286417819336,FALSE
320673.5,4310578.5,CRBU,149.3140411376953,0,S12,S12,12.450236750673007,M02,12.71058098937777,0.26034423870476253,TRUE
329295.5,4312098.5,CRBU,133.30343627929688,0,S24.b,S24.b,17.031010610483687,S25,17.40676206832917,0.3757514578454817,TRUE
326925.5,4305020.5,CRBU,132.0101318359375,0,S02.a,S02.a,11.734303281479434,S06.b,11.761147214147694,0.02684393266826035,TRUE
322442.5,4313596.5,CRBU,154.8182373046875,0.2029999941587448,M02,Ligusticum porteri,5.933277857956849,M02,6.0077661367784705,0.07448827882162146,FALSE
334406.5,4311968.5,CRBU,147.20697021484375,0,S06.b,M02,9.161282726551997,S09.a,9.352572489992198,0.1912897634402011,TRUE
331634.5,4314035.5,CRBU,150.0953369140625,0,M02,Osmorhiza occidentalis,7.871930801015953,M02,7.919246534994251,0.047315733978297914,TRUE
326832.5,4318617.5,CRBU,150.49447631835938,0,S09.a,S09.a,4.449523363753369,Ligusticum porteri,5.3979341738733515,0.9484108101199826,FALSE
324394.5,4298710.5,CRBU,140.3517303466797,0,S06.b,S02.b,6.343952569817216,S06.b,6.468216092140477,0.1242635223232611,FALSE
321043.5,4302923.5,CRBU,135.9284210205078,0,S20,S12,15.59971729533284,S20,16.00560599236743,0.4058886970345892,TRUE
333235.5,4311704.5,CRBU,140.97998046875,0,S06.b,M02,7.9262007281020965,S06.b,8.05710690517242,0.13090617707032326,TRUE
332601.5,4313326.5,CRBU,145.53878784179688,0,S12,S12,14.349155230511906,M02,14.948460112569,0.5993048820570941,TRUE
323277.5,4309536.5,CRBU,136.3784637451172,0,S01.a,S10.a,11.890198232116852,S06.b,11.920434504505307,0.030236272388455276,TRUE
329286.5,4312500.5,CRBU,135.5347442626953,0,S02.a,S02.a,13.184009090082402,S10.a,13.196558359094869,0.012549269012467335,TRUE
326394.5,4307473.5,CRBU,132.82078552246094,0,S10.a,S10.b,7.916091006180316,S10.a,7.951587679920119,0.0354966737398037,TRUE
334550.5,4309725.5,CRBU,144.23663330078125,0,S05.a,S04.a,11.603749877703574,M03,11.761893725064422,0.1581438473608472,TRUE
326421.5,4298659.5,CRBU,143.58880615234375,0,Juniperus sp.,S07,11.514923024368896,M01,11.639519128964617,0.1245961045957209,TRUE
326934.5,4320215.5,CRBU,148.5028533935547,0,S09.a,S09.a,6.539255614420632,Osmorhiza occidentalis,7.256637675949511,0.7173820615288786,FALSE
328673.5,4308713.5,CRBU,131.64662170410156,0,S10.a,S10.a,7.515400669072543,S10.b,7.674416400898496,0.15901573182595286,TRUE
327817.5,4298044.5,CRBU,144.1284637451172,0,S05.a,M03,13.511204969664067,S05.a,13.553575695930201,0.042370726266133474,TRUE
323421.5,4298999.5,CRBU,138.3181610107422,0,S04.b,S10.b,9.426277480909732,S10.a,9.513036447055384,0.08675896614565204,TRUE
320628.5,4303740.5,CRBU,148.7231903076172,0,S06.b,M01,9.970411782455477,M02,10.013642857947914,0.043231075492437654,TRUE
318667.5,4300473.5,CRBU,153.181884765625,0,S23,S21,7.8138285730346135,Osmorhiza occidentalis,8.389381044939164,0.5755524719045502,TRUE
333535.5,4310626.5,CRBU,139.31259155273438,0,S01.a,S01.a,12.514140066602067,S10.b,12.522190591794859,0.008050525192791369,TRUE
320466.5,4314203.5,CRBU,152.48448181152344,0,S12,S24.b,18.862038470525192,S25,19.007417100808,0.1453786302828064,TRUE
326226.5,4318797.5,CRBU,141.72393798828125,0,S12,S12,16.825414046289858,S24.b,17.38965420003511,0.5642401537452528,TRUE
329973.5,4301332.5,CRBU,130.5575714111328,0,S01.a,S06.b,13.072853499329304,S10.b,13.083109391071678,0.010255891742374956,TRUE
324067.5,4305149.5,CRBU,140.83802795410156,0,M03,S21,31.744733025340008,S23,34.01295284137806,2.2682198160380516,TRUE
323499.5,4306809.5,CRBU,151.4754638671875,0,S06.b,M01,13.417860177187668,S02.a,13.673510026153796,0.25564984896612764,TRUE
325238.5,4311197.5,CRBU,139.50942993164062,0,S11,S11,6.836439774834799,Veratrum tenuipetalum,7.188694896135012,0.35225512130021297,FALSE
326169.5,4310770.5,CRBU,135.7680206298828,0,S10.a,S10.a,7.441970773482425,S10.c,7.765328419381305,0.32335764589887983,TRUE
328685.5,4308512.5,CRBU,134.92721557617188,0,S06.b,S10.c,4.980840512733315,S10.a,5.153962396620063,0.17312188388674787,FALSE
323004.5,4304671.5,CRBU,139.25567626953125,0,M02,S10.b,9.170279827847644,M02,9.4245257334458,0.25424590559815563,TRUE
328790.5,4299794.5,CRBU,153.2005157470703,0,S12,S12,17.565389357141598,S24.b,17.691232550107078,0.12584319296547974,TRUE
321979.5,4304470.5,CRBU,143.31448364257812,0,S06.b,S08.a,11.49031069245427,S02.a,11.535926587545807,0.04561589509153663,TRUE
323805.5,4314212.5,CRBU,149.20693969726562,0,S03,S03,6.080855393332138,Veratrum tenuipetalum,6.44848438606679,0.36762899273465166,FALSE
331256.5,4312263.5,CRBU,135.15016174316406,0,S11,S02.a,6.251875869376908,S02.b,6.338229672487315,0.08635380311040652,FALSE
327331.5,4319419.5,CRBU,148.18795776367188,0,S06.b,M02,8.165599691105808,S09.a,8.272999257516071,0.1073995664102636,TRUE
323280.5,4308716.5,CRBU,137.49069213867188,0,S12,S12,20.232519959878843,S25,20.36621135450659,0.13369139462774626,TRUE
323547.5,4315023.5,CRBU,150.72494506835938,0,Salix planifolia,S21,98.85606532805843,S23,102.18333716530024,3.3272718372418097,TRUE
320727.5,4303404.5,CRBU,133.28163146972656,0,S10.a,S10.b,7.22376972840355,S10.a,7.448602764753911,0.22483303635036123,TRUE
326829.5,4318824.5,CRBU,146.7252655029297,0,S03,S03,4.4835764047305,Veratrum tenuipetalum,4.642704622361296,0.159128217630796,FALSE
324526.5,4307917.5,CRBU,141.3459930419922,0,S06.b,S10.a,9.36681946291438,S10.b,9.469425982630298,0.10260651971591805,TRUE
322163.5,4303137.5,CRBU,148.8727264404297,0,S06.b,S06.b,10.202674653076459,S10.a,10.377247688187838,0.17457303511137923,TRUE
326520.5,4320347.5,CRBU,152.38992309570312,0,S06.b,S06.b,12.715802850575042,M02,12.736739904514152,0.02093705393911094,TRUE
329682.5,4310317.5,CRBU,139.11532592773438,0,S06.b,Osmorhiza occidentalis,6.47967278763101,S11,6.6973175555147675,0.21764476788375742,FALSE
321007.5,4310086.5,CRBU,150.21766662597656,0,S21,S21,20.721723420298357,S23,22.727850782220788,2.006127361922431,TRUE
334124.5,4312029.5,CRBU,148.4532012939453,0,S06.b,S09.a,7.290252711659885,M02,7.414281139563401,0.12402842790351531,TRUE
326565.5,4310080.5,CRBU,137.85269165039062,0,S02.a,S10.a,9.364246097796125,M04,9.384505348676235,0.020259250880110713,TRUE
328493.5,4309608.5,CRBU,140.51651000976562,0,M02,Osmorhiza occidentalis,4.86185787447504,M02,5.037232838933619,0.17537496445857936,FALSE
322415.5,4307764.5,CRBU,148.13150024414062,0,S12,M01,15.194189316472597,S01.b,15.289332194401934,0.09514287792933729,TRUE
325022.5,4317650.5,CRBU,144.34324645996094,0,S20,M01,17.454787247448362,S25,17.782479704073086,0.32769245662472457,TRUE
326604.5,4299143.5,CRBU,145.10086059570312,0,S14,S04.a,12.241147233318497,S02.a,12.562254753046286,0.3211075197277893,TRUE
326169.5,4312908.5,CRBU,142.84939575195312,0,S12,S08.a,15.55891401025062,S04.a,15.600916805756611,0.04200279550599184,TRUE
329841.5,4306053.5,CRBU,130.18617248535156,0,S01.a,S10.b,8.978755655362157,S10.a,9.034610778260252,0.05585512289809458,TRUE
321745.5,4302980.5,CRBU,141.84678649902344,0,S02.a,S10.a,7.0479532349631535,S06.b,7.147833951750627,0.09988071678747357,TRUE
324553.5,4307626.5,CRBU,141.07803344726562,0.3959999978542328,S12,S06.b,15.85817822380786,S12,15.903073115440678,0.04489489163281846,TRUE
335280.5,4313164.5,CRBU,151.79933166503906,0.33500000834465027,M02,Osmorhiza occidentalis,5.440944692807838,Ligusticum porteri,5.622423809833178,0.18147911702534003,FALSE
325544.5,4305104.5,CRBU,132.66831970214844,0,S20,S24.a,16.773821345387002,S24.b,16.834674235086165,0.060852889699162915,TRUE
322205.5,4312269.5,CRBU,135.23873901367188,0,S09.a,S09.a,6.526878833676956,Ligusticum porteri,7.643398769511518,1.116519935834562,FALSE
330313.5,4307518.5,CRBU,138.10281372070312,0,S14,S10.a,16.083240869713862,M02,16.287600812857928,0.20435994314406614,TRUE
321121.5,4309920.5,CRBU,145.92800903320312,0,S12,S12,16.9815374022388,Sambucus racemosa,17.358834469580188,0.377297067341388,TRUE
331421.5,4307221.5,CRBU,145.3172607421875,0,Juniperus sp.,Juniperus sp.,13.540201918208675,S11,13.541495842282712,0.0012939240740372782,TRUE
331733.5,4307377.5,CRBU,147.65806579589844,0,S25,S12,25.905934036723444,S25,26.307584642518687,0.40165060579524337,TRUE
323721.5,4311377.5,CRBU,147.79002380371094,0,S06.b,M02,8.603517491558415,S08.a,8.77558376967565,0.17206627811723507,TRUE
324811.5,4308272.5,CRBU,130.50291442871094,0,S01.a,S10.a,8.3384570721799,S10.b,8.598167139019173,0.2597100668392738,TRUE
325037.5,4311326.5,CRBU,137.70819091796875,0,S12,S12,15.828910578267578,S10.a,16.114943083862713,0.28603250559513427,TRUE
327460.5,4309059.5,CRBU,130.8584442138672,0,S02.a,S02.a,10.71897737387625,S02.b,10.970318020202344,0.2513406463260939,TRUE
322427.5,4311065.5,CRBU,139.03062438964844,0,S06.b,S10.a,7.104275890172154,S10.c,7.280258505939648,0.1759826157674942,TRUE
326364.5,4319488.5,CRBU,153.70408630371094,0,S06.b,S06.b,9.900091893069575,M02,10.016380999583978,0.11628910651440272,TRUE
326970.5,4319794.5,CRBU,145.25796508789062,0,S06.b,M01,13.142925701803643,M02,13.179510814565115,0.036585112761471805,TRUE
331538.5,4307974.5,CRBU,145.51441955566406,0,S08.a,S10.a,10.588745178918456,S10.b,10.599290745965833,0.010545567047376636,TRUE
325700.5,4311389.5,CRBU,138.08029174804688,0,S01.a,S04.a,12.758599875250454,S02.a,12.781123104643957,0.02252322939350293,TRUE
328850.5,4308362.5,CRBU,132.6302490234375,0,S03,S03,5.7762672989505255,Veratrum tenuipetalum,5.910666153599781,0.13439885464925538,FALSE
331844.5,4312185.5,CRBU,135.14793395996094,0,S10.a,S09.a,6.93705201562798,S10.a,6.95595339850305,0.018901382875069928,FALSE
335643.5,4309056.5,CRBU,130.55592346191406,0,S01.a,S02.b,9.009346060768472,S02.a,9.408028498336787,0.3986824375683149,TRUE
327478.5,4317221.5,CRBU,145.6394500732422,0,S11,S21,17.964912517714293,S23,21.67486820339644,3.7099556856821465,TRUE
322250.5,4312605.5,CRBU,146.17996215820312,0,S09.a,S09.a,6.779941610979611,S10.a,6.937655722237818,0.15771411125820745,FALSE
330127.5,4310503.5,CRBU,135.07667541503906,0,S05.a,S04.a,12.235777467562048,M03,12.451061407000095,0.2152839394380468,TRUE
323679.5,4309503.5,CRBU,132.21255493164062,0,S01.a,S10.a,10.683076305004077,S06.b,10.820462476474805,0.1373861714707285,TRUE
331715.5,4313587.5,CRBU,146.13067626953125,0,S12,S12,13.426543428914954,S06.b,13.824112099432615,0.39756867051766065,TRUE
332940.5,4311362.5,CRBU,133.6863555908203,0,S02.a,S10.a,6.201000624369541,S10.b,6.245582427462767,0.04458180309322657,FALSE
319670.5,4302770.5,CRBU,144.06170654296875,0.2930000126361847,S06.b,S06.b,9.910901538930904,S10.b,10.018309117676282,0.10740757874537721,TRUE
319817.5,4303257.5,CRBU,145.64120483398438,0,S12,S12,16.079516460367525,M01,16.70513955734776,0.6256230969802345,TRUE
327208.5,4322068.5,CRBU,162.06454467773438,0,S12,S24.a,21.8863114726415,S24.b,21.899645373317732,0.013333900676233412,TRUE
324058.5,4320617.5,CRBU,174.93658447265625,0,S12,S12,12.616190481711815,S08.a,13.027569532563167,0.41137905085135174,TRUE
318202.5,4316509.5,CRBU,180.73617553710935,0,Artemisia tridentata,S16,60.33532383408284,S25,60.642137559660384,0.30681372557754116,TRUE
321166.5,4318938.5,CRBU,181.8354034423828,0,S12,S12,12.589181880333408,S08.a,13.140691418323664,0.5515095379902561,TRUE
325610.5,4321365.5,CRBU,182.84950256347656,0,Juniperus sp.,S16,172.72880923910006,S25,174.38820857097727,1.6593993318772107,TRUE
323691.5,4317557.5,CRBU,172.9052276611328,0,S07,S21,27.849739433842508,S23,30.08542355186366,2.235684118021151,TRUE
317799.5,4314734.5,CRBU,185.94412231445312,0,S12,M01,17.176625877099237,S08.a,17.353878434669912,0.17725255757067515,TRUE
325910.5,4322416.5,CRBU,179.8809051513672,0,S12,S14,18.64482173891462,S12,19.10970023768171,0.4648784987670922,TRUE
322319.5,4322986.5,CRBU,163.5404815673828,0,S06.b,Osmorhiza occidentalis,11.868139683728337,S06.b,11.916816023138656,0.0486763394103189,TRUE
317616.5,4308062.5,CRBU,174.3809814453125,0,S07,S09.a,8.368937988976716,M02,8.854660192242742,0.48572220326602533,TRUE
323400.5,4300686.5,CRBU,171.0247344970703,0,S12,S12,20.679906625236843,M01,21.07902572150471,0.39911909626786723,TRUE
317931.5,4322905.5,CRBU,181.8203125,0,S12,S13.b,27.286855453224195,S25,27.308458624085414,0.021603170861219212,TRUE
321250.5,4317458.5,CRBU,172.71353149414062,0,Juniperus sp.,S21,22.243488650323343,Ribes sp.,24.67905889185761,2.4355702415342684,TRUE
323319.5,4321119.5,CRBU,176.8957977294922,0,S21,S21,89.76325186334064,S16,93.77349479083843,4.010242927497785,TRUE
324838.5,4323419.5,CRBU,161.36740112304688,0,M02,M02,7.466910698299126,Ligusticum porteri,7.868578310149399,0.40166761185027333,TRUE
319928.5,4316446.5,CRBU,171.42828369140625,0,S12,S12,21.572863081688695,S25,23.05227026542731,1.4794071837386156,TRUE
319820.5,4320782.5,CRBU,188.904052734375,0,S14,S14,16.925051689401283,S12,17.389873878547274,0.46482218914599116,TRUE
320979.5,4305692.5,CRBU,168.96707153320312,0,M01,M01,14.731746553954753,S08.a,14.82685527297801,0.09510871902325668,TRUE
329265.5,4321560.5,CRBU,171.75038146972656,0,S20,S20,22.18001675943488,M01,23.448625744647345,1.2686089852124631,TRUE
329946.5,4317734.5,CRBU,170.0365447998047,0,S12,S24.a,25.178732974832236,S24.b,25.584428672768645,0.4056956979364088,TRUE
321325.5,4317665.5,CRBU,175.9464569091797,0,M01,S08.a,11.723247052883755,S12,11.835364306323495,0.11211725343973988,TRUE
331829.5,4305764.5,CRBU,159.85464477539062,0,M01,S08.a,13.468826348031886,M01,13.576155867575224,0.10732951954333814,TRUE
317274.5,4309905.5,CRBU,176.6264190673828,0,S12,S12,11.583927850277126,S06.b,11.617875337988918,0.033947487711792235,TRUE
317187.5,4311314.5,CRBU,177.1837921142578,0,S12,M01,16.78578007265315,S12,16.78911024445238,0.0033301717992308966,TRUE
318487.5,4308797.5,CRBU,177.1152801513672,0.08799999952316284,S06.b,Betula glandulosa,10.514602262767864,M01,10.691162900450351,0.17656063768248664,TRUE
324052.5,4323005.5,CRBU,173.41798400878906,0,S12,S08.a,15.378694972454738,M01,15.426915003468068,0.04822003101332939,TRUE
322820.5,4324149.5,CRBU,161.213623046875,0.8399999737739563,Juniperus sp.,S07,8.379958496581468,Caltha leptosepala,9.407600952804398,1.0276424562229298,TRUE
320226.5,4300422.5,CRBU,163.196533203125,0,S07,Caltha leptosepala,5.235445019361344,S07,5.663469272282376,0.4280242529210323,FALSE
324364.5,4324503.5,CRBU,183.94786071777344,0,S12,S12,25.667891930889084,S24.a,25.82940433346697,0.16151240257788757,TRUE
317805.5,4309548.5,CRBU,178.6090545654297,0.3580000102519989,S21,S21,29.518070869974604,S23,30.223510824145503,0.7054399541708989,TRUE
318328.5,4314890.5,CRBU,181.7434844970703,0,S14,M01,17.057866439568667,S13.b,17.240871997783824,0.1830055582151573,TRUE
323244.5,4318062.5,CRBU,166.84808349609375,0,S12,S12,18.27146154291885,S08.a,18.9732383110618,0.701776768142949,TRUE
334949.5,4312620.5,CRBU,158.47210693359375,0,S08.a,Sambucus racemosa,13.709670382048047,M02,13.791940774450895,0.08227039240284739,TRUE
318886.5,4307812.5,CRBU,177.2744598388672,0,S06.b,S06.b,12.038598404450214,M02,12.079609389001266,0.04101098455105223,TRUE
319835.5,4323113.5,CRBU,178.478759765625,0,S12,M01,18.293366239831048,S07,18.68724505411103,0.39387881427998295,TRUE
322703.5,4322560.5,CRBU,157.11654663085938,0,M02,M02,7.075527305279187,Ligusticum porteri,7.352182302165948,0.2766549968867613,TRUE
324616.5,4314554.5,CRBU,161.12501525878906,0,S03,S03,6.692065231144383,Veratrum tenuipetalum,6.890051147500422,0.19798591635603913,FALSE
323715.5,4300167.5,CRBU,169.42623901367188,0,S12,M01,15.957999691562575,S12,16.130097123990456,0.172097432427881,TRUE
323454.5,4318338.5,CRBU,181.5343475341797,0,S12,S12,22.492098296262732,S25,22.546045946925194,0.053947650662461655,TRUE
323580.5,4323749.5,CRBU,185.38345336914065,0,Juniperus sp.,S16,193.8441327679177,S25,195.3972458898615,1.5531131219437952,TRUE
321823.5,4324332.5,CRBU,162.51498413085938,0,S09.a,S09.a,6.484365710439807,Ligusticum porteri,7.463909596671138,0.9795438862313315,FALSE
335286.5,4314710.5,CRBU,156.7474365234375,0,S08.a,M01,11.035669295922485,S10.a,11.111370318679814,0.07570102275732893,TRUE
320436.5,4319008.5,CRBU,179.61192321777344,0.7689999938011169,S14,S14,9.548874802150515,S06.b,11.205427063211769,1.656552261061254,TRUE
319577.5,4322737.5,CRBU,174.1349639892578,0,M01,S08.a,14.233515748494156,M02,14.76156487412062,0.5280491256264632,TRUE
325256.5,4322521.5,CRBU,175.7822265625,0,S12,S12,17.962243132238026,M01,18.09661149501781,0.13436836277978514,TRUE
324712.5,4323677.5,CRBU,173.01751708984375,0,M01,S08.a,14.572573113445058,M02,14.866297641308616,0.2937245278635583,TRUE
318793.5,4306959.5,CRBU,167.59434509277344,0,S12,M01,10.78768804392792,M02,10.90807902333572,0.12039097940779975,TRUE
321415.5,4324641.5,CRBU,157.06735229492188,0,M02,S09.a,6.302409820299437,M02,6.576718569723634,0.2743087494241969,FALSE
319097.5,4322353.5,CRBU,161.26126098632812,0,M01,S09.a,11.081239278389981,Salix wolfii,11.354940033537401,0.27370075514742,TRUE
319157.5,4315578.5,CRBU,170.92860412597656,0,S12,S12,12.463133194938406,S09.a,13.293301781186553,0.8301685862481474,TRUE
326034.5,4321314.5,CRBU,164.1893768310547,0,S12,S12,12.074994821458768,S06.b,12.695696285025312,0.6207014635665438,TRUE
322907.5,4313827.5,CRBU,156.97235107421875,0,M01,S10.a,10.164680492120025,M01,10.230836941365064,0.06615644924503883,TRUE
327397.5,4321704.5,CRBU,156.5235595703125,0,S10.a,S09.a,6.516581383651476,S10.c,6.6950370965616,0.1784557129101234,FALSE
326373.5,4320251.5,CRBU,156.77040100097656,0,S06.b,M02,7.5525029563373804,S06.b,7.6536468136074305,0.10114385727005004,TRUE
324025.5,4322791.5,CRBU,161.8108367919922,0,S12,M01,15.642376730497555,S08.a,15.798734957501619,0.15635822700406443,TRUE
320106.5,4310080.5,CRBU,158.91261291503906,0,S06.b,S06.b,11.230654876605097,Osmorhiza occidentalis,11.351565201362133,0.12091032475703578,TRUE
324544.5,4319551.5,CRBU,156.32394409179688,0,S09.a,S09.a,5.699685248951001,Ligusticum porteri,6.097277600736478,0.3975923517854776,FALSE
318418.5,4302692.5,CRBU,156.47999572753906,0,M01,M01,12.385766818513318,S06.b,12.432766606308999,0.0469997877956807,TRUE
332160.5,4315398.5,CRBU,171.22438049316406,0,M02,M02,9.076910493937614,S08.a,9.32175983390788,0.2448493399702656,TRUE
331250.5,4318305.5,CRBU,165.45025634765625,0,M01,M01,11.54909977524552,S13.b,12.254181542963817,0.7050817677182977,TRUE
323802.5,4322137.5,CRBU,155.81460571289062,0,S12,M02,14.024838615168829,S06.b,14.05940072499635,0.034562109827520615,TRUE
318718.5,4307632.5,CRBU,178.417724609375,0,M01,S08.a,12.619187449152033,M02,12.866639594262436,0.2474521451104028,TRUE
325235.5,4321794.5,CRBU,175.9454803466797,0,S12,S12,20.380021089201627,S24.a,21.075080463137365,0.695059373935738,TRUE
323826.5,4323335.5,CRBU,176.87286376953125,0,S12,S24.b,23.83625563761755,S24.a,24.059307008040456,0.22305137042290468,TRUE
319544.5,4300398.5,CRBU,169.35055541992188,0,S11,S07,12.679970397854726,S23,12.768737923713713,0.08876752585898728,TRUE
322721.5,4301410.5,CRBU,172.4980926513672,0,M01,S08.a,12.140234675681091,M01,12.381730946296138,0.24149627061504653,TRUE
320568.5,4320878.5,CRBU,186.7406768798828,0,S12,S14,20.14143278579249,M01,20.210906816754285,0.06947403096179627,TRUE
329451.5,4298815.5,CRBU,166.83926391601562,0,S12,S12,23.411287386935346,S25,24.195349262475933,0.784061875540587,TRUE
323334.5,4321716.5,CRBU,157.35972595214844,0,S12,M02,12.988060131441062,S08.a,13.086861930163892,0.09880179872283001,TRUE
326325.5,4322491.5,CRBU,181.26394653320312,0,S14,S14,14.514924704512008,S12,16.090509515765547,1.5755848112535382,TRUE
326187.5,4323476.5,CRBU,176.82858276367188,0,S12,S12,18.083090172473938,S24.a,18.127168886910876,0.04407871443693878,TRUE
326343.5,4322848.5,CRBU,178.1935272216797,0,S12,S12,15.259623320239308,S08.a,15.930723167024237,0.6710998467849283,TRUE
320814.5,4325335.5,CRBU,162.8817138671875,0,M02,M02,6.634831131170876,Osmorhiza occidentalis,6.63506104862198,2.2991745110356732e-4,FALSE
322757.5,4322827.5,CRBU,161.6981658935547,0,S06.b,M02,6.462526633005082,S09.a,6.591366449533364,0.12883981652828247,FALSE
321352.5,4321068.5,CRBU,176.27259826660156,0,M01,M01,15.093282307355501,S12,15.094026779421949,0.00074447206644734365,TRUE
317949.5,4312188.5,CRBU,167.33062744140625,0,M01,M01,12.71623496419499,S13.b,12.780860061912232,0.06462509771724179,TRUE
320247.5,4311536.5,CRBU,168.1684112548828,0,S14,S14,17.113486163219083,M01,17.18285484049535,0.06936867727626606,TRUE
324358.5,4324569.5,CRBU,185.01194763183597,0,S12,S12,13.14468994429551,M01,13.85360565371127,0.7089157094157592,TRUE
318076.5,4309332.5,CRBU,181.31565856933597,0,M02,M02,7.462707107465784,S08.a,7.511509156734279,0.048802049268495296,TRUE
323436.5,4315839.5,CRBU,164.2001495361328,0,Juniperus sp.,S21,70.13029349396864,S23,73.14432454121281,3.014031047244174,TRUE
319013.5,4320860.5,CRBU,186.5609436035156,0,S14,S14,15.056146393419564,M01,15.060914782756683,0.0047683893371193165,TRUE
331340.5,4319929.5,CRBU,183.72787475585935,0,Juniperus sp.,S16,190.91862003372052,S25,192.7427537683188,1.8241337345982913,TRUE
326982.5,4321248.5,CRBU,160.02261352539062,0,Juniperus sp.,M02,15.411440625793631,Sambucus racemosa,15.435378513768057,0.02393788797442653,TRUE
327103.5,4322212.5,CRBU,179.01820373535156,0,S12,S24.b,22.856948569346486,S24.a,22.927648371793506,0.07069980244702023,TRUE
316817.5,4301539.5,CRBU,164.3688201904297,0,S06.b,Osmorhiza occidentalis,8.511464032326812,Ligusticum porteri,8.755526879860517,0.244062847533705,TRUE
317154.5,4312836.5,CRBU,175.9598388671875,0,S12,S12,16.786109389822936,M01,16.901099322752003,0.1149899329290669,TRUE
317097.5,4313149.5,CRBU,184.36656188964844,0,S12,S14,18.641523564237318,S12,19.601621577303238,0.9600980130659202,TRUE
317823.5,4308752.5,CRBU,165.17193603515625,0,S06.b,S09.a,8.830822708896873,Salix other,9.001255749093614,0.1704330401967411,TRUE
327187.5,4321398.5,CRBU,158.1389617919922,0,S06.b,M02,10.729245495014293,S09.a,10.913395077850163,0.1841495828358699,TRUE
324247.5,4324107.5,CRBU,176.32794189453125,0,S12,S08.a,14.835550010557077,S12,15.16415280332897,0.32860279277189264,TRUE
328742.5,4319035.5,CRBU,175.92152404785156,0,Juniperus sp.,M01,13.343566994468123,S07,14.002929004300533,0.6593620098324102,TRUE
319442.5,4306515.5,CRBU,171.4928436279297,0,S12,S12,10.726018277613866,Sambucus racemosa,11.412811014226987,0.6867927366131212,TRUE
328958.5,4299989.5,CRBU,155.7180938720703,0,S12,S12,18.467422990151896,S25,19.06807441582171,0.6006514256698132,TRUE
320769.5,4320749.5,CRBU,180.5361175537109,0,S14,S14,11.6432551043823,M01,12.033108706170195,0.38985360178789463,TRUE
318754.5,4309932.5,CRBU,178.80868530273438,0,S06.b,M02,12.102275894717,S08.a,12.112558622432662,0.010282727715662077,TRUE
328871.5,4316557.5,CRBU,162.96551513671875,0.6119999885559082,Salix wolfii,Betula glandulosa,8.993104624652664,Salix other,9.59359131077904,0.6004866861263753,TRUE
321688.5,4317890.5,CRBU,175.0996856689453,0,M01,M01,11.118804574635439,S12,11.652402725648118,0.5335981510126793,TRUE
326544.5,4322473.5,CRBU,179.66909790039062,0,S12,S21,16.34594942725976,S23,16.863300302865998,0.5173508756062368,TRUE
323499.5,4312440.5,CRBU,157.00326538085938,0,S06.b,M01,12.549085914518297,M02,12.640100838771858,0.09101492425356028,TRUE
319445.5,4324155.5,CRBU,161.30108642578125,0,S12,S24.b,23.611727877204974,S24.a,24.08691633566995,0.47518845846497726,TRUE
321367.5,4320839.5,CRBU,170.50830078125,0,S12,S12,17.36415524575343,M01,17.61367781107029,0.2495225653168589,TRUE
328580.5,4321608.5,CRBU,172.15377807617188,0,S12,S12,16.590531878862674,S08.a,17.528446465823937,0.9379145869612628,TRUE
321307.5,4316902.5,CRBU,158.75746154785156,0,S09.a,S09.a,5.464924427120177,Ligusticum porteri,5.995374587024181,0.5304501599040039,FALSE
328586.5,4319695.5,CRBU,171.7765655517578,0,S09.a,S09.a,6.581512880026944,M02,7.360816831744728,0.7793039517177842,FALSE
326160.5,4320863.5,CRBU,164.63992309570312,0,M02,S09.a,5.524575038526669,Ligusticum porteri,5.609507096657731,0.08493205813106197,FALSE
318235.5,4310017.5,CRBU,180.57618713378903,0,M01,M01,12.012442673556995,S07,12.363967320640763,0.3515246470837674,TRUE
324907.5,4313698.5,CRBU,161.92449951171875,0,S12,M01,14.192922351961519,S12,14.464208660334847,0.27128630837332857,TRUE
320292.5,4323707.5,CRBU,164.92837524414062,0,S12,M01,19.102254646230666,S08.a,19.29237053233194,0.1901158861012746,TRUE
324826.5,4321821.5,CRBU,166.79049682617188,0,S12,S09.a,9.374384348204634,S12,9.389956875919287,0.015572527714653006,TRUE
319940.5,4325422.5,CRBU,155.93580627441406,0,M02,M02,6.709713102428246,Osmorhiza occidentalis,6.747593697159556,0.03788059473130989,FALSE
318019.5,4307044.5,CRBU,166.40447998046875,0,S12,S12,15.15306004405313,M01,16.95771588046266,1.8046558364095322,TRUE
323625.5,4322161.5,CRBU,158.9227752685547,0,S06.b,S12,14.567425626407532,S06.b,14.73450745967425,0.16708183326671744,TRUE
323217.5,4316215.5,CRBU,175.2810821533203,0,S25,S24.b,20.953876131414525,S24.a,21.62081200208151,0.6669358706669861,TRUE
321433.5,4320674.5,CRBU,171.74337768554688,0,S12,S12,13.125965843879385,M01,13.6722202851972,0.5462544413178154,TRUE
320484.5,4314251.5,CRBU,156.7654571533203,0,S12,S24.b,18.231522743788755,S24.a,18.579337332627734,0.347814588838979,TRUE
319400.5,4306662.5,CRBU,164.27090454101562,0,S12,S12,17.06741008326746,S01.b,19.098527742815374,2.0311176595479132,TRUE
325898.5,4320986.5,CRBU,166.7734375,0,S12,S08.a,12.624581667696354,S12,12.709200573878949,0.0846189061825946,TRUE
319544.5,4306518.5,CRBU,171.0138397216797,0,M01,S08.a,12.0056181135626,M01,12.23504432771711,0.22942621415451114,TRUE
325460.5,4322221.5,CRBU,176.5189666748047,0,S08.a,S08.a,13.244051173105236,S07,13.466852638864978,0.22280146575974236,TRUE
319103.5,4314017.5,CRBU,159.37928771972656,0,S06.b,S09.a,7.954851143853143,S10.a,8.163874300831392,0.20902315697824836,TRUE
324469.5,4322725.5,CRBU,156.46669006347656,0,S06.b,M02,7.089981462343895,Ligusticum porteri,7.438222164704176,0.3482407023602816,TRUE
320829.5,4310773.5,CRBU,155.1934051513672,0,S12,M02,13.309920632057466,S12,13.346885865623152,0.03696523356568626,TRUE
323103.5,4316452.5,CRBU,176.4685821533203,0,S12,S12,19.990788078893083,S24.b,20.681850529088322,0.6910624501952398,TRUE
325178.5,4322233.5,CRBU,179.1098175048828,0,S12,S12,18.578772021942783,S24.b,18.873054344967276,0.2942823230244933,TRUE
326244.5,4323446.5,CRBU,181.81881713867188,0,S12,S24.a,18.1646673301122,S24.b,18.234222688185852,0.06955535807365365,TRUE
323592.5,4317980.5,CRBU,172.35205078125,0,S12,S12,30.474058902001506,S08.a,32.17818418506342,1.7041252830619165,TRUE
322577.5,4305722.5,CRBU,164.8087615966797,0,M01,M01,16.327180920768676,S13.b,16.60889792054188,0.28171699977320586,TRUE
326718.5,4322575.5,CRBU,182.72874450683597,0,S12,S12,15.790072747794486,S14,15.936691314842072,0.1466185670475859,TRUE
319796.5,4300146.5,CRBU,164.26747131347656,0,S15,S10.c,8.220127271408108,S10.a,8.35109507206372,0.1309678006556112,TRUE
325496.5,4324278.5,CRBU,169.25173950195312,0,S07,Salix other,10.289353368769367,Salix wolfii,10.398094233988827,0.10874086521945969,TRUE
333727.5,4314632.5,CRBU,179.60348510742188,0,S06.b,M02,10.190539847197172,S08.a,10.398560476201348,0.20802062900417617,TRUE
319943.5,4304896.5,CRBU,161.41680908203125,0,M01,M01,9.608886591958699,M02,9.833705506861685,0.22481891490298622,TRUE
328049.5,4320806.5,CRBU,181.859130859375,0,Artemisia tridentata,S16,50.575886006356306,S25,51.4047880652488,0.8289020588924956,TRUE
321979.5,4325392.5,CRBU,182.2974548339844,0,S12,M01,16.40998003784429,S12,16.413645264527077,0.003665226682787903,TRUE
328790.5,4318884.5,CRBU,173.0724334716797,0,S12,S12,12.452196432289073,M01,12.835916501075468,0.38372006878639553,TRUE
322265.5,4322098.5,CRBU,158.90220642089844,0,S09.a,S09.a,8.409088718685572,Salix other,9.070537041871969,0.6614483231863968,TRUE
317301.5,4312959.5,CRBU,171.72366333007812,0,S12,S17,19.202616785434653,S20,19.24476824516589,0.042151459731236685,TRUE
330373.5,4317866.5,CRBU,184.38575744628903,0,S22,S14,19.076111454373613,S22,19.124195604575224,0.0480841502016105,TRUE
333691.5,4313281.5,CRBU,157.34632873535156,0,M01,S08.a,15.111481777657804,M01,15.307971277375659,0.19648949971785434,TRUE
329199.5,4321419.5,CRBU,185.7081756591797,0,Juniperus sp.,S16,185.82107624876707,S25,187.8065636351343,1.9854873863672253,TRUE
334736.5,4312350.5,CRBU,174.39244079589844,0,M01,M01,14.037147525439506,S08.a,14.577479159978688,0.5403316345391822,TRUE
325898.5,4314365.5,CRBU,165.53558349609375,0,S12,S12,22.862000963077342,S24.a,23.67420468048133,0.8122037174039889,TRUE
322226.5,4307179.5,CRBU,165.2478790283203,0,Juniperus sp.,S21,43.47938722411656,S23,46.70414090819761,3.224753684081051,TRUE
325166.5,4324185.5,CRBU,174.79808044433594,0,S06.b,S08.a,8.424688633677825,M02,8.710646886062348,0.285958252384523,TRUE
322361.5,4302125.5,CRBU,166.28622436523438,0,S07,M01,10.2179240388937,S10.a,10.317234436957971,0.09931039806427044,TRUE
321226.5,4325584.5,CRBU,167.63687133789062,0,S09.a,S09.a,7.673675981399627,S07,7.894803751450471,0.2211277700508445,TRUE
317583.5,4312773.5,CRBU,174.58493041992188,0,M01,M01,14.810622765110624,S08.a,15.039818304489513,0.22919553937888892,TRUE
324532.5,4319812.5,CRBU,156.10891723632812,0,S09.a,S09.a,5.283094921879819,Ligusticum porteri,6.436062322146762,1.1529674002669434,FALSE
324769.5,4321860.5,CRBU,167.3246612548828,0,M02,S09.a,6.087241104163659,M02,6.738501835786998,0.6512607316233394,FALSE
319538.5,4317758.5,CRBU,170.26571655273438,0,S12,S12,14.804718392349882,M01,15.686726349112883,0.882007956763001,TRUE
324043.5,4318020.5,CRBU,170.98434448242188,0,M02,M02,9.50626776066692,Osmorhiza occidentalis,9.705019679232123,0.19875191856520225,TRUE
321901.5,4306464.5,CRBU,170.66114807128906,0,M01,M01,10.70584979066271,S12,11.405818288536434,0.6999684978737246,TRUE
318226.5,4321665.5,CRBU,188.1202392578125,0,S14,S14,15.498995590160773,M01,15.721346101961608,0.2223505118008351,TRUE
324913.5,4322374.5,CRBU,174.1264190673828,0,S08.a,S08.a,11.976088166624077,S14,12.02239457343128,0.04630640680720255,TRUE
317583.5,4311938.5,CRBU,173.25755310058594,0,S14,M01,16.210130393815525,S14,16.71117732799613,0.5010469341806036,TRUE
319655.5,4308362.5,CRBU,162.6063232421875,0,M01,M01,12.931030121141763,S08.a,13.144443591577902,0.213413470436139,TRUE
318925.5,4311413.5,CRBU,157.1106414794922,0,S06.b,S10.a,7.973336429790556,S10.c,8.074789430053318,0.1014530002627625,TRUE
322613.5,4313953.5,CRBU,155.8720245361328,0,S21,S21,55.62526700527807,S23,59.904581770211195,4.279314764933126,TRUE
319391.5,4317785.5,CRBU,174.22390747070312,0,S06.b,M01,9.760257183022873,S06.b,10.13073686766442,0.37047968464154657,TRUE
318988.5,4301137.5,CRBU,161.65870666503906,0,M01,M01,9.725523349631128,S10.a,10.01143622852846,0.2859128788973315,TRUE
322100.5,4314941.5,CRBU,156.8927764892578,0,M02,S09.a,6.1318475450801255,Ligusticum porteri,6.582476552492307,0.45062900741218126,FALSE
324265.5,4315458.5,CRBU,166.604248046875,0,S21,S21,11.49392439918754,S23,13.510528385844445,2.0166039866569054,TRUE
323655.5,4320839.5,CRBU,170.89724731445312,0,S14,S08.a,14.014915129236146,M02,14.317528556387831,0.3026134271516856,TRUE
323709.5,4299683.5,CRBU,159.52072143554688,0,M01,M01,13.953459228790283,S12,14.076025248592371,0.12256601980208792,TRUE
318307.5,4318998.5,CRBU,174.3838348388672,0,M01,M01,10.586200361344188,Sambucus racemosa,10.99986392776545,0.41366356642126156,TRUE
321262.5,4306755.5,CRBU,182.23910522460935,0,M01,S08.a,8.996460693415578,M02,9.695332365047372,0.6988716716317942,TRUE
325256.5,4323635.5,CRBU,166.37478637695312,0,M02,M02,8.20460523610564,Ligusticum porteri,8.435369037780177,0.23076380167453614,TRUE
322640.5,4301518.5,CRBU,165.81033325195312,0,S12,M01,15.75035910765901,S08.a,15.913589637660248,0.163230530001238,TRUE
331886.5,4314545.5,CRBU,165.2013397216797,0,S12,S12,21.880741296007187,S24.a,22.725374600418636,0.8446333044114489,TRUE
322952.5,4322536.5,CRBU,163.6372833251953,0,M02,M02,7.727162215213114,Ligusticum porteri,7.974036131839529,0.24687391662641556,TRUE
321811.5,4325605.5,CRBU,187.5694274902344,0,S12,S14,18.187188762370667,S24.a,19.17737531338999,0.990186551019324,TRUE
319340.5,4321272.5,CRBU,180.6461334228516,0,M02,S09.a,9.65789129837792,Ligusticum porteri,10.13707445655473,0.47918315817680934,TRUE
322343.5,4324473.5,CRBU,168.76187133789062,0,S09.a,S09.a,7.588765149666352,Sambucus racemosa,7.624016592285348,0.035251442618996265,TRUE
322316.5,4316944.5,CRBU,169.0740966796875,0,S20,S20,42.394469655344835,S17,43.374285918428996,0.9798162630841603,TRUE
322019.5,4316575.5,CRBU,170.4984893798828,0,S12,S21,10.91556807801369,S12,12.133728079246877,1.218160001233187,TRUE
318997.5,4309887.5,CRBU,163.32391357421875,0,S21,S21,44.64948189406503,S23,48.21247520803539,3.5629933139703596,TRUE
317529.5,4305812.5,CRBU,163.44850158691406,0,S23,S11,26.967665075452885,S23,27.15250712741601,0.1848420519631233,TRUE
326754.5,4321761.5,CRBU,157.6440887451172,0,S21,S21,30.403633921079994,S23,33.04314824150605,2.639514320426059,TRUE
329115.5,4320230.5,CRBU,183.1863555908203,0,S14,S14,14.374065139296086,M01,14.93309823818415,0.5590330988880652,TRUE
319793.5,4315641.5,CRBU,173.87704467773438,0,S12,S12,18.839223329468062,S25,19.5643404417922,0.7251171123241384,TRUE
325055.5,4324179.5,CRBU,173.8614044189453,0,S06.b,M02,10.875960819289421,S08.a,10.950870344707822,0.07490952541840024,TRUE
317778.5,4316329.5,CRBU,182.52609252929688,0,S12,S12,13.513380282751278,M01,14.126493057218847,0.6131127744675684,TRUE
319598.5,4314749.5,CRBU,162.17677307128906,0,S08.a,M01,9.475177426405956,M02,9.538261107282235,0.06308368087627869,TRUE
321448.5,4317524.5,CRBU,178.73472595214844,0,M01,M01,13.068862776019094,S08.a,13.129938574263921,0.06107579824482734,TRUE
326175.5,4323332.5,CRBU,172.1737518310547,0,S07,M02,7.450780976057658,S09.a,7.461149873741417,0.010368897683759037,TRUE
319409.5,4317530.5,CRBU,182.463134765625,0,S14,S16,16.205580763398583,S14,18.661477055956823,2.45589629255824,TRUE
332565.5,4314962.5,CRBU,164.7662353515625,0,M01,S08.a,11.882628372864723,Sambucus racemosa,12.386079814600308,0.5034514417355851,TRUE
326760.5,4322635.5,CRBU,183.9929962158203,0,S11,S16,19.410221101879806,S11,30.707544529220023,11.297323427340217,TRUE
318523.5,4308881.5,CRBU,177.20401000976562,0,M01,M01,10.750746724275215,S06.b,11.22530275523942,0.4745560309642052,TRUE
319991.5,4311890.5,CRBU,160.05404663085938,0,S11,S21,20.088259067355523,S23,23.029974884944465,2.9417158175889426,TRUE
325997.5,4322569.5,CRBU,181.48501586914065,0,S14,S14,17.614900960122363,S22,18.04418573358202,0.4292847734596563,TRUE
319892.5,4322884.5,CRBU,175.72743225097656,0,Juniperus sp.,M01,16.680524711419253,S08.a,16.89419397702312,0.213669265603869,TRUE
317244.5,4300062.5,CRBU,167.9333953857422,0,S12,S12,17.588209640989934,M01,18.765499447201368,1.1772898062114336,TRUE
329106.5,4320335.5,CRBU,180.48968505859372,0,S06.b,S07,14.470825419860637,M01,14.508345810011537,0.037520390150900695,TRUE
321790.5,4310482.5,CRBU,157.09400939941406,0,S06.b,M02,9.960713920264766,S06.b,10.027434694120196,0.06672077385542963,TRUE
323031.5,4305491.5,CRBU,158.12994384765625,0,M01,S13.b,12.76642699665269,M01,13.402395389137245,0.6359683924845552,TRUE
319370.5,4310674.5,CRBU,165.36561584472656,0.8519999980926514,Salix boothii,Salix boothii,9.616965899884239,Salix other,9.761792947167631,0.14482704728339257,TRUE
318625.5,4311926.5,CRBU,163.09226989746094,4.973999977111816,S07,S07,11.09879108621453,Juniperus sp.,11.454610056328406,0.35581897011387653,TRUE
322250.5,4306149.5,CRBU,164.13369750976562,0,S13.b,S17,18.82200466322158,S13.b,19.42598565941902,0.6039809961974392,TRUE
319901.5,4315494.5,CRBU,175.1952362060547,0,M01,M01,12.700796380630349,S14,13.623152908149743,0.9223565275193941,TRUE
317523.5,4312239.5,CRBU,175.37286376953125,0,S06.b,M02,7.984538730811045,S07,7.989653169438511,0.005114438627465745,TRUE
320583.5,4312443.5,CRBU,165.27783203125,0,S08.a,M01,12.29378627468233,M02,12.493769680096348,0.19998340541401838,TRUE
324988.5,4323614.5,CRBU,162.91050720214844,0,S06.b,M02,9.293022347637697,S08.a,9.38069617305383,0.08767382541613244,TRUE
326235.5,4314347.5,CRBU,170.7562713623047,0,Artemisia tridentata,S25,33.451119692461056,S12,33.49477599411874,0.04365630165768408,TRUE
319895.5,4316125.5,CRBU,172.1408233642578,0,M01,M01,13.123963768804233,S12,13.480950801431367,0.35698703262713494,TRUE
334289.5,4316857.5,CRBU,182.90516662597656,0,M01,S08.a,17.42435283349729,M01,17.782193340052057,0.3578405065547656,TRUE
322274.5,4315203.5,CRBU,161.4978790283203,0,Salix wolfii,S21,18.58654650551715,S23,22.109826038686748,3.5232795331695996,TRUE
316175.5,4308869.5,CRBU,182.6939239501953,0,M01,S08.a,14.583986849657082,S07,14.924293386005608,0.3403065363485265,TRUE
319529.5,4321827.5,CRBU,177.49195861816406,0,S12,S14,16.363831204269843,S12,16.51952316183852,0.1556919575686777,TRUE
324550.5,4320986.5,CRBU,184.55203247070312,0,S14,S14,18.1551213697068,Caltha leptosepala,18.993228920123126,0.8381075504163249,TRUE
324244.5,4316470.5,CRBU,161.7776336669922,0,S06.b,M01,11.853422488499032,S12,11.85572816140794,0.002305672908908818,TRUE
319295.5,4312398.5,CRBU,161.372314453125,0,S08.a,M01,11.230933049324836,S08.a,11.314413772827324,0.08348072350248792,TRUE
324010.5,4324179.5,CRBU,174.41969299316406,0,S12,S08.a,14.995142783087697,M02,15.42871413206761,0.43357134897991223,TRUE
324421.5,4324668.5,CRBU,182.478759765625,0,S12,S12,14.751719663016459,M01,14.795122548544152,0.04340288552769245,TRUE
332472.5,4314947.5,CRBU,174.36968994140625,0,Ribes sp.,S07,9.091246836219412,Sambucus racemosa,9.128595229277602,0.037348393058190155,TRUE
325064.5,4314284.5,CRBU,155.67913818359375,0,S07,S09.a,7.461896018113091,M02,7.6755702542675435,0.21367423615445258,TRUE
323307.5,4315071.5,CRBU,157.52305603027344,0,S06.b,S08.a,9.706483273393893,M02,9.73259712764632,0.026113854252427515,TRUE
317454.5,4307998.5,CRBU,171.43899536132812,0,M02,Corydalis caseana,6.331517298212286,Ligusticum porteri,6.3682999896018675,0.03678269138958168,FALSE
319850.5,4312467.5,CRBU,164.7130584716797,0,M01,S13.b,14.175841873834012,M01,14.389203275257975,0.21336140142396331,TRUE
324796.5,4316440.5,CRBU,155.41311645507812,0,S06.b,M02,11.23627436318086,Ligusticum porteri,11.46286410112762,0.2265897379467603,TRUE
330385.5,4318248.5,CRBU,169.59751892089844,0,S12,S12,23.755178110165115,S25,24.422285459460404,0.6671073492952893,TRUE
318439.5,4311674.5,CRBU,162.80029296875,0,M01,S13.b,12.056439700503729,M01,12.170280068292605,0.1138403677888764,TRUE
321283.5,4318380.5,CRBU,175.2561798095703,0,S12,S12,16.329207130574844,M01,16.5176550293055,0.18844789873065793,TRUE
322046.5,4314965.5,CRBU,155.92852783203125,0,M02,M02,10.469706712927419,S08.a,10.66204735381171,0.19234064088429115,TRUE
334568.5,4311902.5,CRBU,159.70835876464844,0,S12,S08.a,15.25004879922704,S12,15.334800589985022,0.08475179075798245,TRUE
321376.5,4316017.5,CRBU,156.99490356445312,0,S03,S21,28.73537376107098,S23,32.40167493784148,3.666301176770496,TRUE
323763.5,4321806.5,CRBU,164.73622131347656,0,M01,M02,14.013940842258782,S08.a,14.053631441752524,0.039690599493741985,TRUE
325211.5,4314482.5,CRBU,159.88986206054688,0,S12,M01,18.87348150435164,S12,19.012064906079488,0.13858340172784622,TRUE
318259.5,4307890.5,CRBU,169.07699584960938,0,M01,M01,10.924382100133187,S12,11.480317495646277,0.5559353955130906,TRUE
318457.5,4316785.5,CRBU,182.08436584472656,0,S12,S12,14.643569652891735,M01,14.865169992938633,0.22160034004689777,TRUE
324928.5,4324200.5,CRBU,172.6501922607422,0,S12,S12,14.762205864622613,S08.a,15.1260957884192,0.36388992379658625,TRUE
319553.5,4313272.5,CRBU,171.98794555664062,0,S11,S11,12.372943065805453,S16,13.466074588394637,1.093131522589184,TRUE
323340.5,4323719.5,CRBU,179.78346252441406,0,Juniperus sp.,S16,193.86714396608724,S25,195.26623240638207,1.3990884402948325,TRUE
317784.5,4307149.5,CRBU,171.105712890625,0,S12,S12,16.238506510744013,M01,17.665427007263588,1.4269204965195748,TRUE
323427.5,4301068.5,CRBU,176.186767578125,0,S12,S12,15.233038607396445,S05.a,16.36898293538982,1.135944327993375,TRUE
318016.5,4307878.5,CRBU,175.88150024414062,0,S12,S12,16.479379550400296,M01,18.06268654968521,1.5833069992849147,TRUE
321712.5,4324368.5,CRBU,162.58990478515625,0,M02,S09.a,6.316050722889416,M02,6.488721071716275,0.17267034882685905,FALSE
325133.5,4322359.5,CRBU,176.95919799804688,0,S12,S12,17.731765488611867,M01,17.98942674787782,0.2576612592659515,TRUE
322547.5,4323866.5,CRBU,170.10592651367188,0,M02,M02,10.407497016225593,S08.a,10.632041062161626,0.2245440459360335,TRUE
324793.5,4323950.5,CRBU,175.2474365234375,0,S12,S12,15.596699766245361,S08.a,15.710676761950673,0.11397699570531117,TRUE
332133.5,4306455.5,CRBU,158.21060180664062,0,Juniperus sp.,S21,24.332116358477172,S23,25.491975642318888,1.1598592838417154,TRUE
327136.5,4322863.5,CRBU,179.60519409179688,0,S12,S12,20.17702819251617,S24.a,20.365418055717264,0.1883898632010954,TRUE
322247.5,4320398.5,CRBU,165.52191162109375,0,S08.a,S12,10.901478946820935,M01,10.99430803862833,0.09282909180739374,TRUE
320148.5,4325371.5,CRBU,160.28311157226562,0,M02,M02,8.90759685758211,S06.b,9.04444368328013,0.13684682569802042,TRUE
316781.5,4312509.5,CRBU,182.337158203125,0.3930000066757202,M02,S08.a,10.075457897778069,M02,10.332157690179068,0.25669979240099927,TRUE
322715.5,4316578.5,CRBU,170.24139404296875,0,M01,M01,11.635218190297882,Sambucus racemosa,11.944341971842118,0.30912378154423514,TRUE
324829.5,4323056.5,CRBU,162.81051635742188,0,S06.b,M02,7.677669232436506,S09.a,7.822036534785709,0.14436730234920248,TRUE
328319.5,4321389.5,CRBU,155.73117065429688,0,S06.b,M02,8.345165176670964,S09.a,8.381851354131276,0.03668617746031266,TRUE
323622.5,4321896.5,CRBU,161.32530212402344,0,S06.b,M02,7.116378593068729,Osmorhiza occidentalis,7.3330854902515314,0.21670689718280212,TRUE
325601.5,4320752.5,CRBU,168.58673095703125,0,S12,S12,11.51893414897006,S09.a,12.231053518562902,0.7121193695928429,TRUE
319853.5,4322776.5,CRBU,170.0985870361328,0,S12,M01,15.323162538048999,S08.a,15.341427044875866,0.018264506826866977,TRUE
318547.5,4320326.5,CRBU,200.4110565185547,0,Salix boothii,S16,203.7093342586829,S17,205.5147244482147,1.8053901895318063,TRUE
321907.5,4317719.5,CRBU,180.26318359375,0,Juniperus sp.,S12,51.532329990568854,Salix boothii,51.88251028050501,0.350180289936155,TRUE
326355.5,4320641.5,CRBU,158.37413024902344,0,M02,M02,5.434796757682909,Ligusticum porteri,5.480173418694416,0.04537666101150695,FALSE
321274.5,4305002.5,CRBU,160.32798767089844,0,S12,S08.a,12.523576482397369,M01,12.591979943539723,0.06840346114235452,TRUE
317199.5,4311095.5,CRBU,176.7227783203125,0,S08.a,M01,9.436613262502386,S08.a,9.745931398870031,0.3093181363676454,TRUE
320073.5,4322380.5,CRBU,163.7482452392578,0,M02,S09.a,6.966948767867972,M02,7.467955978714551,0.5010072108465788,TRUE
324466.5,4320536.5,CRBU,172.22409057617188,0,S12,S12,11.20856497971149,S09.a,12.130178186482073,0.9216132067705836,TRUE
321808.5,4324095.5,CRBU,167.71835327148438,0,S09.a,S09.a,7.998532232477376,M02,8.050218582280298,0.05168634980292186,TRUE
324307.5,4319926.5,CRBU,160.510986328125,0,S23,S09.a,9.80555961780182,M02,9.833766643119093,0.028207025317273704,TRUE
317085.5,4311941.5,CRBU,175.97409057617188,0,S12,M01,15.349606661320482,S08.a,15.35052691488593,9.202535654466715e-4,TRUE
325226.5,4324125.5,CRBU,171.92193603515625,0,S12,S12,14.886181581141797,M02,15.778466747386684,0.8922851662448874,TRUE
317289.5,4312785.5,CRBU,174.1077117919922,0,S12,M01,15.01356183978646,S13.b,15.067499436107376,0.05393759632091566,TRUE
334184.5,4313302.5,CRBU,171.73228454589844,0,M01,M01,14.970366147494273,S08.a,15.198365665811872,0.22799951831759913,TRUE
325352.5,4313854.5,CRBU,156.6548309326172,0,S12,S12,17.653759305161554,S25,18.38606644903561,0.7323071438740563,TRUE
317208.5,4313239.5,CRBU,181.3615264892578,0,S12,S13.b,19.348229059584106,S20,19.63218385325859,0.2839547936744822,TRUE
321889.5,4323338.5,CRBU,159.67237854003906,0,S06.b,M02,8.5255977701666,S06.b,8.62432811662485,0.0987303464582503,TRUE
319172.5,4321506.5,CRBU,182.29153442382807,0,S12,S12,14.606917223657277,S14,16.493026911755184,1.886109688097907,TRUE
328253.5,4320413.5,CRBU,180.6389923095703,0,S12,S12,15.153793367365756,M01,16.082167252400655,0.9283738850348993,TRUE
333127.5,4313386.5,CRBU,162.7610321044922,0,S12,S12,12.001328742222258,S06.b,12.726899432340943,0.7255706901186851,TRUE
318820.5,4320815.5,CRBU,190.6780242919922,0,Artemisia tridentata,S16,52.78738229775779,S25,53.50983393249642,0.7224516347386327,TRUE
320079.5,4306005.5,CRBU,169.28929138183594,0,S12,M01,18.322392579217038,S12,18.615029123165225,0.2926365439481877,TRUE
319031.5,4317521.5,CRBU,184.6210174560547,0,S12,S14,19.068105926553734,S22,19.332132524376245,0.2640265978225109,TRUE
328388.5,4321509.5,CRBU,167.09307861328125,0,M02,M02,10.334288308907349,S09.a,10.492720287859264,0.1584319789519153,TRUE
324616.5,4321698.5,CRBU,160.6774139404297,0,M02,S09.a,6.499088541008635,M02,6.849552900250963,0.350464359242328,FALSE
333553.5,4313527.5,CRBU,159.54367065429688,0,S06.b,M02,11.31692583945177,Sambucus racemosa,11.510863015063567,0.19393717561179713,TRUE
324112.5,4322896.5,CRBU,158.0709991455078,0.10999999940395357,M02,M02,6.711940482848678,Ligusticum porteri,7.0395043007972005,0.32756381794852274,FALSE
322442.5,4314164.5,CRBU,155.0897674560547,0,S06.b,M01,12.527190055191884,M02,12.58151529000557,0.05432523481368534,TRUE
317697.5,4304974.5,CRBU,159.57579040527344,0,S06.b,S06.b,15.893419040163701,S12,16.083873784138174,0.19045474397447215,TRUE
328112.5,4321161.5,CRBU,179.21376037597656,0,S12,S14,13.158302076792237,S12,14.2402728649523,1.0819707881600618,TRUE
317370.5,4316608.5,CRBU,178.312255859375,0.1469999998807907,S07,S07,9.287902984731845,M02,9.397854052090608,0.1099510673587627,TRUE
320289.5,4300059.5,CRBU,163.38983154296875,0,S08.a,M01,11.662316640409841,S06.b,11.929872240829843,0.2675556004200015,TRUE
326000.5,4313500.5,CRBU,161.9984130859375,0,S12,S12,26.941725929181555,S25,27.706730087526527,0.765004158344972,TRUE
319079.5,4306338.5,CRBU,166.91346740722656,0,S21,S21,10.65820666158846,S15,12.27946119307033,1.6212545314818705,TRUE
317532.5,4303443.5,CRBU,157.1455841064453,0,Juniperus sp.,S07,12.275329202107068,S11,12.641872743665926,0.36654354155885827,TRUE
324235.5,4322464.5,CRBU,157.01170349121094,0,M02,M02,6.57610200712687,Ligusticum porteri,6.7596779243071135,0.18357591718024313,FALSE
319463.5,4322350.5,CRBU,166.72528076171875,0.1679999977350235,S12,S12,14.761113237342547,M01,15.533739831148827,0.7726265938062795,TRUE
319061.5,4309566.5,CRBU,161.48143005371094,0.15399999916553497,S12,S08.a,12.852754997636845,S07,13.224252889812558,0.3714978921757126,TRUE
323199.5,4313041.5,CRBU,158.74810791015625,0,M01,S07,7.650666387019406,M01,7.738609015260283,0.08794262824087706,TRUE
325160.5,4324332.5,CRBU,177.4010772705078,0,S12,M02,11.41135327374032,S12,11.513409684984856,0.10205641124453635,TRUE
325811.5,4299839.5,CRBU,155.07363891601562,0,S06.b,S02.b,8.126300976048553,S02.a,8.200865323334138,0.0745643472855857,TRUE
321118.5,4315722.5,CRBU,156.86834716796875,0,S06.b,M02,9.167065294131904,S09.a,9.183327225723362,0.01626193159145828,TRUE
325277.5,4322008.5,CRBU,183.0321807861328,0,S14,S14,16.350187747544165,S07,16.718336419187523,0.3681486716433575,TRUE
321667.5,4315479.5,CRBU,159.79515075683594,0,M01,M01,9.15911669197982,S10.a,9.287057310298984,0.1279406183191636,TRUE
323511.5,4317950.5,CRBU,177.3447723388672,0,Juniperus sp.,S12,23.079110659823204,S09.a,23.593973599438687,0.5148629396154831,TRUE
317433.5,4312650.5,CRBU,179.39085388183594,0,S14,S14,13.67526524616147,S11,14.470348348259934,0.7950831020984648,TRUE
326496.5,4321029.5,CRBU,164.5109405517578,0,S12,S12,13.020554897976554,M01,13.197380043207103,0.17682514523054849,TRUE
319373.5,4316971.5,CRBU,185.5504150390625,0,S14,M01,14.1820210864044,S12,14.435365224277641,0.25334413787324017,TRUE
319295.5,4317653.5,CRBU,177.13973999023438,0,S12,S12,12.831844551736507,M01,13.393284128258426,0.5614395765219182,TRUE
326115.5,4320179.5,CRBU,165.045654296875,0,S03,S03,4.664764195000791,Veratrum tenuipetalum,5.219846182571608,0.5550819875708166,FALSE
324358.5,4323164.5,CRBU,172.61131286621094,0,M01,M01,15.57319967379312,S08.a,15.948495960377427,0.375296286584307,TRUE
324133.5,4320671.5,CRBU,175.59201049804688,0,S12,S12,12.20572217828815,S08.a,12.320362384026572,0.11464020573842149,TRUE
322463.5,4321785.5,CRBU,162.46035766601562,0,S06.b,S09.a,9.251371277438727,M02,9.439305591755272,0.18793431431654462,TRUE
333754.5,4317869.5,CRBU,178.4420928955078,0,S12,S24.b,19.53338779818841,S12,19.537658884982438,0.004271086794027212,TRUE
319610.5,4313341.5,CRBU,165.87643432617188,1.2920000553131104,S12,M01,15.31612254672622,S08.a,15.445037494797575,0.12891494807135473,TRUE
326319.5,4322512.5,CRBU,181.09011840820312,0,S12,S16,16.414945906399677,S11,20.734541735675663,4.319595829275986,TRUE
329688.5,4317413.5,CRBU,176.35948181152344,0,S12,S12,17.716317078361595,S25,18.24096081676144,0.5246437383998455,TRUE
333469.5,4313563.5,CRBU,160.5906219482422,0,S12,S08.a,13.720268929476932,S12,13.727708272059418,0.007439342582486574,TRUE
321112.5,4318173.5,CRBU,176.11541748046875,0,M01,M01,13.207016339796708,S08.a,13.346798385949759,0.13978204615305145,TRUE
325466.5,4321410.5,CRBU,178.71868896484375,0,S12,S12,18.31396709049924,M01,19.056050356453447,0.7420832659542071,TRUE
322520.5,4316713.5,CRBU,166.36651611328125,0,M01,M01,13.84944432928974,M02,14.035328174525759,0.18588384523601853,TRUE
326142.5,4322710.5,CRBU,179.26589965820312,0,S12,S14,18.221914291709343,S24.a,18.350456251779608,0.1285419600702653,TRUE
321517.5,4318236.5,CRBU,169.266845703125,0,S12,S12,15.939276894391604,M01,15.988111334432515,0.04883444004091153,TRUE
319769.5,4310500.5,CRBU,158.22134399414062,0,S06.b,S06.b,14.700904427287831,S12,14.791831982928825,0.09092755564099342,TRUE
318997.5,4312179.5,CRBU,166.8805389404297,0,S22,S22,23.57913652352052,S25,24.306886710696038,0.7277501871755163,TRUE
320079.5,4305197.5,CRBU,165.64361572265625,0,S06.b,M02,10.242289256171864,Osmorhiza occidentalis,10.304406286662186,0.06211703049032202,TRUE
316481.5,4308863.5,CRBU,174.12841796875,0,S08.a,S08.a,12.091553887014268,M01,12.203405530509803,0.11185164349553567,TRUE
319256.5,4312359.5,CRBU,163.1309051513672,0,S12,S13.b,13.9438537519608,M01,14.08748065135896,0.14362689939816065,TRUE
317511.5,4309146.5,CRBU,188.06109619140625,0,S14,S14,18.210523028955226,S07,18.742412442568845,0.5318894136136194,TRUE
331529.5,4314656.5,CRBU,162.38665771484375,0,S12,S12,21.849316909876887,S24.a,22.03016705874575,0.18085014886886341,TRUE
326307.5,4320842.5,CRBU,160.7580108642578,0,M02,S09.a,7.845205358665048,M02,7.8819240341834735,0.03671867551842567,TRUE
319310.5,4312152.5,CRBU,182.57276916503903,0,M01,S13.b,12.911490604985389,M01,13.0670293126926,0.1555387077072119,TRUE
320040.5,4319167.5,CRBU,182.1285400390625,0,S12,S12,17.754551510746797,S14,19.378391721175237,1.6238402104284404,TRUE
319106.5,4314026.5,CRBU,159.37928771972656,0,S06.b,S10.a,7.767950499649304,S10.b,8.112577616661948,0.34462711701264404,TRUE
333169.5,4313440.5,CRBU,166.39956665039062,0,S12,S14,15.755203750258039,M01,16.03046331761156,0.27525956735352075,TRUE
331547.5,4318056.5,CRBU,162.48019409179688,0,S06.b,Osmorhiza occidentalis,8.613939694349527,M02,8.63521601656407,0.02127632221454334,TRUE
317688.5,4305977.5,CRBU,157.75148010253906,0,S12,M01,18.763403483071688,S12,18.83526582880693,0.07186234573524075,TRUE
321040.5,4324788.5,CRBU,162.16705322265625,0,S12,S12,14.491440005024089,S06.b,14.575581223700379,0.08414121867629021,TRUE
316454.5,4310008.5,CRBU,172.9945831298828,0,S12,S08.a,16.295371977973836,M01,16.677695389838338,0.38232341186450114,TRUE
317712.5,4308122.5,CRBU,165.18121337890625,0,S12,S09.a,10.017478332517518,S12,10.286316408153786,0.2688380756362676,TRUE
328760.5,4318575.5,CRBU,166.1787567138672,0,S12,S21,11.069829867256427,Ribes sp.,11.31848223759623,0.24865237033980314,TRUE
323298.5,4317101.5,CRBU,163.78414916992188,0.9950000047683716,Juniperus sp.,M01,14.813397498784886,S08.a,14.869040758134823,0.05564325934993697,TRUE
318721.5,4315290.5,CRBU,161.48167419433594,0,M01,M01,10.241994547660148,S10.b,11.06257820303643,0.8205836553762822,TRUE
328646.5,4316413.5,CRBU,157.86094665527344,0,S12,S12,18.742689664676803,S24.a,19.28064540511122,0.5379557404344162,TRUE
321007.5,4320293.5,CRBU,176.45565795898438,0,S12,S12,17.014832037636953,S25,18.145021885446766,1.1301898478098131,TRUE
326235.5,4323545.5,CRBU,177.13424682617188,0,S12,S12,17.81478699270782,S24.b,17.88000101671277,0.06521402400495191,TRUE
320991.5,4325254.5,CRBU,164.17013549804688,0,S12,S12,16.089822721723184,Sambucus racemosa,16.190533373999543,0.10071065227635856,TRUE
324073.5,4323860.5,CRBU,177.91326904296875,0,S14,S14,16.913200957611597,S07,17.28771563738284,0.37451467977124153,TRUE
319457.5,4317623.5,CRBU,172.15093994140625,0,M01,M01,12.441754871991023,S10.a,13.21009064271634,0.7683357707253169,TRUE
335478.5,4311692.5,CRBU,157.53594970703125,0,M01,S08.a,15.80469208895135,M01,16.037061158507672,0.23236906955632186,TRUE
327952.5,4322290.5,CRBU,188.6184234619141,0,Juniperus sp.,S16,196.53463749514657,S25,198.23930537923,1.7046678840834204,TRUE
323475.5,4324068.5,CRBU,187.32437133789065,0,S24.a,S14,19.63277523975596,S24.a,19.90240799831286,0.2696327585568987,TRUE
323916.5,4322380.5,CRBU,160.1793212890625,0,S06.b,M02,9.483721129645772,S08.a,9.821596306790935,0.3378751771451629,TRUE
323634.5,4322434.5,CRBU,166.4646759033203,0,S06.b,S08.a,13.42292798051056,M02,13.580778596599837,0.1578506160892772,TRUE
326766.5,4322557.5,CRBU,185.93463134765625,0,S14,S16,14.163000449979771,S14,25.91881512922909,11.755814679249317,TRUE
330448.5,4314755.5,CRBU,159.74940490722656,0,S08.a,S08.a,11.295915935697579,M01,11.326244746850406,0.030328811152827484,TRUE
317292.5,4309602.5,CRBU,183.7543182373047,0,S12,S12,15.681290833222757,M01,16.47257475394315,0.7912839207203923,TRUE
325484.5,4322575.5,CRBU,177.4698944091797,0,S12,S12,17.4047843937698,M01,17.469530682907024,0.06474628913722569,TRUE
325361.5,4322311.5,CRBU,179.04562377929688,0,S12,S14,17.509488040474146,M01,18.024194852347673,0.514706811873527,TRUE
323727.5,4313005.5,CRBU,155.03392028808594,0,S21,S21,11.003599657632035,S09.a,12.389368769906591,1.3857691122745557,TRUE
323940.5,4323455.5,CRBU,177.64012145996094,0,S12,S24.a,20.275549411143796,S24.b,20.47581396817608,0.20026455703228407,TRUE
325826.5,4320815.5,CRBU,172.05767822265625,0,S06.b,M02,11.186736306811904,S12,11.209081801126239,0.022345494314334857,TRUE
323709.5,4299644.5,CRBU,161.59713745117188,0,S12,S12,21.81556184369445,S25,22.05819472363466,0.24263287994021,TRUE
327163.5,4322044.5,CRBU,166.7386016845703,0.1420000046491623,S12,S12,15.42607521285902,S08.a,15.930253679077945,0.5041784662189244,TRUE
322517.5,4319311.5,CRBU,180.8360290527344,0,S12,S12,14.000765900401063,M01,15.540598438674884,1.5398325382738207,TRUE
333910.5,4317593.5,CRBU,182.36866760253903,0,S06.b,S07,7.957275690813089,Caltha leptosepala,8.105822723023275,0.14854703221018628,TRUE
320940.5,4304737.5,CRBU,168.84451293945312,0,S12,S22,20.116116629544006,S12,20.34894033270783,0.23282370316382384,TRUE
334055.5,4314719.5,CRBU,179.556884765625,4.103000164031982,Juniperus sp.,Juniperus sp.,14.103883900531986,S07,14.626030159387652,0.5221462588556651,TRUE
317769.5,4314386.5,CRBU,182.7172698974609,0,S12,S12,18.397107205712572,S14,18.822203391475178,0.4250961857626052,TRUE
320076.5,4308368.5,CRBU,160.73348999023438,0,S12,S12,10.435506408522455,M01,10.527879116997449,0.09237270847499346,TRUE
325712.5,4321605.5,CRBU,181.30813598632807,0,S12,S14,18.994242791641504,S24.a,19.31647956154065,0.3222367698991455,TRUE
334268.5,4314692.5,CRBU,174.26773071289062,0,M01,S14,11.87522502296483,S06.b,11.927072352851535,0.05184732988670504,TRUE
318475.5,4311944.5,CRBU,165.84767150878906,0,M01,M01,11.748097273182712,S08.a,12.26514820065552,0.517050927472809,TRUE
318652.5,4322845.5,CRBU,179.526611328125,0,S12,S06.b,10.804080077846566,S07,10.899498987746322,0.09541890989975599,TRUE
322934.5,4301302.5,CRBU,171.6611785888672,0,S12,M01,18.440147949251852,S22,18.476902994702762,0.03675504545091002,TRUE
321517.5,4316011.5,CRBU,160.48326110839844,0,S09.a,S09.a,4.755045089291733,Ligusticum porteri,6.038177026776887,1.2831319374851535,FALSE
319343.5,4310680.5,CRBU,165.1240692138672,1.0299999713897705,S06.b,M02,11.429111786768614,S06.b,11.527823797867399,0.09871201109878491,TRUE
329187.5,4320236.5,CRBU,179.20083618164062,0,M01,M01,10.396482681007333,S14,11.2800831201056,0.8836004390982666,TRUE
319094.5,4306848.5,CRBU,174.60479736328125,0,M01,Sambucus racemosa,8.147407648908834,M01,8.305588868205767,0.1581812192969334,TRUE
318892.5,4307041.5,CRBU,167.4002227783203,0,S12,S12,13.896592840798347,S01.a,15.086076738001106,1.1894838972027593,TRUE
332337.5,4314188.5,CRBU,161.7120819091797,0,S12,S12,25.623008183656133,M01,26.696685904827344,1.0736777211712116,TRUE
328043.5,4298713.5,CRBU,155.0668487548828,0,S06.b,S08.a,18.02397507255315,S14,18.047930985061726,0.023955912508576205,TRUE
321397.5,4317293.5,CRBU,158.88607788085938,0,M01,M01,9.448514895728987,M02,9.669858242932534,0.22134334720354687,TRUE
333931.5,4315095.5,CRBU,175.36444091796875,0,S12,S12,14.416473589307794,S08.a,14.509958603564854,0.09348501425706068,TRUE
319778.5,4306428.5,CRBU,173.039794921875,0,S12,S08.a,13.10887695708181,M01,13.145316601512803,0.03643964443099357,TRUE
320232.5,4323884.5,CRBU,162.49395751953125,0,S25,S25,31.469984657254145,S24.a,31.744514413816386,0.27452975656224154,TRUE
332904.5,4314143.5,CRBU,172.8610076904297,0,S20,S20,26.748149134334923,M01,28.223087981139344,1.4749388468044202,TRUE
318139.5,4302494.5,CRBU,158.50648498535156,0,M02,S09.a,6.55506984299478,Ligusticum porteri,6.8000243113071255,0.24495446831234524,FALSE
333748.5,4318038.5,CRBU,169.89892578125,0,M01,M01,13.929193961886007,M02,14.379604278480302,0.4504103165942954,TRUE
334361.5,4315416.5,CRBU,171.8036346435547,0,S14,S14,16.224831258471337,M01,16.324035759656866,0.09920450118552893,TRUE
319814.5,4315386.5,CRBU,178.1915283203125,0,M01,M01,11.310564304181865,S07,11.418288008037717,0.10772370385585184,TRUE
317595.5,4312311.5,CRBU,174.49586486816406,0,S06.b,S08.a,11.93425456719535,M02,12.021103916528938,0.08684934933358868,TRUE
321163.5,4321206.5,CRBU,188.45953369140625,0,S12,S12,21.37839544294064,M01,22.002710676549164,0.6243152336085238,TRUE
317523.5,4309152.5,CRBU,187.073486328125,0,S14,S14,16.423665738777046,S07,17.54886861342784,1.1252028746507925,TRUE
319772.5,4300122.5,CRBU,167.83346557617188,0,S06.b,S10.a,8.896581698799903,S10.c,9.144405976930644,0.24782427813074115,TRUE
321253.5,4318581.5,CRBU,175.91934204101562,0,S12,S08.a,18.03918321061591,S13.b,18.061217441898936,0.022034231283026173,TRUE
319313.5,4316470.5,CRBU,171.0771026611328,0,S12,S12,11.28113610881599,M01,11.846056531988488,0.5649204231724987,TRUE
319133.5,4304893.5,CRBU,162.74368286132812,0,S10.a,S10.c,5.874876096652284,S10.a,6.351589745643808,0.4767136489915238,FALSE
318505.5,4315266.5,CRBU,169.8048858642578,0,M01,M01,9.832271838889733,S06.b,10.808523475747874,0.9762516368581409,TRUE
319160.5,4323305.5,CRBU,177.2777557373047,0,S12,S07,11.001121172012367,Sambucus racemosa,11.15097929597236,0.14985812395999432,TRUE
320514.5,4314536.5,CRBU,165.29269409179688,0,M01,M01,9.417114629148388,S10.a,9.915434514432192,0.498319885283804,TRUE
323856.5,4316518.5,CRBU,165.44570922851562,0,S12,S24.b,19.20171632534937,S24.a,19.23935576020208,0.03763943485271071,TRUE
318916.5,4316488.5,CRBU,181.34786987304688,0,Juniperus sp.,S08.a,14.604384142183529,M01,14.68484267978992,0.08045853760639154,TRUE
319571.5,4323344.5,CRBU,175.71458435058594,0,Juniperus sp.,S22,20.159347271317863,S14,20.437341530635823,0.2779942593179605,TRUE
323313.5,4321455.5,CRBU,172.74514770507812,0,M03,M01,10.412368660123265,Salix wolfii,10.540007160272094,0.12763850014882827,TRUE
317133.5,4312884.5,CRBU,181.015869140625,0,S12,S08.a,13.430535175862328,S12,13.810706389731989,0.38017121386966046,TRUE
318172.5,4308806.5,CRBU,180.52999877929688,0,S14,M01,14.211192282912839,S14,14.87149454715302,0.6603022642401815,TRUE
319868.5,4305176.5,CRBU,161.45396423339844,0,Juniperus sp.,Salix planifolia,19.98037525192388,Salix wolfii,20.062491203449657,0.08211595152577544,TRUE
324000.5,4320542.5,CRBU,171.4305419921875,0,S12,M02,11.753404914478786,S08.a,11.77781657626326,0.02441166178447496,TRUE
318952.5,4316512.5,CRBU,186.67930603027344,0,S20,S22,19.884774265518942,S07,19.92349322573323,0.03871896021428611,TRUE
324682.5,4324131.5,CRBU,179.28680419921875,0,M01,S08.a,20.380468903130854,M01,20.486039720581793,0.1055708174509391,TRUE
320217.5,4320146.5,CRBU,181.83099365234372,0,M01,M01,12.587528113651665,S08.a,12.640184786518992,0.052656672867327003,TRUE
334118.5,4317476.5,CRBU,181.1490020751953,0,S12,S12,21.419785723618464,S08.a,21.451790315258545,0.032004591640081514,TRUE
323316.5,4319653.5,CRBU,171.70523071289062,0,S12,S12,12.350238770676704,S09.a,12.748191694361926,0.3979529236852226,TRUE
333532.5,4317350.5,CRBU,184.2841339111328,0,S14,S14,15.57765931774999,S07,16.848045223443794,1.2703859056938036,TRUE
319952.5,4305428.5,CRBU,166.92556762695312,0,S22,S22,20.30521071093656,M01,21.30148913338161,0.9962784224450516,TRUE
317598.5,4308002.5,CRBU,169.45045471191406,0,M02,M02,11.885497305965485,S08.a,12.147297249461754,0.26179994349626945,TRUE
320511.5,4307272.5,CRBU,171.8647918701172,0,M01,M01,13.53975870691496,S07,14.087360868551144,0.5476021616361848,TRUE
319043.5,4315791.5,CRBU,166.13153076171875,1.0950000286102295,M01,S09.a,9.659760003037125,M01,9.908841156311704,0.24908115327457914,TRUE
329151.5,4321452.5,CRBU,176.41610717773438,0,Salix boothii,S16,201.30894285791706,S17,203.28724261190183,1.9782997539847713,TRUE
323808.5,4319953.5,CRBU,155.6970672607422,0,S21,S21,30.569952389315993,S23,32.299313586450396,1.729361197134402,TRUE
322289.5,4316518.5,CRBU,175.60293579101562,0,S12,S12,16.158243159512054,S08.a,16.48694918788983,0.32870602837777696,TRUE
323658.5,4317431.5,CRBU,180.7664031982422,0,S12,S21,39.850702637583616,S23,43.118088355277585,3.267385717693969,TRUE
320490.5,4319404.5,CRBU,170.4955291748047,0,S14,S14,8.314289398395092,S10.c,9.175214915545427,0.8609255171503349,TRUE
327793.5,4321902.5,CRBU,160.9059295654297,0,S12,S12,19.014621115791723,S24.a,19.879882190290573,0.86526107449885,TRUE
335493.5,4312119.5,CRBU,169.70994567871094,0.2370000034570694,M02,M02,10.184048949654782,S08.a,10.29162872415714,0.10757977450235856,TRUE
324349.5,4323860.5,CRBU,167.5192413330078,0,M01,S08.a,12.56923095956923,M01,12.961573698694625,0.39234273912539486,TRUE
322403.5,4324302.5,CRBU,164.58993530273438,0,M02,S09.a,8.789507755260367,M02,8.92554460259045,0.13603684733008414,TRUE
322946.5,4316881.5,CRBU,171.5923309326172,0,M01,S08.a,11.437858256497572,M01,11.478930293896722,0.04107203739915022,TRUE
323700.5,4324035.5,CRBU,182.24012756347656,0,S12,S24.a,21.01905253870095,S24.b,21.28393538330503,0.26488284460408096,TRUE
328568.5,4299284.5,CRBU,170.55804443359375,0,S12,S12,25.873980252406604,S25,27.356723467572614,1.4827432151660105,TRUE
325202.5,4322008.5,CRBU,185.77880859375,0.210999995470047,Juniperus sp.,S16,185.8065233720801,S25,187.708793201315,1.902269829234882,TRUE
320625.5,4305872.5,CRBU,168.31861877441406,0,M01,S08.a,12.607008633004412,M01,12.806628278913015,0.19961964590860326,TRUE
332847.5,4318962.5,CRBU,164.60438537597656,0,M01,S07,10.205274931541062,S08.a,10.328949523589696,0.12367459204863351,TRUE
317814.5,4308836.5,CRBU,167.58163452148438,0,S12,S12,15.492233173739237,S14,16.915261477883288,1.4230283041440508,TRUE
333733.5,4314119.5,CRBU,177.34344482421875,0,M01,S08.a,15.195821644670373,M01,15.370936064574204,0.17511441990383148,TRUE
319472.5,4319359.5,CRBU,187.69467163085935,0,S12,S12,20.885361787772283,S24.a,21.37027782564959,0.4849160378773085,TRUE
317742.5,4307020.5,CRBU,167.36477661132812,0,M01,M01,13.703302656060735,S13.b,14.491161694309747,0.787859038249012,TRUE
333907.5,4312902.5,CRBU,160.88987731933594,0,S06.b,S08.a,14.372201953193246,M02,14.501359099866827,0.12915714667358102,TRUE
318802.5,4306830.5,CRBU,168.9989013671875,0,S12,S12,13.68636299188735,S06.b,14.119437933591978,0.43307494170462846,TRUE
331700.5,4314779.5,CRBU,166.6975860595703,0,S12,S12,20.50062340241643,S24.a,20.57277389436208,0.07215049194564926,TRUE
321889.5,4305872.5,CRBU,172.34121704101562,0,S20,S20,20.926870923225014,M01,22.442535676854966,1.5156647536299523,TRUE
322670.5,4322662.5,CRBU,164.51580810546875,0,M02,S09.a,6.794305187280517,M02,6.961351050438761,0.16704586315824432,FALSE
318289.5,4314047.5,CRBU,171.6136016845703,0,S12,M01,17.616659596177726,S13.b,17.747328353253817,0.1306687570760907,TRUE
320331.5,4315686.5,CRBU,159.0806427001953,0,S12,S12,13.059938855086473,S06.b,14.22274578919119,1.162806934104717,TRUE
328355.5,4319512.5,CRBU,170.4482879638672,0,M01,M01,9.895461358589241,S09.a,10.056950805149205,0.16148944655996367,TRUE
320169.5,4316563.5,CRBU,171.61964416503906,0,S12,S12,18.539396196581116,S24.b,18.895488012187684,0.3560918156065682,TRUE
321106.5,4305368.5,CRBU,168.9283447265625,0,M01,M01,11.541507489835722,S13.b,12.135769080295269,0.5942615904595474,TRUE
328331.5,4317551.5,CRBU,165.02755737304688,0,S12,S12,12.713897228981164,S06.b,13.510381931501113,0.7964847025199493,TRUE
323427.5,4320932.5,CRBU,171.80247497558594,0,S12,S08.a,14.13873466852569,S12,14.305201844365484,0.1664671758397951,TRUE
318667.5,4309977.5,CRBU,180.2441864013672,0,S08.a,S07,11.18183314137327,M01,11.346937344281558,0.16510420290828876,TRUE
323859.5,4320980.5,CRBU,175.45323181152344,0,S12,S12,16.44768192197698,M01,17.182661009313147,0.7349790873361677,TRUE
333274.5,4314479.5,CRBU,168.21832275390625,0,M01,S08.a,19.955792629598857,M02,20.086945931985163,0.13115330238630563,TRUE
324193.5,4324038.5,CRBU,166.53909301757812,0.15199999511241913,M02,S09.a,8.190032681374603,M02,8.613539387765567,0.4235067063909632,TRUE
320340.5,4314584.5,CRBU,159.3805694580078,0,M01,M01,15.37562111626001,S08.a,15.913361138842028,0.5377400225820175,TRUE
324136.5,4323923.5,CRBU,171.05282592773438,0,S12,S12,15.119811552791086,S08.a,15.188497777652051,0.06868622486096498,TRUE
325190.5,4323392.5,CRBU,168.63734436035156,0,S02.a,S08.a,15.205285969060967,M02,15.23631040091483,0.031024431853863277,TRUE
325073.5,4324047.5,CRBU,171.23069763183594,0,M02,S09.a,6.009649715114607,M02,6.2288399551241955,0.21919024000958842,FALSE
326241.5,4322458.5,CRBU,181.58053588867188,0,S14,S14,11.583227381538409,Caltha leptosepala,12.972552829708851,1.3893254481704425,TRUE
327484.5,4321863.5,CRBU,162.61671447753906,0,S12,S12,18.937110563304,S24.a,19.195151489818663,0.2580409265146635,TRUE
319430.5,4315999.5,CRBU,171.1808319091797,0,S06.b,S12,13.995995019542672,M01,14.275272778479383,0.27927775893671125,TRUE
318208.5,4316944.5,CRBU,184.5797576904297,0,S12,S14,13.991427650233492,S12,14.207679993843305,0.21625234360981338,TRUE
319919.5,4312260.5,CRBU,168.68252563476562,0,M01,M01,15.161894930666678,S08.a,15.446527583448745,0.28463265278206684,TRUE
323457.5,4301173.5,CRBU,179.99795532226562,0,Juniperus sp.,S16,195.36141873524005,S17,197.2849262824117,1.9235075471716527,TRUE
334262.5,4315599.5,CRBU,174.40606689453125,0,S12,S08.a,21.01142909785385,M02,21.233829632435697,0.2224005345818476,TRUE
325241.5,4322398.5,CRBU,177.6510467529297,0,S12,S12,15.46676481325307,S08.a,15.739277744449124,0.27251293119605435,TRUE
321445.5,4324524.5,CRBU,161.9236297607422,0,S09.a,S09.a,7.582590385028244,Osmorhiza occidentalis,8.462275968652941,0.8796855836246973,TRUE
322016.5,4324782.5,CRBU,177.1390380859375,0,S03,S21,51.75227612086681,S23,55.070117421186914,3.3178413003201044,TRUE
319082.5,4317404.5,CRBU,183.1670379638672,0,M02,S07,11.009524740980337,M02,11.014985040094412,0.0054602991140750845,TRUE
317643.5,4310449.5,CRBU,176.85179138183594,0,S11,S21,23.955977578321907,S15,26.499331003500338,2.543353425178431,TRUE
322886.5,4323896.5,CRBU,178.54449462890625,0,S12,S08.a,14.838537383802095,S12,15.298172061675036,0.4596346778729412,TRUE
318160.5,4320896.5,CRBU,195.51263427734372,0,Salix boothii,S16,204.83880572965026,S17,206.65909752840778,1.8202917987575233,TRUE
333622.5,4318392.5,CRBU,162.4000701904297,0,S12,S08.a,16.76024425534455,M02,17.061664365741205,0.3014201103966556,TRUE
319349.5,4320863.5,CRBU,181.2154541015625,0,M01,S12,11.460525624275785,S08.a,11.476713541335819,0.01618791706003364,TRUE
323349.5,4316806.5,CRBU,168.70167541503906,0,S21,S21,11.263875266595967,S23,11.884987229504782,0.6211119629088149,TRUE
321307.5,4318746.5,CRBU,181.20884704589844,0,S12,S12,17.762597562487553,M01,18.647739059693578,0.8851414972060248,TRUE
318835.5,4321302.5,CRBU,181.608154296875,0,S24.a,S24.b,23.996474447582354,S24.a,24.06437927116404,0.06790482358168504,TRUE
323598.5,4323857.5,CRBU,181.79367065429688,0,Artemisia tridentata,S16,61.512791115395416,S12,62.43410453039649,0.9213134150010731,TRUE
326106.5,4315077.5,CRBU,166.24481201171875,0,M01,M01,14.293089557188129,S08.a,14.422164011079097,0.1290744538909685,TRUE
325040.5,4323926.5,CRBU,172.81195068359375,0,M01,M01,12.06103919585346,S08.a,12.611091073171039,0.5500518773175784,TRUE
320025.5,4307077.5,CRBU,182.0314178466797,0.1770000010728836,S12,S13.b,19.49589919745348,S20,19.7895136348153,0.29361443736182125,TRUE
332211.5,4313788.5,CRBU,158.10147094726562,0,M02,M02,6.001791117319259,Osmorhiza occidentalis,6.115883579923705,0.11409246260444572,FALSE
326160.5,4322047.5,CRBU,185.5816192626953,0,S12,S14,20.439607800103033,S24.a,21.063229802985685,0.6236220028826516,TRUE
322811.5,4307569.5,CRBU,158.57095336914062,0.2070000022649765,S12,S22,16.0437189615896,S25,16.051913169693545,0.008194208103944334,TRUE
317154.5,4313818.5,CRBU,171.72512817382812,0,M01,S08.a,18.00023894881276,M01,18.195384152814608,0.19514520400184665,TRUE
318961.5,4309746.5,CRBU,169.80503845214844,0,S09.a,S09.a,7.654520527859894,S07,8.581437702868213,0.9269171750083185,TRUE
317139.5,4308191.5,CRBU,163.44869995117188,0,S12,S12,13.074721096617186,S01.a,13.971794475305416,0.8970733786882299,TRUE
318037.5,4313356.5,CRBU,181.1338806152344,0,S20,S13.b,17.180643224826152,M01,17.88971637498068,0.7090731501545271,TRUE
319586.5,4321452.5,CRBU,181.69268798828125,0,S12,S12,15.741292786706548,M01,16.47062376716003,0.7293309804534829,TRUE
325934.5,4313272.5,CRBU,165.42893981933594,0,Juniperus sp.,S12,27.365428822780437,S08.a,27.7638821972016,0.39845337442116247,TRUE
328259.5,4319389.5,CRBU,179.57276916503906,0,M01,M01,14.424646521655013,S08.a,14.605244720972184,0.18059819931717058,TRUE
322307.5,4320062.5,CRBU,164.037109375,0,Artemisia tridentata,S21,44.76068114684595,S23,48.28515573162854,3.5244745847825953,TRUE
318730.5,4306827.5,CRBU,168.04269409179688,0,S06.b,S10.a,9.086233377439138,S10.c,9.301499464162553,0.21526608672341574,TRUE
321847.5,4325002.5,CRBU,174.3098602294922,0,S06.b,S08.a,11.058405617344581,M02,11.10350023048289,0.04509461313830876,TRUE
316694.5,4308722.5,CRBU,183.02081298828125,0,S12,S14,16.281098550885616,S12,16.57514176108945,0.29404321020383506,TRUE
323319.5,4322794.5,CRBU,166.43223571777344,0.02899999916553497,S06.b,S09.a,7.755586894140529,M02,7.799227426843269,0.04364053270274049,TRUE
321379.5,4317881.5,CRBU,171.02804565429688,0,M02,S08.a,9.958108949744286,M02,10.205624646212163,0.24751569646787708,TRUE
318046.5,4312089.5,CRBU,169.63735961914062,0,M01,M01,12.279464990990286,S08.a,12.376413300372812,0.09694830938252608,TRUE
320247.5,4306752.5,CRBU,175.76028442382812,0,S12,S12,15.949432371817725,S08.a,16.42119024235649,0.4717578705387666,TRUE
322184.5,4324605.5,CRBU,168.20736694335938,0,S21,S21,25.36803557121869,S23,27.28105333113578,1.9130177599170892,TRUE
316637.5,4309749.5,CRBU,176.47869873046875,0,M02,M01,11.154853517995328,S07,11.494112331143981,0.33925881314865336,TRUE
319751.5,4312452.5,CRBU,166.2113494873047,0,M01,M01,13.230967124145058,S08.a,13.290671607098343,0.059704482953284455,TRUE
318925.5,4322368.5,CRBU,186.2979278564453,0,S18,S14,18.563653518273153,Caltha leptosepala,19.481778170527033,0.91812465225388,TRUE
317187.5,4307974.5,CRBU,169.2579345703125,0,S12,S11,13.305319682230731,S07,14.61999660403573,1.314676921804999,TRUE
333031.5,4315413.5,CRBU,167.93023681640625,0,M01,S08.a,17.875298265081902,M02,18.282536432042072,0.4072381669601697,TRUE
324703.5,4323788.5,CRBU,171.56883239746094,0,S08.a,S08.a,11.556734157069675,M02,11.693829594629616,0.1370954375599407,TRUE
334805.5,4316902.5,CRBU,164.5225830078125,0,S20,S20,23.819644232659837,S08.a,24.859706112545442,1.0400618798856058,TRUE
319784.5,4315146.5,CRBU,159.6550750732422,0,S12,M01,15.766718312994533,S08.a,15.832579565547139,0.06586125255260633,TRUE
324532.5,4323023.5,CRBU,157.0784912109375,0,M02,Ligusticum porteri,5.6951222583430505,M02,5.8088425967933235,0.11372033845027296,FALSE
318874.5,4320836.5,CRBU,188.3273162841797,0,S12,S12,16.073059140160034,S08.a,16.593879047597476,0.520819907437442,TRUE
319100.5,4311428.5,CRBU,159.3274383544922,0,S12,M01,15.006882681984754,S08.a,15.286347487752087,0.2794648057673328,TRUE
331784.5,4319503.5,CRBU,172.0012969970703,0,S12,S12,14.468732674597819,M01,14.490574253148335,0.02184157855051616,TRUE
331157.5,4319500.5,CRBU,178.60198974609375,0,S12,S12,17.206201023261915,S14,17.469571013503995,0.2633699902420794,TRUE
320748.5,4311140.5,CRBU,167.40557861328125,1.2799999713897705,M01,M01,11.64218271079726,S08.a,11.93849974635063,0.2963170355533702,TRUE
334457.5,4315602.5,CRBU,175.14361572265625,0,S12,S08.a,10.82735445618385,M02,11.139867758589862,0.31251330240601227,TRUE
319310.5,4309176.5,CRBU,181.4018402099609,0,S12,S08.a,14.527326703744066,S12,14.533124434254743,0.005797730510677113,TRUE
332916.5,4306461.5,CRBU,155.79005432128906,0,Juniperus sp.,M01,14.65366626831169,Juniperus sp.,14.78180304336405,0.12813677505235965,TRUE
334265.5,4314620.5,CRBU,173.7620086669922,0,S06.b,Osmorhiza occidentalis,9.788459784760304,S06.b,9.79317056177769,0.004710777017384871,TRUE
325991.5,4313845.5,CRBU,159.9121551513672,0,S12,S12,26.849533720444754,S20,27.598743924055068,0.7492102036103141,TRUE
319991.5,4310212.5,CRBU,155.0997772216797,0,S03,S03,5.578048501065227,Corydalis caseana,5.715127479156106,0.13707897809087832,FALSE
324886.5,4324197.5,CRBU,174.22605895996094,0,S06.b,S08.a,11.97075479658467,M02,12.200646329401676,0.2298915328170068,TRUE
334301.5,4318011.5,CRBU,177.52371215820312,0,M01,S08.a,10.132560154206422,Sambucus racemosa,10.561775974012264,0.429215819805842,TRUE
333469.5,4312509.5,CRBU,156.9195556640625,0,S12,S24.a,28.210010193751636,S24.b,28.531572979113186,0.32156278536155014,TRUE
326190.5,4321674.5,CRBU,169.9459991455078,0,S12,S12,20.93623113254488,S24.a,21.8671246262103,0.930893493665419,TRUE
318433.5,4322320.5,CRBU,184.97450256347656,0,S12,S24.b,18.914159655184083,S12,19.1766703592938,0.2625107041097188,TRUE
328406.5,4297968.5,CRBU,156.1090850830078,0,S12,S12,24.053569082708652,S25,25.267519264457253,1.2139501817486007,TRUE
325901.5,4320980.5,CRBU,166.7734375,0,S12,S12,13.673979583664591,S08.a,14.081267396711308,0.40728781304671635,TRUE
319172.5,4317239.5,CRBU,186.44232177734372,0,S14,S14,14.357650684739443,M01,14.564919381422897,0.20726869668345316,TRUE
319997.5,4305953.5,CRBU,170.86790466308594,0,M01,M01,13.315400771756206,S13.b,13.60503641928882,0.2896356475326147,TRUE
321109.5,4325821.5,CRBU,173.96922302246094,0,S06.b,S09.a,8.240405358775755,S07,8.591227013385975,0.3508216546102201,TRUE
321994.5,4325554.5,CRBU,177.3200225830078,0,S12,S12,15.810194868507791,M01,16.040432284818852,0.23023741631106098,TRUE
323922.5,4318161.5,CRBU,171.30674743652344,0,S12,S12,12.88854595691378,S09.a,13.899037093053291,1.0104911361395104,TRUE
316829.5,4312833.5,CRBU,165.43597412109375,0.0729999989271164,S12,S12,18.219771068492307,M01,18.571923792074706,0.3521527235823996,TRUE
333583.5,4318437.5,CRBU,167.44036865234375,0,Juniperus sp.,M01,18.043768709958826,Salix wolfii,18.094083158145455,0.050314448186629335,TRUE
326127.5,4319536.5,CRBU,156.3838348388672,0,S08.a,M02,10.980758661244046,S08.a,11.226885723230197,0.24612706198615086,TRUE
319235.5,4309422.5,CRBU,165.88722229003906,0,S08.a,S08.a,10.351249792752382,M02,10.519699550544019,0.1684497577916364,TRUE
322655.5,4315335.5,CRBU,157.65573120117188,0,S06.b,M02,7.491541654390141,S09.a,7.712826788739457,0.22128513434931563,TRUE
317103.5,4306179.5,CRBU,161.967529296875,0,S12,S12,15.545977715905572,S06.b,15.89672260421409,0.3507448883085189,TRUE
322409.5,4322839.5,CRBU,162.18038940429688,0,M02,M02,8.588068904202201,S09.a,8.81426205657306,0.22619315237085935,TRUE
327919.5,4321236.5,CRBU,174.4254913330078,0,S07,S09.a,8.392467607377517,Salix other,8.515296932662652,0.12282932528513513,TRUE
329733.5,4316578.5,CRBU,157.64671325683594,0.11299999803304672,S12,S24.b,19.092262095135037,S12,19.31808104010653,0.22581894497149335,TRUE
323196.5,4318053.5,CRBU,166.79779052734375,0,S12,S12,11.047305487205298,S08.a,11.054663258112335,0.007357770907036709,TRUE
323022.5,4315350.5,CRBU,159.85447692871094,0,S14,M01,13.422504718542273,M02,13.820272522237495,0.39776780369522236,TRUE
325835.5,4322353.5,CRBU,182.09474182128903,0,S12,S14,16.677022587512145,M01,16.940706329785215,0.26368374227307,TRUE
319562.5,4308644.5,CRBU,156.12261962890625,0,S12,S20,20.25121077787759,S12,20.430570670620423,0.17935989274283415,TRUE
322535.5,4323977.5,CRBU,167.98025512695312,0,M02,S08.a,8.728935375090726,M02,8.853530353813342,0.12459497872261593,TRUE
328058.5,4321185.5,CRBU,177.05125427246094,0,S12,S12,14.856483332542371,M01,15.104120753930053,0.2476374213876813,TRUE
323757.5,4323719.5,CRBU,179.818115234375,0,S12,S12,26.334209998760848,S24.a,26.395210857103567,0.06100085834271951,TRUE
329184.5,4299497.5,CRBU,159.16307067871094,0,S14,S22,17.709736396835435,M01,17.78989508812986,0.08015869129442521,TRUE
318529.5,4316548.5,CRBU,177.12496948242188,0,S12,S12,14.335630100405197,M01,14.856374631988936,0.5207445315837393,TRUE
318259.5,4316182.5,CRBU,186.32374572753903,0,S12,S12,16.553136191131895,S14,16.665815823972444,0.11267963284054971,TRUE
324664.5,4321605.5,CRBU,167.7576141357422,0,M02,M02,6.756155586389887,S09.a,7.021899363516513,0.26574377712662667,FALSE
318574.5,4313056.5,CRBU,175.60169982910156,0,S07,Corydalis caseana,7.960690968670123,S07,8.197297515168103,0.2366065464979794,TRUE
318667.5,4316734.5,CRBU,173.4324493408203,0,S12,S07,10.949320021431374,S12,11.43917851988891,0.4898584984575365,TRUE
331181.5,4320197.5,CRBU,189.4228973388672,0,Juniperus sp.,S16,160.53485188307047,S25,162.18688967955305,1.652037796482574,TRUE
324778.5,4321104.5,CRBU,182.14393615722656,0,S12,M01,15.91416110203229,S12,16.042590176272107,0.12842907423981664,TRUE
327043.5,4321824.5,CRBU,169.41036987304688,0,M02,M02,7.565844152635759,S06.b,7.779794573501653,0.21395042086589378,TRUE
319856.5,4309086.5,CRBU,177.2925567626953,0,S08.a,S08.a,9.007497349307831,M02,9.186558638949279,0.17906128964144763,TRUE
319502.5,4322209.5,CRBU,170.3827667236328,0,S12,S12,11.38269421849779,M02,11.710463160684997,0.3277689421872072,TRUE
318154.5,4310806.5,CRBU,162.74771118164062,0,S01.a,S06.b,8.548285619815843,M02,8.616273960148602,0.06798834033275902,TRUE
320109.5,4316080.5,CRBU,174.4558868408203,0,S12,S12,16.444661832553923,M01,17.322964693228162,0.8783028606742391,TRUE
323217.5,4306599.5,CRBU,156.5314178466797,0,S12,S20,18.007663552654208,S08.a,18.180422671140374,0.17275911848616587,TRUE
323997.5,4300017.5,CRBU,161.5589599609375,0,S12,S12,32.511703679300524,S24.a,33.919304273397366,1.4076005940968415,TRUE
333859.5,4313269.5,CRBU,161.6230010986328,0.5090000033378601,M01,S08.a,14.225000563777655,M02,14.752181998642497,0.5271814348648416,TRUE
318442.5,4316548.5,CRBU,177.55435180664062,0,S08.a,M01,12.286546889345988,M02,12.648128089521043,0.36158120017505446,TRUE
323082.5,4322896.5,CRBU,168.48728942871094,0,M02,M02,6.174493094152548,S08.a,6.51108022480759,0.3365871306550421,FALSE
323589.5,4320362.5,CRBU,172.61581420898438,0,S09.a,S09.a,6.929113494794857,Osmorhiza occidentalis,7.087250365506214,0.15813687071135707,FALSE
318703.5,4316014.5,CRBU,180.26693725585935,0,S06.b,M02,8.281355248652364,S07,8.415164516420742,0.13380926776837754,TRUE
322448.5,4307068.5,CRBU,162.044189453125,0,S25,S12,26.657179274859566,S20,27.042759936892796,0.38558066203323094,TRUE
321088.5,4305182.5,CRBU,170.49180603027344,0,S20,S13.b,19.07298932883864,S08.a,19.366196081745805,0.2932067529071638,TRUE
319400.5,4305176.5,CRBU,163.28794860839844,0,S21,S21,23.591004640241238,S23,26.402532802364984,2.8115281621237465,TRUE
319376.5,4312437.5,CRBU,169.13198852539062,0,M01,M01,12.596648470039607,S08.a,12.663507938563553,0.06685946852394586,TRUE
320406.5,4319614.5,CRBU,173.397705078125,0,S12,S12,14.415030121522458,M01,14.582922270432528,0.1678921489100702,TRUE
328838.5,4298098.5,CRBU,160.56910705566406,0,S12,S12,16.00547418574233,M01,16.061243344005113,0.05576915826278395,TRUE
329175.5,4315884.5,CRBU,155.2325897216797,0,S12,M01,16.15777574744274,S13.b,16.705131835866506,0.5473560884237649,TRUE
323616.5,4323086.5,CRBU,165.24942016601562,0,S09.a,S09.a,7.829562821884343,S07,8.054317033483448,0.22475421159910525,TRUE
316721.5,4311272.5,CRBU,188.93955993652344,0,M01,S08.a,12.423303999718476,S07,12.56585245340661,0.14254845368813385,TRUE
319259.5,4302596.5,CRBU,158.9387664794922,0,S06.b,M01,13.892141570425856,S06.b,14.074207027457845,0.18206545703198884,TRUE
328028.5,4321737.5,CRBU,169.33248901367188,0,S12,S12,17.96213858500974,M02,18.962508770965982,1.0003701859562426,TRUE
317925.5,4306836.5,CRBU,162.33656311035156,0,M02,S09.a,7.673890902506766,M02,7.865275916884946,0.1913850143781799,TRUE
322238.5,4315797.5,CRBU,157.05343627929688,0,M02,M02,10.18519208027634,S08.a,10.460472631085635,0.2752805508092955,TRUE
322286.5,4318443.5,CRBU,184.34637451171875,0,S12,S12,20.791443137453374,M01,21.92621033121764,1.1347671937642652,TRUE
323358.5,4315842.5,CRBU,168.26148986816406,0,S07,S21,61.21063808882874,S23,63.936391170684374,2.725753081855636,TRUE
321319.5,4315920.5,CRBU,155.49815368652344,0,S21,S21,15.03656260187893,S23,17.85463900746525,2.818076405586318,TRUE
323196.5,4316983.5,CRBU,173.97267150878906,0,M01,M01,13.527558624708064,S08.a,13.708616966885485,0.18105834217742078,TRUE
318946.5,4321089.5,CRBU,185.56153869628903,0,S12,S12,12.966655107383074,M01,14.034702229314162,1.0680471219310874,TRUE
323415.5,4316437.5,CRBU,174.48985290527344,0,M01,S08.a,14.121483459523951,M01,14.418905465751667,0.2974220062277162,TRUE
318001.5,4314716.5,CRBU,190.8492889404297,0,S25,S16,128.04186983658303,S12,129.5058008065938,1.4639309700107788,TRUE
333544.5,4314716.5,CRBU,175.7881622314453,0,S12,M01,15.461276773103004,S12,15.501573971565048,0.04029719846204394,TRUE
318454.5,4312278.5,CRBU,169.28228759765625,1.6759999990463257,S12,M01,18.00059329432663,S07,18.197055755406147,0.19646246107951626,TRUE
317781.5,4312656.5,CRBU,168.86245727539062,0,S06.b,S09.a,7.859649576995488,M01,8.079375348183925,0.21972577118843706,TRUE
326817.5,4321653.5,CRBU,159.07635498046875,0,S12,S12,11.226564292317997,S09.a,11.79455358230108,0.5679892899830836,TRUE
319409.5,4312059.5,CRBU,184.812255859375,0,S14,S14,16.736237159684677,S19,18.432883172377313,1.6966460126926357,TRUE
334661.5,4313584.5,CRBU,168.4219970703125,0,M02,M02,9.290755318178032,S08.a,9.403521367140492,0.11276604896245956,TRUE
318931.5,4321341.5,CRBU,182.55453491210935,0,S12,S12,14.566473843390515,M01,14.842125479121789,0.2756516357312737,TRUE
326619.5,4321623.5,CRBU,165.37181091308594,0,M02,M02,8.238555116055357,S09.a,8.246902647935915,0.0083475318805579235,TRUE
319400.5,4312425.5,CRBU,171.45094299316406,0,S12,M01,14.616527628112307,S08.a,14.987041205937583,0.3705135778252764,TRUE
323547.5,4320251.5,CRBU,166.361083984375,0,S12,S12,13.617905721075159,M01,14.596652733949389,0.9787470128742299,TRUE
326733.5,4322926.5,CRBU,179.79330444335938,0,S12,S24.a,23.81098357282284,S24.b,23.814288596786806,0.0033050239639678125,TRUE
325958.5,4315872.5,CRBU,157.89266967773438,0,M01,M01,12.171164192313283,S10.a,12.193264560936939,0.022100368623656053,TRUE
318766.5,4309812.5,CRBU,182.1906280517578,0,S13.b,S13.b,17.525419142871208,M01,17.693875011116575,0.16845586824536696,TRUE
326115.5,4314302.5,CRBU,169.81373596191406,0,S12,S12,14.777728971126697,M01,14.93830402084628,0.1605750497195828,TRUE
325910.5,4321632.5,CRBU,163.66293334960938,0,M01,S07,12.282679823012515,M01,12.355373456272769,0.07269363326025413,TRUE
321163.5,4319581.5,CRBU,161.3473663330078,0,S12,S12,12.065556687770675,S08.a,12.804457078952124,0.7389003911814491,TRUE
316835.5,4308629.5,CRBU,180.42259216308597,0,S07,M02,8.145557919173276,Ligusticum porteri,8.225807849616126,0.08024993044285011,TRUE
323757.5,4321635.5,CRBU,177.27777099609375,0,S21,S21,15.221483779423187,S23,17.600513221903284,2.379029442480098,TRUE
321445.5,4324701.5,CRBU,169.33868408203125,0,S03,S03,6.028860041790761,Veratrum tenuipetalum,6.124704440106259,0.0958443983154984,FALSE
317715.5,4312335.5,CRBU,178.60414123535156,0,M01,M01,9.209121082775685,S10.a,9.422857595760732,0.21373651298504726,TRUE
318427.5,4322197.5,CRBU,184.32835388183597,0,S12,S12,15.649079886468177,S14,15.79112703836223,0.1420471518940527,TRUE
323874.5,4311146.5,CRBU,157.09828186035156,0,M03,S07,17.08276326938441,S21,17.161596262436912,0.07883299305250091,TRUE
327769.5,4320857.5,CRBU,176.30654907226562,0,M01,M01,14.005155811393154,S14,14.457261241199753,0.45210542980659874,TRUE
318325.5,4309104.5,CRBU,179.72947692871094,0,M01,M01,15.26331457130429,S13.b,15.673108071114298,0.40979349981000723,TRUE
317601.5,4314311.5,CRBU,179.953369140625,0,S12,S12,18.274480472007006,M01,18.809133358375064,0.5346528863680575,TRUE
318019.5,4309107.5,CRBU,181.2275390625,0,S21,S21,47.07129804207312,S17,51.521408386584305,4.450110344511188,TRUE
316778.5,4312830.5,CRBU,172.33538818359375,0,S12,S20,21.17155456803826,S13.b,21.97562815352817,0.8040735854899097,TRUE
328409.5,4319884.5,CRBU,169.720458984375,0,S09.a,S09.a,9.249247533538552,M02,9.624903664102062,0.37565613056350955,TRUE
320094.5,4312464.5,CRBU,168.70545959472656,0,M01,M01,14.913704196943531,S10.a,15.407254897371516,0.4935507004279849,TRUE
319307.5,4321314.5,CRBU,178.7528533935547,0,S12,S12,10.743841858819332,S09.a,11.391646173001666,0.6478043141823342,TRUE
323022.5,4313230.5,CRBU,156.00897216796875,0,M02,S09.a,5.393713120587114,Ligusticum porteri,5.751195859867219,0.35748273928010565,FALSE
320799.5,4301989.5,CRBU,166.07273864746094,0,S12,S12,8.006255706995443,S08.a,8.881350487868474,0.8750947808730309,TRUE
317649.5,4308224.5,CRBU,167.04269409179688,0,S06.b,S09.a,10.190173917901843,M02,10.348907015996437,0.15873309809459357,TRUE
323214.5,4323197.5,CRBU,170.8601837158203,0.00999999977648258,S09.a,S09.a,7.144060261988209,Salix other,7.669596691887686,0.5255364298994767,TRUE
319103.5,4318032.5,CRBU,180.1963806152344,0,S14,M01,13.092570164146188,S14,13.102604147269606,0.0100339831234173,TRUE
316562.5,4310869.5,CRBU,180.833984375,0,S12,M01,19.748633543969863,S12,19.82267803948439,0.07404449551452785,TRUE
324055.5,4300017.5,CRBU,158.80848693847656,0.5429999828338623,S12,S12,24.248361514610977,S25,25.21521299271515,0.9668514781041715,TRUE
319262.5,4316824.5,CRBU,185.4783172607422,0,S08.a,S12,12.547365154951489,M01,12.580366945658408,0.03300179070691911,TRUE
324115.5,4321971.5,CRBU,168.07122802734375,0,S08.a,S08.a,11.982370872469934,M02,12.109293192558207,0.12692232008827276,TRUE
316775.5,4312641.5,CRBU,177.2440185546875,0,S12,S13.b,17.02656363112432,M01,17.29901772555916,0.2724540944348419,TRUE
323019.5,4316608.5,CRBU,170.5873260498047,0.09000000357627869,S08.a,S08.a,10.370020312800959,M02,10.44250157854264,0.0724812657416809,TRUE
324592.5,4323938.5,CRBU,172.88543701171875,0,S12,S08.a,17.689851640857675,S12,17.75006588972603,0.06021424886835547,TRUE
332049.5,4314599.5,CRBU,156.46836853027344,0,S12,S12,14.550635910167685,S08.a,15.506998968951073,0.9563630587833885,TRUE
325271.5,4314053.5,CRBU,167.5358123779297,0,S12,S12,19.80564020051628,S08.a,19.95614491230269,0.1505047117864109,TRUE
317343.5,4305956.5,CRBU,160.9325714111328,0,S10.c,S10.c,7.277162190415389,S10.a,7.399098062090179,0.12193587167478981,TRUE
326643.5,4322551.5,CRBU,180.6368865966797,0,S12,S08.a,13.512431701428849,S07,13.591377138160873,0.07894543673202392,TRUE
317919.5,4313833.5,CRBU,176.32591247558594,0,S12,S12,20.26135630150511,S22,20.281739504067268,0.020383202562157976,TRUE
321559.5,4306809.5,CRBU,176.46591186523438,0,S14,M01,13.992895453689666,S13.b,14.356331310494719,0.36343585680505264,TRUE
320049.5,4314740.5,CRBU,171.30833435058594,0,S12,S07,13.052593773866755,Caltha leptosepala,13.59513381934828,0.542540045481525,TRUE
318988.5,4317572.5,CRBU,181.03958129882807,0,M01,M01,13.55344476855778,S12,13.573856306425256,0.02041153786747607,TRUE
328073.5,4319944.5,CRBU,159.10427856445312,0,S12,S08.a,13.863710533913896,M02,13.90387873783591,0.04016820392201481,TRUE
319916.5,4308788.5,CRBU,164.45367431640625,0,S25,S25,19.810034151962142,S12,20.270938477717927,0.4609043257557843,TRUE
320730.5,4310986.5,CRBU,157.8583984375,0,S12,S12,13.82393865518619,M01,13.82911918613895,0.005180530952760165,TRUE
321553.5,4320887.5,CRBU,170.2106170654297,0.4650000035762787,M02,S07,5.753486403989568,M02,6.139568459207154,0.3860820552175861,FALSE
324163.5,4299923.5,CRBU,157.95884704589844,0,S12,S12,30.460241542551493,S25,31.40929560722202,0.949054064670527,TRUE
319304.5,4311530.5,CRBU,155.97552490234375,0,S12,S08.a,12.136571160997745,M01,12.192532104543222,0.05596094354547709,TRUE
321202.5,4325461.5,CRBU,171.00025939941406,0,S07,M02,7.758831158604313,S08.a,7.99981449885958,0.24098334025526746,TRUE
325367.5,4322032.5,CRBU,182.19427490234372,0,S12,S14,16.98162289317593,S12,17.287574978398485,0.3059520852225539,TRUE
321712.5,4317932.5,CRBU,175.2962188720703,0,M01,M01,9.031863352773605,S08.a,9.496497546161699,0.4646341933880933,TRUE
319100.5,4319842.5,CRBU,195.5377197265625,0,S25,S16,205.15584245152738,S17,207.24752126142386,2.0916788098964787,TRUE
319532.5,4306626.5,CRBU,172.3430938720703,0,S12,S12,15.027081956005553,M01,15.757004743829876,0.7299227878243233,TRUE
328346.5,4321725.5,CRBU,167.82427978515625,0,S12,S12,11.351811817071285,M02,11.859912964832938,0.5081011477616535,TRUE
321055.5,4325812.5,CRBU,178.83116149902344,0,S12,S12,12.18719114044593,S06.b,12.798006902542278,0.6108157620963475,TRUE
328997.5,4321521.5,CRBU,169.32681274414062,0,M01,M01,11.384331476552793,Sambucus racemosa,11.712401737147347,0.32807026059455424,TRUE
320163.5,4306809.5,CRBU,176.69883728027344,0,S12,S08.a,13.605478410348306,S12,13.824813028531986,0.21933461818368016,TRUE
325295.5,4314284.5,CRBU,155.15748596191406,0,M01,S08.a,13.764732320449959,M01,13.897435710912362,0.1327033904624031,TRUE
326430.5,4323335.5,CRBU,166.00344848632812,0,S12,S12,13.324700072592247,Sambucus racemosa,14.035555636879968,0.710855564287721,TRUE
324460.5,4318608.5,CRBU,162.13714599609375,0,M02,Corydalis caseana,6.73393294833175,M02,6.8342852529778595,0.10035230464610922,FALSE
323076.5,4322653.5,CRBU,166.56349182128906,0,S12,S08.a,13.79097501020983,S12,13.822151636697384,0.031176626487553705,TRUE
325508.5,4314767.5,CRBU,171.7532958984375,0,S12,S08.a,14.37512852481463,M01,14.389703656314069,0.014575131499439564,TRUE
320283.5,4306374.5,CRBU,171.08755493164062,0,S12,S12,17.35985426407985,S25,19.089964833721147,1.7301105696412975,TRUE
325490.5,4322752.5,CRBU,175.0144500732422,0,S06.b,M01,14.238685160321314,S12,14.264062052814657,0.02537689249334285,TRUE
323991.5,4323644.5,CRBU,179.19549560546875,0,S12,S24.a,19.59469628369002,S14,19.619560730374307,0.02486444668428689,TRUE
318997.5,4309776.5,CRBU,164.46058654785156,0,S09.a,S09.a,7.890194521539298,Ligusticum porteri,8.566338605099071,0.6761440835597732,TRUE
320733.5,4322314.5,CRBU,166.0980987548828,0.0989999994635582,S12,Sambucus racemosa,18.27724443523052,S07,18.42094335682193,0.14369892159140818,TRUE
321901.5,4309923.5,CRBU,155.69363403320312,0,S12,S12,11.580980831825883,M01,11.58376775273531,0.0027869209094273373,TRUE
320169.5,4307242.5,CRBU,175.93553161621094,0.4659999907016754,M01,M01,11.751305678860387,S08.a,12.291603474397645,0.5402977955372581,TRUE
326091.5,4323512.5,CRBU,169.66529846191406,0,S12,M01,14.42821496954607,S12,14.5058361072004,0.07762113765432943,TRUE
324769.5,4320587.5,CRBU,179.41830444335938,0,Juniperus sp.,S12,25.827196849891617,M02,27.34467803185725,1.517481181965632,TRUE
325508.5,4314857.5,CRBU,170.0797119140625,0,M01,M01,12.664620131175532,S12,13.129661054213651,0.46504092303811895,TRUE
319577.5,4315977.5,CRBU,174.1887664794922,0,S12,S12,17.95296420603545,M02,20.10210458152484,2.1491403754893916,TRUE
321487.5,4324044.5,CRBU,163.5548858642578,0,S21,S21,16.754096090530073,S23,21.497981411371683,4.74388532084161,TRUE
323610.5,4322680.5,CRBU,171.70765686035156,0,S07,S07,6.407628749174506,Caltha leptosepala,6.479955731278478,0.07232698210397182,FALSE
322166.5,4316338.5,CRBU,171.884033203125,0,M01,S13.b,14.145255243556402,M01,14.265992079906914,0.12073683635051147,TRUE
333097.5,4313776.5,CRBU,162.99879455566406,0.2709999978542328,S12,S12,17.54011141054143,M02,18.622208723280938,1.0820973127395064,TRUE
327637.5,4322281.5,CRBU,180.92251586914065,0.07999999821186066,Juniperus sp.,S16,193.30742071112923,S25,195.32032650398477,2.0129057928555483,TRUE
329472.5,4321467.5,CRBU,181.5194396972656,0,S14,S14,13.145255679617891,S08.a,13.35812555737629,0.21286987775839883,TRUE
324940.5,4323647.5,CRBU,166.1788330078125,0,M01,M01,15.45889295766631,S08.a,15.508976130151732,0.05008317248542227,TRUE
317442.5,4311434.5,CRBU,173.83714294433594,0,S02.a,S07,9.019860319084628,S10.a,9.292207808317555,0.27234748923292607,TRUE
316700.5,4309008.5,CRBU,186.69546508789065,0,S12,M01,14.335795310968322,S12,14.415608371718672,0.07981306075035022,TRUE
330640.5,4318626.5,CRBU,176.49330139160156,0,S25,S24.b,21.48751383825284,S24.a,21.645301640268986,0.15778780201614495,TRUE
324103.5,4324014.5,CRBU,170.35398864746094,0,S12,S08.a,13.850609517822019,S12,13.995416719450164,0.14480720162814542,TRUE
324679.5,4324014.5,CRBU,178.20144653320312,0,M01,M01,12.516878878612651,S08.a,12.889672120076622,0.3727932414639703,TRUE
329031.5,4319941.5,CRBU,190.1949157714844,0,M02,S08.a,18.770020515698253,S07,18.93438314243869,0.1643626267404379,TRUE
328940.5,4297962.5,CRBU,157.84414672851562,0.12999999523162842,S06.b,S26,10.314357593888651,S06.b,10.636492447111104,0.32213485322245283,TRUE
329112.5,4299398.5,CRBU,160.73756408691406,0,S14,S22,18.56507824885785,M01,18.678696784242394,0.1136185353845427,TRUE
332412.5,4314653.5,CRBU,168.9532928466797,0,S20,S20,25.794131071998343,S08.a,26.678367429404396,0.8842363574060528,TRUE
317916.5,4314584.5,CRBU,179.31988525390625,0.05099999904632568,S12,M01,14.488956857518867,S08.a,14.783677944000448,0.2947210864815819,TRUE
326484.5,4322623.5,CRBU,176.3595733642578,0,S12,S12,12.097218486357116,M02,12.94279168009589,0.8455731937387743,TRUE
330856.5,4319551.5,CRBU,178.73753356933594,0,S12,S14,16.49228027964256,S12,17.08804369748914,0.5957634178465803,TRUE
321424.5,4318611.5,CRBU,164.86773681640625,0,M01,M01,13.16659036387927,S08.a,13.271132665670608,0.10454230179133894,TRUE
318994.5,4310845.5,CRBU,157.89093017578125,0,Veratrum tenuipetalum,S21,41.43899408113226,S23,45.79204814126455,4.353054060132294,TRUE
325526.5,4314911.5,CRBU,173.2085723876953,0,S12,M01,15.07986028027278,S12,15.262572748025045,0.1827124677522658,TRUE
333883.5,4313248.5,CRBU,163.76638793945312,0,S12,S08.a,19.71137335413717,M01,20.044227189680843,0.3328538355436734,TRUE
325400.5,4320413.5,CRBU,165.73867797851562,0,S12,S24.a,24.12945523206806,S24.b,24.30825455137767,0.1787993193096078,TRUE
323112.5,4316932.5,CRBU,171.3255157470703,0,S03,S03,5.384587474640199,Corydalis caseana,5.819947326273424,0.4353598516332253,FALSE
321040.5,4317731.5,CRBU,176.06459045410156,0,M01,S13.b,16.67376221929518,M01,16.924693142702456,0.2509309234072745,TRUE
322700.5,4314656.5,CRBU,157.90687561035156,2.0920000076293945,Juniperus sp.,Salix planifolia,9.349924844232513,Salix other,9.529738044444358,0.17981320021184466,TRUE
320127.5,4316269.5,CRBU,176.36904907226562,0,M01,M01,10.825467534063886,S06.b,11.351805551861963,0.5263380177980768,TRUE
318391.5,4314761.5,CRBU,181.79562377929688,0,S12,S13.b,18.458479989239862,S12,18.724770338691933,0.26629034945207053,TRUE
323205.5,4320392.5,CRBU,161.75259399414062,0,S06.b,M02,8.393235482235388,S08.a,8.51632966475985,0.12309418252446136,TRUE
321607.5,4318644.5,CRBU,158.61170959472656,0,S12,S20,18.28776715080876,M01,18.312246459758477,0.024479308949715062,TRUE
324847.5,4320023.5,CRBU,160.65187072753906,0,S23,S09.a,8.943130576908038,Sambucus racemosa,9.02629626970244,0.08316569279440245,TRUE
326703.5,4322923.5,CRBU,182.06317138671875,0,S12,S12,18.331517807881934,S24.a,18.841600106446943,0.5100822985650098,TRUE
326190.5,4320656.5,CRBU,171.7061767578125,0,M02,M02,6.750743686323498,Ligusticum porteri,6.984335891226339,0.23359220490284027,FALSE
320394.5,4305764.5,CRBU,170.37948608398438,0,S14,M01,15.686420703090123,S08.a,16.007942130618257,0.3215214275281344,TRUE
319379.5,4321203.5,CRBU,187.9544982910156,0,S12,S12,18.953738544631662,S08.a,19.390338481730236,0.43659993709857403,TRUE
318496.5,4311560.5,CRBU,162.8450164794922,0,M01,M02,9.766578318178327,Osmorhiza occidentalis,9.910915459714314,0.14433714153598665,TRUE
323247.5,4306230.5,CRBU,180.78721618652344,0,S12,S08.a,19.506448679942878,S20,19.83097834067466,0.32452966073178047,TRUE
331004.5,4318452.5,CRBU,171.5289306640625,0,S06.b,M01,15.579742459040192,S08.a,15.620716839333676,0.0409743802934841,TRUE
323325.5,4318326.5,CRBU,181.37217712402344,0,M01,S08.a,9.686278534775798,M02,10.093523401904095,0.40724486712829666,TRUE
319202.5,4309674.5,CRBU,177.4907989501953,0,M01,M01,10.568906518515504,S07,10.572016183118656,0.0031096646031514297,TRUE
319637.5,4313260.5,CRBU,171.5985107421875,0,S06.b,S08.a,13.151413937137928,M02,13.23515751815703,0.0837435810191014,TRUE
319325.5,4308401.5,CRBU,164.68247985839844,0,S21,S21,46.84026950957272,S23,51.04282022144716,4.202550711874437,TRUE
321808.5,4305698.5,CRBU,163.6835479736328,0,M01,S08.a,13.975860215465353,M01,14.153928451432424,0.17806823596707133,TRUE
316775.5,4305956.5,CRBU,158.94525146484375,0,S12,S12,16.497119666915673,S10.a,16.612210331331752,0.11509066441607985,TRUE
319817.5,4321026.5,CRBU,184.8423614501953,0,S25,S16,96.79408440044114,S25,97.84416815360385,1.0500837531627099,TRUE
332766.5,4314821.5,CRBU,172.38177490234375,0,S12,S12,21.176005041371567,M01,22.130375272109458,0.9543702307378901,TRUE
322805.5,4314488.5,CRBU,177.29779052734375,0,S08.a,S08.a,10.494972923931357,M02,11.222120159627952,0.7271472356965951,TRUE
321100.5,4317446.5,CRBU,169.83924865722656,0,S14,M01,16.474454467060255,S13.b,16.728484729246738,0.2540302621864825,TRUE
323538.5,4320188.5,CRBU,165.01339721679688,0,S12,S12,13.52970235278097,S06.b,14.578581736616298,1.0488793838353292,TRUE
326025.5,4313908.5,CRBU,159.24594116210938,0,S12,S12,24.36808549330052,S20,25.28679848061744,0.9187129873169191,TRUE
316718.5,4305797.5,CRBU,160.46116638183594,0,M02,S07,9.666134148001369,M02,9.711152242372535,0.04501809437116577,TRUE
323622.5,4318425.5,CRBU,177.0391082763672,0,M01,M01,10.797406088677278,S08.a,10.938405377165065,0.1409992884877873,TRUE
319916.5,4305644.5,CRBU,165.0508270263672,0.5569999814033508,Juniperus sp.,S21,19.712474633753715,S23,22.099778267952416,2.3873036341987017,TRUE
325166.5,4313992.5,CRBU,163.20265197753906,0,S12,S12,18.41822464850473,M01,18.542074884811065,0.1238502363063354,TRUE
317823.5,4309317.5,CRBU,180.08926391601562,0,M01,S08.a,11.544990167194925,M01,11.783770986370326,0.2387808191754015,TRUE
333550.5,4314647.5,CRBU,176.01414489746094,0,M01,M01,11.112354936038958,M02,11.7911926442963,0.6788377082573422,TRUE
322097.5,4323431.5,CRBU,158.4264678955078,0,S09.a,S09.a,5.564946313433468,Ligusticum porteri,6.646112717458711,1.0811664040252431,FALSE
332007.5,4315503.5,CRBU,169.32754516601562,0,M01,M01,12.377719299338814,M02,12.944161075659812,0.5664417763209979,TRUE
317616.5,4308113.5,CRBU,170.49110412597656,0,M02,S09.a,8.844432730700156,M02,8.959821298287798,0.11538856758764204,TRUE
318838.5,4309476.5,CRBU,175.54066467285156,0,S12,S08.a,12.758884242005909,M02,13.376546260200104,0.6176620181941956,TRUE
317367.5,4300926.5,CRBU,158.53062438964844,0,M01,S07,7.68098431305663,M01,8.117998510691336,0.4370141976347064,TRUE
333859.5,4313455.5,CRBU,165.83358764648438,0,M01,S08.a,12.892036046142577,M01,13.025818347798458,0.1337823016558808,TRUE
326337.5,4313284.5,CRBU,163.59774780273438,0,S25,S20,19.248218378949524,M01,19.334793231612007,0.08657485266248344,TRUE
321262.5,4323374.5,CRBU,158.5372772216797,0,S21,S21,12.570863579940037,S23,14.959874886581792,2.3890113066417555,TRUE
321610.5,4321137.5,CRBU,174.96441650390625,0,S12,S12,18.586719760743577,S24.b,18.673773555682452,0.08705379493887477,TRUE
321007.5,4321578.5,CRBU,177.8531036376953,0,S11,S07,14.857055759018632,M01,15.00670915495027,0.1496533959316384,TRUE
322250.5,4320131.5,CRBU,167.31349182128906,0,S14,S12,13.60313921970713,M01,13.70080382987299,0.09766461016586092,TRUE
319025.5,4312755.5,CRBU,181.9163818359375,0,Juniperus sp.,S16,180.35106395864722,S25,182.10097005588528,1.7499060972380676,TRUE
328340.5,4317563.5,CRBU,165.02755737304688,0,S06.b,M02,7.976620308762472,S09.a,8.08943165546199,0.11281134669951776,TRUE
319451.5,4322794.5,CRBU,179.91876220703125,0,S25,S24.a,27.762558984613158,S18,27.942840795395885,0.1802818107827271,TRUE
333841.5,4312755.5,CRBU,159.79249572753906,0,S08.a,S08.a,10.694211215390421,M02,10.891778848061486,0.19756763267106514,TRUE
321487.5,4325566.5,CRBU,162.27285766601562,0,S09.a,S09.a,9.745553808279219,M02,10.078303541880837,0.3327497336016183,TRUE
331619.5,4305440.5,CRBU,166.57579040527344,0,S14,M01,16.81272428403533,S14,16.845418708170076,0.032694424134746214,TRUE
329496.5,4298161.5,CRBU,172.7982940673828,0,M01,M01,13.085732913095528,S14,13.329415823339714,0.24368291024418554,TRUE
329355.5,4298614.5,CRBU,163.0301513671875,0,S12,S12,26.14571513391412,S25,26.81359436578812,0.6678792318740001,TRUE
326544.5,4301422.5,CRBU,156.52052307128906,1.156000018119812,Juniperus sp.,M01,14.619584054564843,S07,15.244878972339055,0.6252949177742124,TRUE
319472.5,4307371.5,CRBU,174.75515747070312,0,S12,M01,10.491501377783685,S12,10.547403657688319,0.055902279904634256,TRUE
320241.5,4316596.5,CRBU,170.33750915527344,0,S14,M01,13.718217113218937,S10.a,14.306416685369168,0.5881995721502307,TRUE
322190.5,4320401.5,CRBU,165.3670654296875,0,S12,S12,13.929522857936588,M01,14.450246013272531,0.5207231553359435,TRUE
322169.5,4322260.5,CRBU,158.70797729492188,0,S06.b,S10.a,8.474687892776563,S09.a,8.486608387643066,0.011920494866503262,TRUE
318553.5,4321914.5,CRBU,186.44143676757807,0,S14,S14,18.50280851101932,M01,18.655354263512027,0.1525457524927063,TRUE
321457.5,4317857.5,CRBU,174.39991760253906,0,S14,S14,15.123131938881212,S22,15.822639936527686,0.6995079976464744,TRUE
320700.5,4311272.5,CRBU,163.46678161621094,0,S12,S12,15.090389034005037,S08.a,15.556628286259416,0.466239252254379,TRUE
320379.5,4316629.5,CRBU,172.1449432373047,0,S06.b,M01,7.052917099330353,S06.b,7.132564369913355,0.0796472705830027,TRUE
321613.5,4318164.5,CRBU,173.020263671875,0,M01,S08.a,10.587849667348474,M01,10.992324473915344,0.4044748065668706,TRUE
318286.5,4321647.5,CRBU,189.0452117919922,0,S14,S14,15.893711930377485,S07,16.741314892581492,0.8476029622040073,TRUE
321223.5,4318407.5,CRBU,174.65794372558594,0,S12,S12,16.698603916075847,S08.a,16.919342373626666,0.22073845755081933,TRUE
324565.5,4318659.5,CRBU,161.09536743164062,0,S03,S03,5.283342532639082,Veratrum tenuipetalum,5.881826966353193,0.5984844337141109,FALSE
322817.5,4312620.5,CRBU,157.006103515625,0,S06.b,S09.a,5.9860419457528735,S06.b,6.22207310755829,0.23603116180541672,FALSE
319724.5,4321569.5,CRBU,181.3319854736328,0,S07,M02,9.154304203754158,S09.a,9.15826662666599,0.003962422911831354,TRUE
318124.5,4314305.5,CRBU,176.50970458984375,0,S12,S13.b,19.16166843256774,S20,19.750415534228875,0.5887471016611343,TRUE
326976.5,4321941.5,CRBU,167.31251525878906,0,S12,S12,15.085313735143462,S06.b,15.908334671652277,0.823020936508815,TRUE
323829.5,4320377.5,CRBU,174.1216278076172,0,S12,S12,17.904435542200645,S24.b,18.634927956665937,0.7304924144652922,TRUE
318412.5,4313209.5,CRBU,179.77227783203125,0,S10.a,S11,8.328163554506675,S10.c,8.426193751727846,0.09803019722117057,TRUE
319025.5,4305536.5,CRBU,167.90916442871094,0,M01,M01,10.445511855227592,S14,10.635761087379683,0.190249232152091,TRUE
326154.5,4320674.5,CRBU,174.67433166503906,0,S12,S09.a,13.258962493774305,M02,13.33987438609645,0.08091189232214546,TRUE
326922.5,4321281.5,CRBU,159.02554321289062,0,S03,S03,4.92437237810831,Corydalis caseana,5.456983079187761,0.5326107010794514,FALSE
318967.5,4312842.5,CRBU,181.67112731933597,0,S06.b,S13.b,13.25536103648442,S08.a,13.32001113111797,0.06465009463355109,TRUE
328997.5,4320287.5,CRBU,183.19212341308597,0,S12,S12,18.506728323664596,S14,19.468273403152256,0.9615450794876601,TRUE
319868.5,4312299.5,CRBU,166.44015502929688,0,S08.a,M01,12.70318821627984,S08.a,12.723094680112657,0.019906463832818133,TRUE
331619.5,4314734.5,CRBU,162.28704833984375,0,S12,S12,19.064946327393304,S24.a,19.801914282867664,0.7369679554743591,TRUE
330484.5,4317518.5,CRBU,163.2697296142578,0,S12,S12,21.843495404097393,M01,22.674928270013975,0.8314328659165824,TRUE
322139.5,4325119.5,CRBU,168.92674255371094,0,Salix other,Sambucus racemosa,8.18198663815786,S09.a,8.216143999821162,0.03415736166330241,TRUE
318259.5,4319263.5,CRBU,173.2222442626953,0,Juniperus sp.,M01,21.096308302491664,S08.a,21.103721639487198,0.0074133369955333706,TRUE
324025.5,4317131.5,CRBU,163.3306427001953,0,S12,S12,13.059825319675504,S06.b,13.687470573376995,0.6276452537014912,TRUE
321652.5,4316512.5,CRBU,155.97605895996094,0,S21,S23,13.711811130911707,S21,13.993757295989564,0.28194616507785675,TRUE
322952.5,4313752.5,CRBU,159.1055908203125,0,S06.b,M01,11.592813985435379,S08.a,11.963870270999255,0.37105628556387593,TRUE
324472.5,4323968.5,CRBU,178.82275390625,0,S12,M01,18.724706258046407,S14,18.819354969597825,0.09464871155141807,TRUE
320607.5,4319620.5,CRBU,164.4559326171875,0,S12,S12,20.099208531720894,S24.b,20.28664542885935,0.18743689713845768,TRUE
332745.5,4314845.5,CRBU,182.29574584960935,0,S14,S14,18.369200752507393,S22,19.05765135838067,0.6884506058732782,TRUE
332193.5,4313860.5,CRBU,158.24476623535156,0,S12,S12,15.719260068207682,S08.a,16.461152666041976,0.7418925978342941,TRUE
334946.5,4313686.5,CRBU,157.84738159179688,0,S03,S03,4.846802820198733,Veratrum tenuipetalum,5.269251120673411,0.4224483004746782,FALSE
321235.5,4318095.5,CRBU,170.59251403808594,0,M01,M01,9.86104097311215,S08.a,10.04304288291761,0.18200190980546083,TRUE
331022.5,4314632.5,CRBU,156.7704315185547,0,M02,M02,10.469213724043529,M01,10.504262275306507,0.03504855126297812,TRUE
320016.5,4312221.5,CRBU,172.31690979003906,0,S11,S11,10.994253363926719,S07,11.559810357657584,0.5655569937308655,TRUE
326031.5,4323596.5,CRBU,179.1516876220703,0,Artemisia tridentata,S16,63.16811328087721,S12,63.35964320260235,0.1915299217251416,TRUE
318715.5,4311275.5,CRBU,156.69247436523438,0,M02,M02,7.61887438519304,S09.a,7.7705767187645955,0.1517023335715555,TRUE
323760.5,4323581.5,CRBU,179.44857788085938,0,S12,S12,17.782151552336998,M01,18.651824350890024,0.8696727985530259,TRUE
325922.5,4321911.5,CRBU,187.74717712402344,0,Salix boothii,S16,195.17148034022406,S25,197.12225795039944,1.950777610175379,TRUE
321175.5,4324692.5,CRBU,159.9727020263672,0,S06.b,M02,8.05702004259902,Osmorhiza occidentalis,8.282873891773534,0.2258538491745128,TRUE
320991.5,4325800.5,CRBU,181.84718322753903,0,S12,S24.b,18.553118448499628,S12,18.69655694971414,0.1434385012145114,TRUE
329583.5,4319662.5,CRBU,187.94358825683597,0,Salix boothii,S16,200.15324992280938,S17,202.24558651784403,2.092336595034652,TRUE
322361.5,4325167.5,CRBU,182.56475830078125,0,M01,S08.a,17.010932389341637,M01,17.061895643176697,0.05096325383506084,TRUE
335022.5,4312554.5,CRBU,164.24998474121094,0,S08.a,S08.a,12.198181646739865,M02,12.334832111499137,0.13665046475927234,TRUE
325268.5,4320182.5,CRBU,172.23751831054688,0,M01,M01,15.373855409953244,S13.b,15.930397964102932,0.5565425541496882,TRUE
325427.5,4319986.5,CRBU,177.77569580078125,0,M01,M01,15.710766859538959,S08.a,16.178138790389326,0.46737193085036743,TRUE
324049.5,4323437.5,CRBU,175.777099609375,0,S14,S08.a,15.384218182535436,M02,15.746541416587664,0.3623232340522282,TRUE
318064.5,4309530.5,CRBU,170.92221069335938,0,S12,S17,16.086250832308846,S13.b,17.167728113213016,1.0814772809041706,TRUE
322763.5,4323737.5,CRBU,166.39752197265625,0,M02,M02,9.976390282140496,S08.a,10.194518241040779,0.2181279589002827,TRUE
326445.5,4322434.5,CRBU,184.8896026611328,0,S12,S12,18.6885035974544,S14,18.980234395940318,0.29173079848591854,TRUE
317760.5,4305632.5,CRBU,155.38584899902344,0,S06.b,S06.b,12.038271688173927,S12,12.051365912115434,0.013094223941507721,TRUE
317724.5,4311617.5,CRBU,173.72406005859375,0,S12,S12,12.407128585930037,S08.a,12.902675534540109,0.4955469486100714,TRUE
319379.5,4308959.5,CRBU,173.4984130859375,0,M01,S08.a,10.201159651899797,M01,10.251973410973852,0.05081375907405494,TRUE
318346.5,4311791.5,CRBU,167.50555419921875,0,M01,M01,11.519088914778415,S13.b,11.88354651453628,0.3644575997578645,TRUE
334538.5,4313575.5,CRBU,179.7264404296875,0,Artemisia tridentata,S12,29.689989833062654,S25,30.21651017793464,0.5265203448719866,TRUE
318259.5,4311590.5,CRBU,162.66021728515625,0,M01,M01,11.116421473719223,S10.a,11.665661531790928,0.549240058071705,TRUE
335112.5,4311683.5,CRBU,159.55563354492188,0.1330000013113022,S12,S12,19.26019287719145,S24.a,19.992544624023875,0.7323517468324248,TRUE
328664.5,4320716.5,CRBU,174.4384765625,0,S12,M01,17.31472590348724,S12,17.642157415763407,0.32743151227616707,TRUE
321829.5,4316506.5,CRBU,158.5824737548828,0,Salix other,S21,16.717485688576204,Lonicera involucrata,18.34119086505475,1.6237051764785448,TRUE
321295.5,4319980.5,CRBU,165.8244171142578,0,M01,M01,8.959972819496572,S07,9.577018960741718,0.6170461412451456,TRUE
322277.5,4315161.5,CRBU,157.14654541015625,0,S09.a,S09.a,6.820254610058209,Osmorhiza occidentalis,7.117073209799571,0.2968185997413624,FALSE
316763.5,4301251.5,CRBU,164.99740600585938,0,S06.b,S08.a,15.724296265834049,M02,15.73846989162377,0.014173625789721811,TRUE
318187.5,4312848.5,CRBU,184.8807678222656,0,M02,S07,10.822442438761303,S08.a,11.047630886191355,0.2251884474300514,TRUE
319979.5,4309119.5,CRBU,163.95294189453125,0,S06.b,M01,12.443796167912648,S06.b,12.693343989553039,0.24954782164039102,TRUE
316832.5,4312389.5,CRBU,182.2097930908203,0,S12,S08.a,15.844523422628182,S12,15.891605756554823,0.04708233392664063,TRUE
319889.5,4312104.5,CRBU,174.80941772460938,0,S06.b,Osmorhiza occidentalis,8.048779411542611,M02,8.104574992808113,0.055795581265501326,TRUE
318886.5,4321386.5,CRBU,181.3246154785156,0,S12,S12,15.756270843703781,S08.a,16.489090868740817,0.7328200250370358,TRUE
319109.5,4303815.5,CRBU,161.98031616210938,0.9419999718666076,S11,S07,9.698136414846946,S10.a,9.764246380529725,0.06610996568277905,TRUE
334205.5,4313287.5,CRBU,171.73228454589844,0,S12,S12,22.552568508631246,M01,23.15443165927267,0.6018631506414245,TRUE
320934.5,4317791.5,CRBU,174.15406799316406,0,M01,M01,12.068569821025811,S13.b,12.97407732187046,0.9055075008446494,TRUE
320028.5,4306257.5,CRBU,173.21495056152344,0,M01,S07,10.770280726998294,M01,10.82538343186455,0.05510270486625579,TRUE
318172.5,4308827.5,CRBU,182.1536102294922,0,S14,M01,16.924779073671107,S14,17.12043217389606,0.19565310022495197,TRUE
322598.5,4322806.5,CRBU,163.51060485839844,0,S06.b,M02,10.535151932428061,S08.a,10.780054851889776,0.24490291946171538,TRUE
333394.5,4316971.5,CRBU,180.26242065429688,0,S12,S12,14.248995816674393,S14,14.325531814318222,0.07653599764382868,TRUE
319412.5,4317089.5,CRBU,186.23049926757807,0,S12,S12,17.899139370944013,M01,17.9421257634887,0.04298639254468739,TRUE
328526.5,4319554.5,CRBU,170.2565155029297,0,S07,S09.a,6.758984502055661,Sambucus racemosa,7.3361109905743636,0.5771264885187026,FALSE
325850.5,4322236.5,CRBU,183.44422912597656,0,Juniperus sp.,S16,112.12570095619432,S25,113.72187659600989,1.59617563981557,TRUE
321208.5,4325536.5,CRBU,170.17723083496094,0,S09.a,S09.a,8.632559914945412,M02,8.980904489932918,0.3483445749875056,TRUE
318529.5,4322809.5,CRBU,181.86129760742188,0,Juniperus sp.,Juniperus sp.,12.856952230597365,S11,13.2577136691086,0.40076143851123547,TRUE
322100.5,4316464.5,CRBU,171.69277954101562,0,M01,M01,11.528924291992485,S08.a,11.812534687399502,0.2836103954070168,TRUE
320178.5,4300311.5,CRBU,164.31988525390625,0,M01,S10.a,8.629040699964577,M01,8.730195054305115,0.10115435434053843,TRUE
321487.5,4318545.5,CRBU,163.25469970703125,0,M01,M01,8.123272537739831,M02,8.573579675722357,0.4503071379825254,TRUE
317325.5,4309923.5,CRBU,177.64157104492188,0,S14,M01,16.477054369870295,S14,16.939933366893428,0.4628789970231324,TRUE
319439.5,4321593.5,CRBU,182.4701232910156,0,S12,S12,10.552318446647147,M02,11.391938246396306,0.8396197997491583,TRUE
332703.5,4314869.5,CRBU,180.0299072265625,0,M01,S08.a,17.820160331266493,M01,18.031241516779055,0.21108118551256183,TRUE
325598.5,4323629.5,CRBU,163.88587951660156,0,S12,S24.b,23.231935053127103,S24.a,23.368476755858683,0.13654170273158073,TRUE
319085.5,4311455.5,CRBU,157.0181427001953,0,S12,S13.b,13.305714766302586,M01,13.408742284154755,0.10302751785216913,TRUE
318229.5,4313341.5,CRBU,174.47177124023438,0,S12,S12,13.664871542926447,S08.a,14.131761795413768,0.4668902524873211,TRUE
331115.5,4314221.5,CRBU,157.53189086914062,0,M02,M02,10.670234732962092,S12,10.794822728456571,0.12458799549447974,TRUE
322967.5,4322134.5,CRBU,162.82701110839844,0,S12,S12,10.01426842451765,M02,10.052187889569169,0.037919465051517776,TRUE
326145.5,4321452.5,CRBU,162.82086181640625,0,M02,M02,8.354106984744384,S09.a,8.470944569469344,0.11683758472496031,TRUE
319163.5,4304764.5,CRBU,161.26329040527344,0,S06.b,S10.a,11.463432597602628,S11,11.58152792948194,0.11809533187931187,TRUE
322109.5,4315155.5,CRBU,155.0518798828125,0,M01,M01,10.914898265825013,S10.a,11.52942283509729,0.6145245692722767,TRUE
323769.5,4317431.5,CRBU,184.1975555419922,0,S22,S22,18.942578806633417,S14,19.49706540118784,0.5544865945544224,TRUE
326880.5,4322134.5,CRBU,177.1604766845703,0,S12,S12,19.72779313626043,S24.a,19.927864302548624,0.20007116628819333,TRUE
316550.5,4313221.5,CRBU,176.37554931640625,0,S12,M02,10.704574474537447,S09.a,10.87720233862214,0.17262786408469388,TRUE
320082.5,4319899.5,CRBU,181.733642578125,0,S12,S12,17.344225003057584,S14,17.647029390073868,0.302804387016284,TRUE
323613.5,4322410.5,CRBU,165.81478881835938,0,S12,S12,14.466422164801608,S08.a,14.651080741755845,0.18465857695423615,TRUE
317829.5,4306503.5,CRBU,160.5606689453125,0,S20,S20,18.76068176067024,S12,19.326160172818653,0.565478412148412,TRUE
319331.5,4308920.5,CRBU,169.4103546142578,0,S12,M01,16.59937745185244,S20,16.6591190348637,0.059741583011259536,TRUE
320121.5,4316425.5,CRBU,172.26487731933594,0,S12,S12,17.184801414166305,M01,17.52862601220626,0.343824598039955,TRUE
319826.5,4306665.5,CRBU,174.58694458007812,0,M01,M01,13.13347642238764,S12,13.374922100704625,0.24144567831698538,TRUE
325109.5,4322038.5,CRBU,182.4804534912109,0,S14,S14,18.64338333658362,S22,19.47247523791905,0.8290919013354277,TRUE
325226.5,4320176.5,CRBU,173.89364624023438,0,M01,M01,12.04581313066257,S08.a,12.670087269776504,0.6242741391139344,TRUE
322022.5,4324929.5,CRBU,179.60302734375,0,S08.a,Sambucus racemosa,11.11698632417958,Caltha leptosepala,11.325413210936663,0.2084268867570831,TRUE
330490.5,4317398.5,CRBU,165.26156616210938,0,S25,S12,25.1641127161607,M01,25.592489098914122,0.42837638275342016,TRUE
319169.5,4320800.5,CRBU,182.87603759765625,0,S14,M01,14.93624814328644,S08.a,15.016957527723903,0.08070938443746378,TRUE
334565.5,4312515.5,CRBU,176.92770385742188,0,S14,S14,17.448026929293402,S22,17.730328987218254,0.2823020579248521,TRUE
318583.5,4313059.5,CRBU,175.60169982910156,0,M02,S09.a,9.103329439574438,M02,9.227961585027165,0.12463214545272727,TRUE
320325.5,4319782.5,CRBU,175.4750213623047,0,S12,S12,15.151388120427377,M01,15.82491289171713,0.6735247712897525,TRUE
327562.5,4320467.5,CRBU,165.81663513183594,0,S12,M02,10.423274199919693,M01,10.52291194255179,0.09963774263209757,TRUE
325916.5,4321095.5,CRBU,162.15924072265625,0,M01,M01,11.05649482098778,S12,11.275454126759554,0.21895930577177403,TRUE
323313.5,4315713.5,CRBU,164.95335388183594,0,S07,S21,42.7627405375895,S23,45.27623452453428,2.5134939869447805,TRUE
324988.5,4321476.5,CRBU,167.41842651367188,0,Sambucus racemosa,S09.a,8.42111326387958,Osmorhiza occidentalis,8.679423240668527,0.2583099767889472,TRUE
319889.5,4316872.5,CRBU,181.11387634277344,0,S12,S12,24.415140224372543,S25,25.391871207713162,0.9767309833406195,TRUE
320817.5,4324968.5,CRBU,160.98207092285156,0,Sambucus racemosa,Sambucus racemosa,10.609828486412862,S04.a,11.140663358137159,0.5308348717242968,TRUE
328958.5,4317143.5,CRBU,163.6488800048828,0,S12,S24.a,32.90149311133633,S12,33.065611154803136,0.16411804346680725,TRUE
320457.5,4300371.5,CRBU,156.40565490722656,0,M01,M01,13.668665836877803,S06.b,13.95547627258442,0.2868104357066166,TRUE
319439.5,4321803.5,CRBU,176.37916564941406,0,S14,M02,13.526256052498766,S08.a,13.57241043121532,0.04615437871655459,TRUE
326244.5,4321074.5,CRBU,168.68296813964844,0,M01,S08.a,10.039056723162643,M02,10.153204347173315,0.11414762401067158,TRUE
319073.5,4317401.5,CRBU,183.1670379638672,0,S12,S12,10.437962633052194,S07,10.672045958645308,0.2340833255931134,TRUE
323337.5,4318944.5,CRBU,181.6467742919922,0,S12,S12,15.000882194271133,S07,15.399690061925314,0.3988078676541811,TRUE
321907.5,4322137.5,CRBU,163.09481811523438,0,S08.a,M01,10.363495776147149,S06.b,10.510857505212442,0.14736172906529355,TRUE
323337.5,4314284.5,CRBU,156.4297332763672,0,M01,M02,13.436024640448586,S08.a,13.439043999482958,0.0030193590343721155,TRUE
318433.5,4308470.5,CRBU,174.1834259033203,0,S08.a,M02,12.923772736812582,S08.a,12.95072999910398,0.02695726229139872,TRUE
328826.5,4321740.5,CRBU,171.14451599121094,0,S12,S12,11.920980092014533,M02,12.145782018477624,0.2248019264630905,TRUE
323277.5,4322896.5,CRBU,163.7455291748047,0,S12,S12,18.787182097889836,S24.b,19.23884412095643,0.45166202306659287,TRUE
322115.5,4320329.5,CRBU,164.71051025390625,0,S08.a,M01,10.195679245594025,S06.b,10.810607961544854,0.6149287159508283,TRUE
319097.5,4307125.5,CRBU,170.3271942138672,0,M01,M01,11.078399139163942,Sambucus racemosa,11.157775480723664,0.07937634155972262,TRUE
326136.5,4323446.5,CRBU,169.3600311279297,0,Juniperus sp.,Sambucus racemosa,22.867535281572838,S12,23.270561153572316,0.40302587199947837,TRUE
321514.5,4320590.5,CRBU,168.52703857421875,0,S12,S12,16.438160661010098,S24.b,16.69928259469682,0.26112193368672365,TRUE
318223.5,4319014.5,CRBU,184.03176879882807,0,S14,S14,17.11054590972493,S22,17.62001959639309,0.5094736866681586,TRUE
318946.5,4321701.5,CRBU,183.42259216308597,0,M01,S14,16.22162513255689,M01,16.250629037491702,0.029003904934810976,TRUE
327439.5,4299209.5,CRBU,167.367431640625,0,M01,S07,11.976686494960347,M01,11.976905204845155,2.187098848072111e-4,TRUE
328286.5,4320110.5,CRBU,158.405029296875,0,M02,M02,11.017466797950709,S08.a,11.26089983908372,0.24343304113301123,TRUE
327700.5,4320359.5,CRBU,167.80995178222656,0,S06.b,M02,10.257316401873355,S07,10.44667897745566,0.18936257558230452,TRUE
326184.5,4322377.5,CRBU,181.42420959472656,0,S12,S14,15.636573257000528,S12,16.05042699091632,0.4138537339157935,TRUE
319991.5,4315416.5,CRBU,175.18728637695312,0,M01,M01,9.772103221347933,S08.a,10.742359891922453,0.9702566705745195,TRUE
321769.5,4324473.5,CRBU,169.08299255371094,0,S12,S12,15.828219805883412,M01,16.164650904504864,0.3364310986214516,TRUE
326088.5,4320962.5,CRBU,166.6509246826172,0,Sambucus racemosa,M02,8.549006902369687,Sambucus racemosa,8.760511167629303,0.21150426525961663,TRUE
317490.5,4307356.5,CRBU,170.71902465820312,0,M02,M02,6.484960886847077,Ligusticum porteri,6.5666872496844,0.08172636283732349,FALSE
334496.5,4313677.5,CRBU,169.32638549804688,0,S08.a,M01,12.821228484186767,M02,13.106785418209249,0.28555693402248217,TRUE
325448.5,4313875.5,CRBU,162.08587646484375,0,S12,S08.a,13.130002377936064,M01,13.167293482318536,0.037291104382472184,TRUE
321097.5,4304251.5,CRBU,157.31719970703125,0,S20,S20,18.80093714485337,M01,20.220508204363654,1.4195710595102824,TRUE
320067.5,4312425.5,CRBU,167.19810485839844,4.841000080108643,M01,M01,14.592430525638441,S07,14.610662233565037,0.018231707926595675,TRUE
319223.5,4316212.5,CRBU,172.5557403564453,0,S12,S12,16.403552052780366,S09.a,18.023562504602697,1.6200104518223313,TRUE
319694.5,4323575.5,CRBU,182.41177368164065,0,M01,M01,14.37958219048146,S07,15.014189965082025,0.6346077746005658,TRUE
322547.5,4322056.5,CRBU,155.9998779296875,0,S09.a,S09.a,6.39551230365843,Ligusticum porteri,7.186260671557074,0.7907483678986438,FALSE
323106.5,4314947.5,CRBU,155.53819274902344,0,M01,S08.a,13.750241552441715,M01,13.77411156833738,0.02387001589566573,TRUE
318877.5,4314917.5,CRBU,173.67333984375,0,M01,M01,10.901732405634345,S10.a,11.745467637082621,0.8437352314482762,TRUE
319202.5,4306515.5,CRBU,160.02305603027344,0,S12,S12,15.05672660710579,M01,15.286855677924907,0.2301290708191157,TRUE
321280.5,4324353.5,CRBU,158.5395965576172,0,S06.b,S06.b,9.922657842597024,M02,9.95196755393459,0.029309711337566213,TRUE
318877.5,4305797.5,CRBU,164.62376403808594,0,Salix wolfii,S21,31.49818088449602,S23,34.44598962809029,2.947808743594269,TRUE
326592.5,4322974.5,CRBU,181.21275329589844,0,S12,S12,15.205267224797653,M01,15.566146284288983,0.3608790594913298,TRUE
318982.5,4306815.5,CRBU,174.39785766601562,0,M01,M01,11.869305623887007,S14,12.23986169670205,0.37055607281504344,TRUE
319490.5,4325557.5,CRBU,156.85484313964844,0,S06.b,S09.a,8.266115578555322,S12,8.543634330874895,0.27751875231957257,TRUE
318784.5,4309962.5,CRBU,181.14427185058597,0,S06.b,S13.b,16.67111353644915,S10.a,16.77922009794128,0.10810656149213216,TRUE
324181.5,4320713.5,CRBU,177.56704711914062,0,S14,S14,17.300841892512803,M01,17.530735645779814,0.22989375326701023,TRUE
325553.5,4323002.5,CRBU,174.88282775878906,0,S06.b,S12,13.603108804528908,M01,13.663157755798515,0.06004895126960719,TRUE
323973.5,4322995.5,CRBU,176.97779846191406,0,S12,S08.a,12.882168901742377,S07,12.95520408608904,0.07303518434666323,TRUE
322013.5,4324974.5,CRBU,179.97702026367188,0,S08.a,S08.a,8.418908510319604,Sambucus racemosa,8.770809218323542,0.3519007080039387,TRUE
320712.5,4319917.5,CRBU,173.38522338867188,0,M01,M01,12.953314353556282,S12,13.712759915992446,0.7594455624361647,TRUE
320271.5,4325650.5,CRBU,163.4412384033203,0,S12,S12,14.191630301439238,S08.a,14.26595055010054,0.07432024866130149,TRUE
325940.5,4314422.5,CRBU,166.56858825683594,0,S12,S12,26.037363591185667,S20,26.954055125892054,0.9166915347063878,TRUE
331166.5,4315005.5,CRBU,166.04544067382812,0,S12,S12,24.500657572452916,S24.a,24.83379465812625,0.3331370856733358,TRUE
329583.5,4317428.5,CRBU,178.73728942871094,0,S12,S08.a,19.720316133281973,S12,20.03084210123728,0.3105259679553072,TRUE
321184.5,4303839.5,CRBU,155.1428985595703,0,S21,S21,20.585538270606285,S23,23.84670395878886,3.261165688182576,TRUE
319055.5,4307242.5,CRBU,166.1304473876953,0,S12,S12,17.418327818357564,M01,17.770519026832428,0.3521912084748635,TRUE
319538.5,4319140.5,CRBU,185.2419586181641,0,S07,S09.a,9.360435389117459,M02,9.781242970460195,0.42080758134273566,TRUE
320208.5,4312089.5,CRBU,162.2780303955078,0,S12,S21,24.402506676746597,S17,26.539712160534858,2.137205483788261,TRUE
331778.5,4319665.5,CRBU,176.24661254882812,0,M01,M01,11.702493356058012,M02,12.516602109122587,0.8141087530645752,TRUE
324391.5,4322707.5,CRBU,157.26235961914062,0,S12,S24.b,19.941109625910528,S24.a,20.13337791016404,0.19226828425351172,TRUE
324736.5,4314620.5,CRBU,156.1326141357422,0,M01,Sambucus racemosa,9.234459844457001,M01,9.553747906290125,0.31928806183312375,TRUE
331646.5,4319317.5,CRBU,169.84573364257812,0,S06.b,M01,16.002946301077902,S12,16.450915957372544,0.44796965629464225,TRUE
318535.5,4313659.5,CRBU,158.2088623046875,0,S12,S12,16.171642951596862,M01,16.461123482893477,0.2894805312966149,TRUE
331346.5,4314749.5,CRBU,157.4969024658203,0,S12,S12,21.366500548033198,S24.a,22.090293156824547,0.7237926087913493,TRUE
323103.5,4315269.5,CRBU,158.6553192138672,0,M01,S08.a,11.206200294774595,M01,11.314252163037628,0.1080518682630327,TRUE
317223.5,4299914.5,CRBU,162.1402130126953,0,S12,S12,15.20047057995359,M01,15.277671937155887,0.0772013572022967,TRUE
323487.5,4300560.5,CRBU,179.588623046875,0,M01,M01,12.639843556264502,S08.a,12.974522650296072,0.3346790940315696,TRUE
318361.5,4308527.5,CRBU,177.9702911376953,0,M02,M02,11.082157770396398,S08.a,11.09314067761942,0.010982907223022309,TRUE
324571.5,4314626.5,CRBU,164.78115844726562,0,S07,Sambucus racemosa,11.599785298045619,Salix boothii,11.62826233266163,0.028477034616010144,TRUE
325040.5,4323995.5,CRBU,174.8240509033203,0,M02,S09.a,4.220169495248907,Ligusticum porteri,4.937053141637973,0.716883646389066,FALSE
320514.5,4321578.5,CRBU,180.8265380859375,0,S12,S08.a,18.159850545830526,S12,18.350503996031076,0.1906534502005499,TRUE
326106.5,4322623.5,CRBU,179.802734375,0,S12,S14,18.13420085452283,S12,18.28715373826169,0.15295288373885896,TRUE
316694.5,4313164.5,CRBU,173.79678344726562,0,S12,S08.a,13.305750723593153,M02,13.592756323681668,0.2870056000885146,TRUE
318193.5,4310869.5,CRBU,163.10650634765625,0,S15,S21,17.227503270747544,S15,20.776051660610655,3.548548389863111,TRUE
320619.5,4325593.5,CRBU,166.01060485839844,0,S24.b,S24.b,19.521853620912513,S24.a,20.15106672457079,0.6292131036582767,TRUE
326580.5,4319629.5,CRBU,155.5229949951172,0,S06.b,Osmorhiza occidentalis,6.465394201634912,M02,6.612513625854645,0.14711942421973312,FALSE
334295.5,4318275.5,CRBU,181.4773712158203,0,S14,S14,14.376947336748431,M01,14.646604096030517,0.26965675928208555,TRUE
324688.5,4314593.5,CRBU,159.5998077392578,0.37599998712539673,M02,S09.a,5.398632950500941,Ligusticum porteri,5.684688915726522,0.2860559652255805,FALSE
318982.5,4314917.5,CRBU,176.10638427734375,0,S12,S12,19.374019314739634,M01,20.41451169652411,1.0404923817844747,TRUE
318016.5,4312077.5,CRBU,169.65602111816406,0,M01,M01,9.934824098280432,S06.b,10.387958915073208,0.453134816792776,TRUE
325565.5,4323032.5,CRBU,173.6979522705078,0,S06.b,S10.c,7.428027087732988,S10.a,7.542188111545037,0.11416102381204851,TRUE
333685.5,4314113.5,CRBU,175.5067138671875,0,M01,S08.a,19.350728909595034,M01,19.485184032627014,0.13445512303198015,TRUE
324064.5,4300728.5,CRBU,159.4767608642578,0,S12,S12,27.85289556326316,S24.a,28.913670992546717,1.0607754292835558,TRUE
318472.5,4321641.5,CRBU,189.8019561767578,0,Salix boothii,S16,158.80033851236712,S25,160.34617481034618,1.545836297979065,TRUE
317565.5,4313260.5,CRBU,169.54891967773438,0,S13.b,S20,19.364711843576536,S17,19.834674550994222,0.469962707417686,TRUE
333070.5,4318281.5,CRBU,167.60887145996094,0,S16,S16,10.407366203254925,S11,13.621085009795511,3.2137188065405855,TRUE
317310.5,4310881.5,CRBU,174.30455017089844,0,S12,M01,14.030946376631368,S12,14.123790414628601,0.09284403799723329,TRUE
322241.5,4305869.5,CRBU,176.65280151367188,0,S14,M01,15.514289973176473,S13.b,15.650039887545415,0.13574991436894202,TRUE
319064.5,4321113.5,CRBU,181.15872192382807,0,S12,S12,11.600492869533271,S08.a,12.607199893762944,1.006707024229673,TRUE
321283.5,4310539.5,CRBU,163.7564697265625,0,S12,S12,12.47685564624059,M01,12.87099782404408,0.3941421778034897,TRUE
334000.5,4312956.5,CRBU,167.88568115234375,0,S12,M01,19.02634629337547,S08.a,19.2209588879662,0.19461259459072977,TRUE
320553.5,4314761.5,CRBU,156.11962890625,0,S14,M01,15.908371219526144,S14,16.289875198128694,0.3815039786025505,TRUE
325391.5,4315587.5,CRBU,163.35116577148438,0,S25,M01,10.469661086753353,S25,10.596163117568778,0.12650203081542521,TRUE
326679.5,4319875.5,CRBU,155.79261779785156,0,S06.b,S06.b,7.381071209062328,M02,7.788281607823872,0.40721039876154386,TRUE
322028.5,4324995.5,CRBU,178.84019470214844,0,S08.a,S08.a,9.727688928939843,Sambucus racemosa,10.23402136675375,0.5063324378139065,TRUE
322127.5,4323428.5,CRBU,157.23043823242188,0,M01,M01,9.628796941364207,S06.b,9.723694264768513,0.09489732340430557,TRUE
323169.5,4300872.5,CRBU,171.94808959960938,0,Juniperus sp.,S08.a,21.69065367159899,M02,22.23666276149575,0.54600908989676,TRUE
323241.5,4320743.5,CRBU,173.9699249267578,0,S06.b,S08.a,13.64885798125949,M02,13.894312606735756,0.24545462547626684,TRUE
321922.5,4316569.5,CRBU,162.12074279785156,0,S09.a,S09.a,7.110705839408785,S26,7.700401081161311,0.5896952417525254,TRUE
318640.5,4311425.5,CRBU,162.70423889160156,0,M01,M01,10.507948029203693,S10.a,10.873744803889679,0.36579677468598604,TRUE
323091.5,4323548.5,CRBU,188.1692047119141,0,Juniperus sp.,S16,176.93866785234098,S25,178.60565926731812,1.666991414977133,TRUE
317328.5,4308905.5,CRBU,169.1893310546875,0,M02,M01,10.147433651146063,S06.b,10.303403952808152,0.15597030166208903,TRUE
318889.5,4309956.5,CRBU,177.46707153320312,0,S06.b,S09.a,9.678164082461128,M02,9.783320373210408,0.10515629074927979,TRUE
320298.5,4320203.5,CRBU,184.5037841796875,0,S12,S12,22.308912864437353,M01,22.58258489680161,0.2736720323642565,TRUE
318217.5,4308698.5,CRBU,177.59632873535156,0,Juniperus sp.,S07,11.874829610859951,S08.a,11.875086710375253,2.570995153021727e-4,TRUE
329679.5,4317509.5,CRBU,171.7124481201172,0,S12,S25,23.787179705025196,S12,23.907306248667293,0.12012654364209752,TRUE
319142.5,4308161.5,CRBU,169.48228454589844,0,S10.a,S10.a,5.874350057724957,S10.c,5.935447551825218,0.06109749410026133,FALSE
327295.5,4321965.5,CRBU,172.04086303710938,0,S12,S12,24.629683607693075,S24.a,24.944240221013946,0.31455661332087104,TRUE
320118.5,4325716.5,CRBU,163.8053741455078,0,S06.b,M02,8.005896193426764,Osmorhiza occidentalis,8.059246156715238,0.053349963288473745,TRUE
320733.5,4321752.5,CRBU,170.6800537109375,0,Salix other,Betula glandulosa,12.625759808324409,Salix other,12.870927479775917,0.24516767145150808,TRUE
322994.5,4318434.5,CRBU,165.28713989257812,0,S12,S20,22.52091332127368,S13.b,22.54988125630175,0.02896793502806716,TRUE
324466.5,4324749.5,CRBU,180.01620483398438,0,S12,S12,14.443668247994358,M01,15.310054706495565,0.8663864585012071,TRUE
321790.5,4315623.5,CRBU,157.14642333984375,0,S21,S21,24.020590988024676,S23,27.765910901115422,3.7453199130907464,TRUE
320622.5,4316188.5,CRBU,161.3155975341797,0,S06.b,S06.b,7.171621797506638,S10.a,7.2480747452120955,0.07645294770545785,TRUE
319979.5,4306797.5,CRBU,177.82554626464844,0,S12,S12,15.392192437669808,M01,17.250503762841547,1.858311325171739,TRUE
321931.5,4325083.5,CRBU,164.28428649902344,0,M02,S09.a,6.075374889914464,Ligusticum porteri,6.738443448469474,0.6630685585550102,FALSE
324820.5,4314332.5,CRBU,156.6919708251953,0,S21,S21,51.02386967005616,S23,54.7522636520693,3.728393982013145,TRUE
323562.5,4314863.5,CRBU,155.86036682128906,0,Veratrum tenuipetalum,S21,23.688019463679442,S23,26.496884270439743,2.808864806760301,TRUE
328310.5,4298617.5,CRBU,164.98497009277344,0,S12,S12,17.748508933146496,S14,18.199667591827133,0.45115865868063665,TRUE
317343.5,4304425.5,CRBU,155.98776245117188,0,S06.b,Osmorhiza occidentalis,10.912103789452372,S06.b,10.956430463245995,0.04432667379362343,TRUE
323313.5,4320554.5,CRBU,173.0841522216797,0,S12,M01,16.65052235358442,S12,16.6590915265721,0.008569172987680673,TRUE
335484.5,4311644.5,CRBU,156.38253784179688,0,S08.a,S08.a,11.752979518604942,M01,12.08538343550303,0.33240391689808746,TRUE
316619.5,4309725.5,CRBU,169.64454650878906,0,S12,S08.a,16.751159026091347,M01,16.790200096250032,0.03904107015868519,TRUE
327064.5,4321749.5,CRBU,159.38284301757812,0,S12,S12,13.736585477856705,S06.b,14.191954161063592,0.4553686832068866,TRUE
319988.5,4312887.5,CRBU,173.1243438720703,0,M01,M01,13.892569324906537,S08.a,13.989631041558813,0.09706171665227536,TRUE
319097.5,4307152.5,CRBU,172.5428009033203,0,M01,M01,13.500804799382868,S08.a,13.735451020839387,0.2346462214565186,TRUE
323049.5,4312830.5,CRBU,156.5969696044922,0,S06.b,M01,16.145042267145868,S10.a,16.19634067466035,0.05129840751448356,TRUE
319379.5,4314020.5,CRBU,162.45849609375,0,M01,S06.b,11.648043474222918,Osmorhiza occidentalis,11.68937776750636,0.04133429328344107,TRUE
319370.5,4309455.5,CRBU,178.599609375,0,M01,M01,7.522779082901207,M02,7.806508235220573,0.28372915231936613,TRUE
319058.5,4317623.5,CRBU,183.93548583984372,0,M02,S07,11.850478273421777,M01,12.03302511274018,0.18254683931840354,TRUE
318190.5,4313293.5,CRBU,175.67283630371094,0,S12,M01,15.104736445215439,S08.a,15.24344215607307,0.13870571085763217,TRUE
327733.5,4321827.5,CRBU,164.49429321289062,0,S12,S12,13.963992733619149,S08.a,14.585080330307383,0.6210875966882341,TRUE
318811.5,4301095.5,CRBU,165.44386291503906,0,M01,M01,11.399908010660223,S06.b,11.445117763622138,0.04520975296191487,TRUE
334985.5,4313029.5,CRBU,156.5253143310547,0,S06.b,M01,15.273050968298447,S06.b,15.497833118400802,0.2247821501023548,TRUE
320373.5,4325365.5,CRBU,155.34844970703125,0,M02,S09.a,7.361719156844032,M02,7.4289878944278,0.06726873758376772,TRUE
320034.5,4318920.5,CRBU,188.43112182617188,0,Juniperus sp.,S12,31.548062085971118,S14,33.215942446932566,1.6678803609614476,TRUE
319736.5,4319590.5,CRBU,182.1053466796875,0,S14,S14,15.88181453836902,S12,16.00792537035649,0.12611083198746798,TRUE
318193.5,4306999.5,CRBU,169.14332580566406,0,S07,S07,12.501870932883765,Caltha leptosepala,12.64050477147742,0.1386338385936554,TRUE
329463.5,4316962.5,CRBU,158.98977661132812,0,Salix wolfii,M01,11.792295876824491,S13.b,11.966664607125935,0.17436873030144362,TRUE
321655.5,4325086.5,CRBU,171.35096740722656,0,S06.b,S08.a,9.318663352245933,M02,9.333487169333045,0.014823817087112445,TRUE
317964.5,4320920.5,CRBU,194.47601318359372,0,Salix boothii,S16,201.80022903617612,S17,203.63848592087956,1.8382568847034406,TRUE
326292.5,4314389.5,CRBU,171.15423583984375,0,S12,S12,17.478546046071582,M01,17.860084019701745,0.38153797363016295,TRUE
335193.5,4311950.5,CRBU,166.3958740234375,0,S12,S08.a,18.020772833442997,M01,18.12673642693263,0.10596359348963347,TRUE
322628.5,4301755.5,CRBU,157.99990844726562,0,S12,M01,14.36152309694817,S12,14.837966029812943,0.4764429328647726,TRUE
319535.5,4307083.5,CRBU,172.51084899902344,0,S12,S12,24.938050016933122,S25,25.51736250366684,0.5793124867337163,TRUE
332682.5,4314608.5,CRBU,175.45460510253906,0,S12,S08.a,17.914631741141402,M01,18.342734035118696,0.42810229397729316,TRUE
319427.5,4312044.5,CRBU,183.1210784912109,0,M01,S14,10.666858834580365,S08.a,10.954903203182058,0.28804436860169247,TRUE
320877.5,4320305.5,CRBU,178.0625,0,M01,S08.a,12.40099556928443,M01,12.416321470451022,0.015325901166592715,TRUE
328844.5,4320080.5,CRBU,189.21337890625,0,Juniperus sp.,S16,154.13980698826916,S25,155.6075703388807,1.4677633506115342,TRUE
318466.5,4310194.5,CRBU,176.7000732421875,0,Salix wolfii,S21,12.72156228412379,Caltha leptosepala,14.690250429783097,1.968688145659307,TRUE
320565.5,4312209.5,CRBU,159.98822021484375,0,S12,S12,17.6603045217277,M01,17.702959269592657,0.042654747864958154,TRUE
327745.5,4322152.5,CRBU,168.88909912109375,0,S12,S12,13.58052513068293,S08.a,13.923828275462535,0.343303144779604,TRUE
323676.5,4320365.5,CRBU,173.8243408203125,0,S06.b,M01,13.60697731718896,S12,14.123038897685564,0.5160615804966042,TRUE
323322.5,4317410.5,CRBU,176.96554565429688,0,S12,S12,24.000177173416354,S20,24.537325779901266,0.53714860648491225,TRUE
317907.5,4315947.5,CRBU,189.11846923828125,0,S14,S14,14.023263557520865,M01,14.058735086108195,0.035471528587329715,TRUE
321076.5,4319599.5,CRBU,161.61473083496094,0,S12,S12,12.964796281195595,S08.a,13.64756075915331,0.6827644779577149,TRUE
323019.5,4300812.5,CRBU,172.35362243652344,0,S12,S12,15.157685359746905,M01,15.207829727406295,0.050144367659390454,TRUE
318379.5,4309635.5,CRBU,186.1501617431641,0,S25,S17,23.010412775797587,S20,25.55669961411566,2.546286838318075,TRUE
317325.5,4313980.5,CRBU,183.23834228515625,0,S25,S14,21.84580893224381,S25,22.195629539415066,0.3498206071712566,TRUE
316637.5,4309656.5,CRBU,189.88201904296875,0,Salix boothii,S16,197.99180183436545,S17,199.80052118459574,1.808719350230291,TRUE
324541.5,4320836.5,CRBU,182.18685913085935,0,S12,S12,19.44875565223869,S25,21.189890813558108,1.7411351613194164,TRUE
318853.5,4307056.5,CRBU,169.4864044189453,0,S08.a,M01,10.984316718091632,S12,11.100690040131864,0.1163733220402321,TRUE
332271.5,4315143.5,CRBU,178.8990478515625,0,S14,S14,18.186393090151967,S07,19.02421671140166,0.8378236212496937,TRUE
317526.5,4310533.5,CRBU,169.10557556152344,0,S12,M01,18.05561048222563,S12,18.14506468480618,0.08945420258054781,TRUE
323583.5,4322272.5,CRBU,161.89378356933594,0,S12,S12,15.978469022518569,S08.a,16.209444692679362,0.23097567016079346,TRUE
317013.5,4311890.5,CRBU,181.4728240966797,0,S12,S12,17.881069702282716,M01,18.341456607252322,0.46038690496960655,TRUE
325820.5,4319983.5,CRBU,170.07920837402344,0,M01,M01,13.37017826656371,S08.a,13.590289212640329,0.22011094607661796,TRUE
333313.5,4313947.5,CRBU,163.45455932617188,0,S12,S12,17.45293532525918,S14,18.061882860136876,0.6089475348776965,TRUE
321874.5,4325749.5,CRBU,191.98193359375,0.6029999852180481,Juniperus sp.,S16,192.60825927424773,S25,194.60965011602653,2.0013908417788002,TRUE
325802.5,4321665.5,CRBU,167.8230438232422,0,S06.b,S09.a,11.70070429174325,Sambucus racemosa,11.74766360478089,0.04695931303763956,TRUE
334286.5,4317071.5,CRBU,180.326171875,0,S12,S08.a,14.82225665696254,M02,15.414424051403964,0.5921673944414234,TRUE
318973.5,4307869.5,CRBU,168.5115509033203,0,M01,M01,11.371603988050815,S06.b,11.617651196900498,0.24604720884968323,TRUE
323889.5,4320233.5,CRBU,171.8240966796875,0,S03,S03,4.897962099773271,Veratrum tenuipetalum,5.805152079682038,0.9071899799087673,FALSE
328808.5,4298029.5,CRBU,160.70555114746094,0,S12,S12,21.172016170695198,S25,21.485333041833695,0.3133168711384968,TRUE
316061.5,4308999.5,CRBU,196.22650146484372,0,Salix boothii,S16,202.75701779148514,S17,204.53552681348216,1.7785090219970243,TRUE
325361.5,4324197.5,CRBU,174.65663146972656,0,S12,S12,12.77955198359842,S07,13.106478032864175,0.3269260492657544,TRUE
322091.5,4315866.5,CRBU,156.2740478515625,0,M01,M01,8.658121835456459,S10.a,8.765731839084104,0.10761000362764506,TRUE
321865.5,4318458.5,CRBU,168.81060791015625,0,S21,S21,31.212922523983526,S23,34.93417929413677,3.721256770153243,TRUE
317643.5,4308050.5,CRBU,171.0392608642578,0.10700000077486038,S09.a,S09.a,7.556696111402496,Ligusticum porteri,8.104693972507524,0.5479978611050287,TRUE
329040.5,4318584.5,CRBU,168.08135986328125,0,M01,M01,12.640141679952615,S12,12.776741559519976,0.13659987956736153,TRUE
323379.5,4316458.5,CRBU,172.47909545898438,0,M01,Sambucus racemosa,10.530999665816651,S08.a,10.648138173696095,0.11713850787944402,TRUE
328490.5,4317512.5,CRBU,172.31729125976562,0,S14,S14,12.728767911493282,M01,13.544240867193935,0.8154729557006526,TRUE
323736.5,4323746.5,CRBU,182.11148071289065,0,Artemisia tridentata,S16,88.69020655299985,S25,89.53835911670765,0.8481525637077993,TRUE
323301.5,4323602.5,CRBU,184.17593383789065,0,S12,M01,17.872814023934826,S12,17.92352851277649,0.0507144888416633,TRUE
323799.5,4320467.5,CRBU,173.3695068359375,0,S12,S12,13.750494186022578,S08.a,13.956715234715265,0.20622104869268654,TRUE
319031.5,4306962.5,CRBU,171.83969116210938,0,M02,S08.a,8.367781617248376,M02,8.380093585410002,0.012311968161625941,TRUE
316811.5,4310698.5,CRBU,181.415771484375,0,S12,S08.a,15.417189243914368,M01,15.521785695591227,0.10459645167685849,TRUE
317790.5,4309536.5,CRBU,178.6090545654297,0.503000020980835,S12,S14,16.883125123334693,S07,16.940569847291627,0.057444723956933785,TRUE
319118.5,4320764.5,CRBU,183.4884033203125,0,S06.b,S14,14.666023077677288,M01,14.95598106394551,0.289957986268222,TRUE
324013.5,4300695.5,CRBU,168.5026092529297,0,S25,S12,27.382829970148915,S25,27.55235250221246,0.16952253206354584,TRUE
319424.5,4301380.5,CRBU,169.444091796875,0,Sambucus racemosa,Sambucus racemosa,8.316761665515482,Caltha leptosepala,8.487220217031064,0.17045855151558165,TRUE
324031.5,4321560.5,CRBU,173.4259033203125,0,S12,S12,13.518008530286517,S07,13.818773606867353,0.30076507658083607,TRUE
319232.5,4307749.5,CRBU,178.5848846435547,0,S08.a,S08.a,8.568844145275905,S07,8.698752858516839,0.12990871324093334,TRUE
327511.5,4321860.5,CRBU,163.7349853515625,0,S12,S12,13.71365406901116,M02,14.229408367094111,0.5157542980829515,TRUE
323811.5,4322665.5,CRBU,158.19613647460938,0,S12,S12,17.05933562489855,S25,17.70035215065942,0.6410165257608682,TRUE
332652.5,4314980.5,CRBU,168.62574768066406,0,Dasiphora fruticosa,S20,19.62300927493321,M01,19.968994944991227,0.34598567005801684,TRUE
320397.5,4318905.5,CRBU,182.49815368652344,0,S12,S12,22.449531619003892,S25,23.726207364166605,1.2766757451627129,TRUE
317040.5,4312725.5,CRBU,179.80029296875,0,S12,S12,19.727490842407583,S25,20.098392269052958,0.37090142664537495,TRUE
322034.5,4322335.5,CRBU,159.6024627685547,0,S06.b,S10.a,7.835015862746437,S09.a,7.862743303793375,0.02772744104693814,TRUE
321091.5,4315563.5,CRBU,163.7451171875,0,M02,S09.a,7.331109748661911,M02,7.610344020734852,0.2792342720729408,TRUE
319274.5,4312626.5,CRBU,172.39871215820312,0,S12,S21,76.48444248827099,S17,78.29472107171975,1.8102785834487634,TRUE
321064.5,4318977.5,CRBU,180.5782928466797,0,S12,S14,15.238140284698726,S12,15.575783316182106,0.3376430314833794,TRUE
321022.5,4325581.5,CRBU,169.2248077392578,0,S06.b,S24.b,18.471933156531296,S24.a,19.133224362966548,0.6612912064352514,TRUE
328769.5,4321476.5,CRBU,166.10272216796875,0,S12,S12,15.556767198893466,M01,15.675416625403809,0.11864942651034305,TRUE
320196.5,4311668.5,CRBU,172.08644104003906,0,S14,M01,14.900465320569364,S14,15.12093647509335,0.22047115452398636,TRUE
323139.5,4316416.5,CRBU,177.37677001953125,0,S12,S24.b,21.140461627026507,S24.a,21.702982779666687,0.5625211526401799,TRUE
323988.5,4322602.5,CRBU,169.43637084960938,0,S06.b,S08.a,13.241851468563173,M02,13.459088415053637,0.21723694649046443,TRUE
327751.5,4321065.5,CRBU,174.73495483398438,0,S12,S24.b,23.32572054584065,S24.a,23.648087809916333,0.32236726407568383,TRUE
327838.5,4320035.5,CRBU,159.50213623046875,0,S12,S12,14.423646046773072,M02,15.137347169175753,0.7137011224026804,TRUE
318769.5,4309071.5,CRBU,170.03067016601562,0,M01,M02,10.610876778506984,S09.a,10.678500991567818,0.06762421306083333,TRUE
320565.5,4315170.5,CRBU,163.6505584716797,0,S06.b,M01,13.467401036237677,S08.a,13.551178427102611,0.08377739086493463,TRUE
322595.5,4323440.5,CRBU,170.5356903076172,0,S06.b,S08.a,14.845991445175809,Sambucus racemosa,14.914798072104952,0.06880662692914363,TRUE
324187.5,4320716.5,CRBU,177.56704711914062,0,Juniperus sp.,S16,178.02172701402154,S25,179.57065720835288,1.5489301943313478,TRUE
319000.5,4307611.5,CRBU,179.87646484375,0,Salix boothii,S16,176.34610539824777,S25,178.04396793675627,1.6978625385085024,TRUE
322442.5,4323344.5,CRBU,162.6768035888672,0,S09.a,S09.a,6.8934826779030836,M02,7.146021469543971,0.25253879164088744,FALSE
316910.5,4312584.5,CRBU,188.14370727539065,0,Juniperus sp.,S16,111.96423822113978,S25,115.19877820179045,3.2345399806506663,TRUE
318184.5,4318959.5,CRBU,187.3000030517578,0,S12,S14,19.002187013012076,S12,19.089297830243503,0.08711081723142655,TRUE
320859.5,4306389.5,CRBU,170.25869750976562,0,S12,S08.a,17.316223286697007,S13.b,17.695059630604362,0.37883634390735565,TRUE
317751.5,4306401.5,CRBU,159.57643127441406,0,S12,S12,15.707804870994025,M01,16.47083565509193,0.7630307840979036,TRUE
321640.5,4325125.5,CRBU,168.267822265625,0,M01,S08.a,13.873200569094339,M02,14.15376542902282,0.28056485992848224,TRUE
331493.5,4314284.5,CRBU,159.14987182617188,0,S12,S12,14.496114184865894,M01,14.911690886636332,0.4155767017704388,TRUE
317919.5,4313995.5,CRBU,175.01351928710938,0,M01,M01,9.769347091268555,S13.b,10.284961769413423,0.5156146781448676,TRUE
319130.5,4312767.5,CRBU,164.9630584716797,0,Salix boothii,S16,144.6140294245269,S25,148.0874732362301,3.4734438117031914,TRUE
331871.5,4315065.5,CRBU,182.19813537597656,0,S06.b,M01,15.239575869379326,S12,15.46333701820891,0.22376114882958298,TRUE
328127.5,4321179.5,CRBU,179.21376037597656,0,S10.a,S10.c,9.318724067042458,S10.a,9.534362023455532,0.21563795641307415,TRUE
322484.5,4319392.5,CRBU,181.0378875732422,0,S12,S12,17.751958621293216,M01,19.581949938090013,1.8299913167967965,TRUE
320265.5,4319710.5,CRBU,173.15016174316406,0,S12,S12,14.660230988374462,M01,15.540680301420634,0.8804493130461726,TRUE
317883.5,4307452.5,CRBU,172.19180297851562,0,S12,S12,15.093325586310074,M01,15.282240598412772,0.18891501210269723,TRUE
317115.5,4309425.5,CRBU,184.50704956054688,0,S12,S12,17.42243257932191,M01,17.72356007162394,0.3011274923020295,TRUE
317835.5,4311161.5,CRBU,173.99557495117188,0,S06.b,S06.b,12.088015938338499,M02,12.100598581174697,0.012582642836198588,TRUE
318193.5,4305749.5,CRBU,163.59207153320312,0,S10.a,S10.c,7.838725023809201,S10.a,8.055268916950906,0.2165438931417052,TRUE
318085.5,4307419.5,CRBU,172.5116729736328,0,S06.b,S09.a,6.864996933802995,S10.a,6.9678501429018755,0.10285320909888096,FALSE
322523.5,4316920.5,CRBU,166.64144897460938,0,S12,S20,24.692128433833496,S13.b,25.74068688908247,1.0485584552489726,TRUE
319613.5,4318095.5,CRBU,166.84628295898438,0,S12,S09.a,10.437382517400321,S12,10.584748021326783,0.14736550392646208,TRUE
323442.5,4320383.5,CRBU,175.10414123535156,0,S12,S21,33.311501107218945,S23,36.95555869851153,3.6440575912925866,TRUE
327406.5,4319173.5,CRBU,158.88096618652344,0,S12,S21,13.235515665154313,S11,13.397641748319478,0.1621260831651643,TRUE
327910.5,4318425.5,CRBU,155.82717895507812,0,S06.b,S06.b,12.841508933550584,M02,12.888630908424597,0.04712197487401326,TRUE
321691.5,4325635.5,CRBU,160.53724670410156,0,Salix wolfii,S09.a,10.419932695375133,S12,10.527798573630283,0.1078658782551507,TRUE
331685.5,4314734.5,CRBU,164.12953186035156,0,S12,S12,19.432073980551984,S24.a,20.16375353169972,0.7316795511477352,TRUE
321754.5,4324848.5,CRBU,177.01388549804688,0,M02,S08.a,9.393273941618233,M02,9.514300674334853,0.12102673271662034,TRUE
332922.5,4318986.5,CRBU,163.0366668701172,0.3840000033378601,Sambucus racemosa,S08.a,13.432890672225223,S07,13.597039058381519,0.16414838615629535,TRUE
317895.5,4312911.5,CRBU,175.5425567626953,0,M02,S08.a,10.705983927179753,M01,10.76811893639066,0.0621350092109072,TRUE
325754.5,4319839.5,CRBU,166.49887084960938,0,M01,M01,13.414768454854372,S12,13.50910446739034,0.0943360125359689,TRUE
316859.5,4309014.5,CRBU,182.0361175537109,0,S12,S12,15.877792265980187,M01,16.132694042860017,0.25490177687983007,TRUE
319934.5,4319116.5,CRBU,185.9102325439453,0,S12,S12,19.363054348010863,S14,20.6668527558524,1.303798407841537,TRUE
359259.5,4313392.5,UPTA,125.53933715820312,0,S05.a,S05.a,10.854328124951902,S10.b,10.903561350042335,0.0492332250904326,TRUE
357697.5,4313746.5,UPTA,127.46373748779295,0,S05.a,S10.c,8.937226785240865,S10.a,9.004920962921437,0.06769417768057195,TRUE
356322.5,4314239.5,UPTA,128.1222381591797,0,S22,S22,19.466836473123667,S24.a,21.127523728636756,1.6606872555130892,TRUE
359211.5,4311680.5,UPTA,127.76945495605467,0,S05.a,S10.a,11.846122253653194,S10.c,11.923538819205683,0.07741656555248966,TRUE
355007.5,4314920.5,UPTA,129.58840942382812,0,Salix wolfii,Salix wolfii,11.265952853611763,S10.a,11.350794291049349,0.08484143743758565,TRUE
356394.5,4314332.5,UPTA,127.87782287597656,0,S22,S22,19.913753319107727,S24.a,21.349627023759847,1.4358737046521206,TRUE
359379.5,4311737.5,UPTA,128.25645446777344,0,S22,S22,20.64970597266269,S24.b,22.727382417195837,2.0776764445331466,TRUE
359439.5,4313257.5,UPTA,124.18565368652344,0,S05.a,S05.a,12.787926061785793,M03,12.995851056813471,0.20792499502767825,TRUE
358949.5,4313503.5,UPTA,126.001953125,0,S22,S22,14.285294247948174,M03,14.912028815027602,0.6267345670794278,TRUE
359253.5,4312947.5,UPTA,127.361572265625,0,S05.a,S22,14.450060498181887,S05.a,14.634059914388478,0.183999416206591,TRUE
359520.5,4312533.5,UPTA,128.0222930908203,0,S05.a,S22,14.889176503633413,M03,15.085020654560026,0.19584415092661267,TRUE
361691.5,4308569.5,UPTA,123.22447967529295,0,S22,S22,18.312382988952404,S25,20.276775088877393,1.9643920999249893,TRUE
358586.5,4313239.5,UPTA,124.15039825439452,0,S05.a,Osmorhiza occidentalis,14.538384977571459,Ligusticum porteri,14.543135038085827,0.004750060514368215,TRUE
359478.5,4312140.5,UPTA,123.66779327392578,0,S05.a,S22,14.45640098246111,S05.a,14.51772449878858,0.06132351632746946,TRUE
361637.5,4310188.5,UPTA,126.44123077392578,0,M03,S21,32.414898153565964,S23,36.290748697281934,3.87585054371597,TRUE
359847.5,4309098.5,UPTA,129.1739501953125,0,S19,S10.c,8.8047488550336,S10.b,8.861434336885008,0.056685481851408426,TRUE
359118.5,4313251.5,UPTA,127.0012664794922,0,S22,S22,18.617709507644793,S18,20.703982276120417,2.0862727684756237,TRUE
362238.5,4310533.5,UPTA,123.5045166015625,0,M03,S21,20.013334330670453,Artemisia tridentata,20.623066829876066,0.609732499205613,TRUE
355313.5,4314389.5,UPTA,128.17898559570312,0,S11,S10.b,7.6873282491708945,S10.c,7.705248396045712,0.017920146874817355,TRUE
361367.5,4309554.5,UPTA,125.63346862792967,0,S10.a,S10.a,6.797958745825731,S10.b,6.892218181437589,0.09425943561185779,FALSE
357526.5,4314533.5,UPTA,125.52761840820312,0.3880000114440918,S10.a,S10.a,8.474047141018156,Salix wolfii,8.517203080164608,0.04315593914645177,TRUE
361091.5,4309614.5,UPTA,127.90998840332033,0,S05.a,S05.a,11.958640622485115,M03,12.263486296433529,0.3048456739484138,TRUE
358496.5,4312473.5,UPTA,128.8983612060547,0,S22,S22,19.933018910119802,S24.a,21.111861644267854,1.178842734148052,TRUE
358157.5,4313050.5,UPTA,129.1177520751953,0,S22,S22,20.879293310497648,S24.b,21.96729497890485,1.0880016684072018,TRUE
361772.5,4309617.5,UPTA,125.98056030273438,0,S22,S22,15.920343828971301,S18,16.391823667074323,0.4714798381030221,TRUE
359856.5,4308659.5,UPTA,128.04397583007812,0,S05.a,S22,15.093767074953497,S01.b,15.298130074905771,0.20436299995227358,TRUE
357154.5,4314089.5,UPTA,129.10203552246094,0,S10.a,S09.a,8.835170268608271,S10.a,8.971708342116031,0.1365380735077597,TRUE
361958.5,4311923.5,UPTA,127.61123657226562,0,S10.a,S10.c,7.021966649117891,S10.a,7.108591455828308,0.08662480671041717,TRUE
361079.5,4310335.5,UPTA,122.32757568359376,0,S10.a,S10.a,8.52021168002538,S10.c,8.635800554807794,0.11558887478241431,TRUE
361124.5,4310560.5,UPTA,123.9505386352539,0,S22,S22,18.692603827508567,S24.b,18.772511502589442,0.07990767508087515,TRUE
359247.5,4312227.5,UPTA,125.13565063476562,0,S22,S24.a,20.380416796426687,S24.b,20.38072732982612,3.105333994319892e-4,TRUE
360457.5,4311437.5,UPTA,124.12803649902344,0,S22,S22,18.869589099314364,S24.b,19.034242018815085,0.16465291950072114,TRUE
358733.5,4313089.5,UPTA,129.11566162109375,0,S22,S22,20.01470429114395,S24.a,20.259700432384,0.2449961412400512,TRUE
358601.5,4313155.5,UPTA,124.6247787475586,0,S10.a,S10.a,7.105839672583217,S10.c,7.2102700894309,0.10443041684768328,TRUE
360433.5,4310182.5,UPTA,121.74343872070312,0,S18,S24.b,18.249726653872152,S24.a,18.29264390565791,0.04291725178575945,TRUE
356451.5,4314173.5,UPTA,129.43890380859375,0,S22,S22,18.973277407302565,S25,20.761809890579404,1.788532483276839,TRUE
358325.5,4313170.5,UPTA,121.15573120117188,0,S05.a,S22,13.494950658310088,S05.a,13.52384649359085,0.028895835280762228,TRUE
357892.5,4313989.5,UPTA,129.15487670898438,0,S05.a,S10.c,9.345724765071717,S10.b,9.457396466505806,0.11167170143408889,TRUE
360478.5,4310212.5,UPTA,123.2624053955078,0,S22,S22,18.55803678973974,S24.a,19.602367818549506,1.044331028809765,TRUE
353052.5,4312131.5,UPTA,127.46715545654295,0,S12,M02,13.415554025237714,S12,13.471873527155983,0.056319501918268955,TRUE
360799.5,4309527.5,UPTA,126.548583984375,0,S22,S22,18.772130372279285,S24.b,18.969153123863432,0.1970227515841465,TRUE
359055.5,4312317.5,UPTA,126.9985122680664,0,Salix wolfii,Salix wolfii,9.811332670195075,S10.a,10.109667318275864,0.2983346480807896,TRUE
360844.5,4310644.5,UPTA,125.92543029785156,0,S10.a,S10.a,9.445624840707005,S10.b,9.474721304484238,0.02909646377723263,TRUE
361820.5,4308254.5,UPTA,121.99502563476562,0,S22,S22,19.64098118821252,S18,20.144706197803554,0.5037250095910331,TRUE
360418.5,4311092.5,UPTA,127.78038787841795,0,S22,S22,19.048228202161692,S24.b,20.622661479341723,1.574433277180031,TRUE
360955.5,4311035.5,UPTA,128.5580596923828,0,S10.a,S10.c,6.907983659846354,S10.a,7.0626305060623045,0.15464684621595026,FALSE
358040.5,4313881.5,UPTA,127.75513458251952,0,S05.a,S14,12.241905464247095,S10.b,12.333779436526036,0.09187397227894145,TRUE
360217.5,4312059.5,UPTA,127.7593231201172,0,S22,S22,18.02763004775643,S25,18.875324603129403,0.8476945553729749,TRUE
361049.5,4310245.5,UPTA,120.86369323730467,0,S22,S19,14.959249212143419,S18,15.029650576682627,0.07040136453920809,TRUE
358151.5,4314275.5,UPTA,127.70040893554688,0,S19,S10.a,11.751056876990528,S10.b,11.794013896157407,0.04295701916687911,TRUE
357904.5,4314080.5,UPTA,127.41372680664062,0,S05.a,S10.c,8.46860083366127,S10.a,8.577278241182476,0.10867740752120625,TRUE
357466.5,4314203.5,UPTA,126.28910064697266,0,S05.a,S04.a,12.004000299212837,S10.c,12.229882776401672,0.22588247718883459,TRUE
359745.5,4312623.5,UPTA,127.57910919189452,0,S22,S22,19.900687221908402,S24.b,21.058000274218152,1.1573130523097497,TRUE
362127.5,4310863.5,UPTA,126.6534652709961,0,S24.a,S24.a,18.433528270437957,S24.b,18.578611958753704,0.14508368831574714,TRUE
362208.5,4309881.5,UPTA,126.46195220947266,0,Dasiphora fruticosa,S26,9.328776542663059,Betula glandulosa,9.3522060193125,0.02342947664944184,TRUE
358859.5,4309995.5,UPTA,127.13895416259766,0,S19,S10.a,10.779443307448277,S10.b,10.803099101289368,0.0236557938410904,TRUE
358157.5,4313740.5,UPTA,129.5208740234375,0,S05.a,S10.b,11.13181781797802,S10.a,11.184550693044384,0.052732875066364926,TRUE
361457.5,4309047.5,UPTA,129.97802734375,0,S22,S22,16.341097805187573,S05.a,17.346619236014593,1.0055214308270202,TRUE
361835.5,4309374.5,UPTA,123.598388671875,0,S22,S22,20.551792069438267,S24.a,20.642721982403213,0.09092991296494546,TRUE
361355.5,4309824.5,UPTA,123.22721099853516,0,S22,S22,17.24867584381987,S24.b,18.046446569547864,0.7977707257279931,TRUE
359475.5,4312653.5,UPTA,120.9170379638672,0,S05.a,S22,14.361031338025752,S05.a,14.690604726278707,0.329573388252955,TRUE
361388.5,4308701.5,UPTA,121.42134857177734,0,S22,S22,17.12722226336451,S05.a,18.939212956819865,1.811990693455357,TRUE
361685.5,4308719.5,UPTA,126.87602996826172,0,S22,S22,16.328912514101066,S18,16.72737443858199,0.3984619244809231,TRUE
362100.5,4308995.5,UPTA,127.48011016845705,0,S22,S24.b,17.30281350115713,S24.a,18.16064376270386,0.8578302615467308,TRUE
360949.5,4311530.5,UPTA,122.32022094726562,0,S22,S22,19.069868712740142,S24.a,19.63047311525839,0.5606044025182477,TRUE
359370.5,4312410.5,UPTA,126.53980255126952,0,S22,S22,19.645703025971027,S18,21.315151957522374,1.6694489315513472,TRUE
359955.5,4312398.5,UPTA,129.5660400390625,0,S22,S22,18.970045960601663,S24.b,20.047334414715742,1.077288454114079,TRUE
361151.5,4311926.5,UPTA,129.0298614501953,0,S05.a,S14,9.965775474095766,S10.c,10.387858075407095,0.42208260131132924,TRUE
359118.5,4313590.5,UPTA,126.94229888916016,0,S05.a,S10.a,11.263859852010357,S19,11.370616060752756,0.10675620874239833,TRUE
358829.5,4312878.5,UPTA,126.98177337646484,0,S01.a,Sambucus racemosa,10.705146975755069,S10.c,10.719234661166649,0.014087685411579898,TRUE
359481.5,4312533.5,UPTA,127.07628631591795,0,S05.a,S10.b,13.06159595981857,S10.a,13.202918100372361,0.14132214055379144,TRUE
362196.5,4309743.5,UPTA,125.4202880859375,0,S22,S22,13.30748082437475,S02.a,13.677739427352776,0.3702586029780264,TRUE
360316.5,4311419.5,UPTA,124.1467742919922,0,S05.a,S04.a,10.305232528813034,S10.c,10.483763596020083,0.17853106720704837,TRUE
357865.5,4314275.5,UPTA,129.068603515625,0,S22,S22,18.825834153332057,S24.b,20.58014927183264,1.7543151185005819,TRUE
361739.5,4309620.5,UPTA,125.39205169677734,0,S22,S22,19.722526030839596,S18,20.71979717970822,0.9972711488686237,TRUE
361139.5,4310908.5,UPTA,126.18035888671876,0,S22,S22,18.346107778672295,S24.b,19.569503409204582,1.2233956305322877,TRUE
357946.5,4314296.5,UPTA,128.33787536621094,0,Dasiphora fruticosa,Salix wolfii,9.668172786563785,S10.a,9.73798145788933,0.06980867132554458,TRUE
360166.5,4311443.5,UPTA,124.15290832519533,0,S10.a,S10.c,7.438867932717219,S10.a,7.603690859517444,0.16482292680022503,TRUE
361226.5,4310914.5,UPTA,126.73843383789062,0,S25,S24.b,17.148887187479847,S24.a,17.17814137879862,0.029254191318774048,TRUE
361043.5,4310146.5,UPTA,124.5625,0.35899999737739563,Salix wolfii,S10.a,6.950280308060176,S10.c,7.0317140077122255,0.08143369965204972,TRUE
356412.5,4314020.5,UPTA,128.9319305419922,0,S10.a,S10.c,7.5774208770404226,S10.a,7.698354137963407,0.12093326092298451,TRUE
361889.5,4308704.5,UPTA,121.5632553100586,0,S22,S22,18.13952047278368,S24.b,19.502148137593128,1.3626276648094482,TRUE
357187.5,4312917.5,UPTA,126.84815216064452,0,S18,S24.b,17.49353964980109,S24.a,17.56532464970386,0.07178499990277132,TRUE
360652.5,4311668.5,UPTA,120.34722900390624,0,S22,S22,19.25808500113199,S24.b,20.170724186123042,0.9126391849910505,TRUE
359328.5,4312074.5,UPTA,128.12599182128906,0,Salix wolfii,Osmorhiza occidentalis,13.40040452269735,M01,13.407737700861182,0.007333178163831278,TRUE
361346.5,4308539.5,UPTA,122.37537384033205,0,S05.a,S14,13.457739665651012,S05.a,13.770047870268945,0.31230820461793307,TRUE
360721.5,4311569.5,UPTA,120.23786926269533,0,S19,S10.a,9.376262129380706,S10.c,9.4724109055968,0.09614877621609352,TRUE
359778.5,4313029.5,UPTA,126.82469177246094,0,S22,S22,19.82457042276886,S24.b,20.346766098101472,0.5221956753326111,TRUE
360427.5,4310248.5,UPTA,123.82404327392578,0,S22,S22,19.73038821878895,S24.a,21.393489816390716,1.6631015976017665,TRUE
361382.5,4313095.5,UPTA,129.41278076171875,0,S10.a,S10.b,8.979307001391355,S10.a,9.141552005260145,0.16224500386879015,TRUE
356121.5,4313887.5,UPTA,129.16001892089844,0,S19,Salix wolfii,10.25883121126933,S10.a,10.260765386904518,0.0019341756351884953,TRUE
357142.5,4314623.5,UPTA,129.56655883789062,2.263999938964844,S05.a,S10.b,13.70598478321571,S10.a,13.75461315643231,0.04862837321659974,TRUE
361985.5,4308164.5,UPTA,121.2557144165039,0,S22,S22,17.94390028428991,S24.a,18.77400060116594,0.830100316876031,TRUE
361979.5,4309632.5,UPTA,122.54109954833984,0,S22,S22,15.974742196214015,S18,16.918631644565984,0.9438894483519693,TRUE
357457.5,4313752.5,UPTA,127.74365997314452,0,S05.a,S10.c,7.53955339507427,S10.a,7.580725039647736,0.041171644573466004,TRUE
358154.5,4313959.5,UPTA,127.0715789794922,0,S05.a,S22,14.373825379501024,S10.b,14.839500685154777,0.46567530565375215,TRUE
360826.5,4311473.5,UPTA,123.34947204589844,0,S19,S10.a,9.67072430236765,S10.c,9.717952342315428,0.047228039947777134,TRUE
358715.5,4309893.5,UPTA,127.86935424804688,0,S01.a,S10.a,15.499793084033843,S02.a,15.570003077348623,0.07020999331477995,TRUE
360922.5,4310797.5,UPTA,120.302490234375,0,S22,S22,17.514830637811894,S24.a,17.789116265931334,0.2742856281194399,TRUE
358232.5,4314059.5,UPTA,128.11497497558594,0,S22,S22,16.55363802133798,S24.b,17.338756734380013,0.7851187130420314,TRUE
359136.5,4312089.5,UPTA,128.83407592773438,0,S22,S22,18.364525874191823,S24.b,19.805307187891277,1.4407813136994534,TRUE
360349.5,4311476.5,UPTA,128.68609619140625,0,S05.a,S04.a,12.057552339035627,S05.a,12.186070891083048,0.1285185520474208,TRUE
358010.5,4313626.5,UPTA,126.95256042480467,0,S22,S24.a,21.009241952070195,S22,21.03935987417412,0.030117922103926276,TRUE
360307.5,4311488.5,UPTA,125.5623550415039,0,S10.a,S10.b,8.130113939546005,S10.a,8.135755968685555,0.005642029139549365,TRUE
361553.5,4308704.5,UPTA,126.82191467285156,0,S22,S22,18.46719620591017,S24.b,20.20979383982462,1.7425976339144498,TRUE
357343.5,4314143.5,UPTA,128.9901123046875,0,S19,S10.a,9.940020058051525,S10.c,10.043644358536358,0.1036243004848334,TRUE
360946.5,4309419.5,UPTA,127.59963989257812,0,S22,S22,18.23390951953471,S24.a,19.870144824265306,1.6362353047305973,TRUE
357712.5,4314149.5,UPTA,128.52975463867188,0,S01.a,S04.a,8.123392279616308,S10.c,8.31726910956593,0.1938768299496214,TRUE
361040.5,4308965.5,UPTA,127.8926010131836,0,S22,S22,18.955509340718457,S24.a,20.45839836436713,1.5028890236486738,TRUE
361286.5,4308797.5,UPTA,127.09925842285156,0,S22,S22,18.0105571690769,S05.a,19.97030221265351,1.9597450435766106,TRUE
355154.5,4314413.5,UPTA,129.16383361816406,0,S10.a,Osmorhiza occidentalis,9.363824534177754,S10.b,9.3824546594795,0.018630125301745792,TRUE
359538.5,4313311.5,UPTA,125.70660400390624,0,S19,S10.a,13.26046529988756,S10.b,13.32302195114034,0.06255665125278043,TRUE
359397.5,4312248.5,UPTA,124.23200225830078,0,S22,S22,18.484564469521576,S24.b,19.293367177065118,0.808802707543542,TRUE
360091.5,4311563.5,UPTA,124.0789794921875,0,S10.a,S10.a,6.511393570423361,S10.c,6.579544542327366,0.06815097190400543,FALSE
361595.5,4308440.5,UPTA,121.80445098876952,0,S22,S22,16.087396152582233,S05.a,16.80534887716865,0.7179527245864179,TRUE
359565.5,4312554.5,UPTA,128.04147338867188,0,S05.a,S22,15.08182322730573,M03,15.306996280186693,0.22517305288096345,TRUE
357934.5,4313758.5,UPTA,128.05322265625,0,S05.a,S04.a,10.769828576761855,S05.a,10.89507555604016,0.1252469792783053,TRUE
360232.5,4311803.5,UPTA,129.2578125,0,S22,S22,19.36421628092696,S24.b,20.18080933936653,0.8165930584395689,TRUE
358592.5,4313827.5,UPTA,124.5862808227539,0,S22,S22,18.432115473434433,S24.b,19.848855255493525,1.4167397820590928,TRUE
361145.5,4310239.5,UPTA,126.6608657836914,0,Salix wolfii,S10.a,8.30699809339686,S10.c,8.435739168478449,0.12874107508158872,TRUE
361808.5,4308449.5,UPTA,128.1146240234375,0,S22,S22,17.84073335765516,S18,18.77625915454561,0.9355257968904489,TRUE
355313.5,4317725.5,UPTA,145.3163299560547,0,S14,S16,20.063845870535733,S14,23.936404797284155,3.8725589267484217,TRUE
351787.5,4319344.5,UPTA,142.614501953125,0,S01.a,S04.a,14.487696187982547,S02.a,14.610857853904516,0.12316166592196964,TRUE
356490.5,4314395.5,UPTA,131.2882537841797,0,S05.a,S10.c,9.553467239308732,S10.a,9.625887348159434,0.07242010885070194,TRUE
359466.5,4307293.5,UPTA,131.67608642578125,0,S01.a,S10.a,15.589911538085168,S10.b,15.689234379366354,0.09932284128118596,TRUE
356049.5,4313992.5,UPTA,130.8811492919922,0,Salix wolfii,Salix wolfii,8.510292960573627,Salix other,8.816140358229092,0.3058473976554641,TRUE
352361.5,4318500.5,UPTA,137.6520538330078,0,S05.a,S04.a,11.98299889422804,S10.b,11.990191943575839,0.007193049347799629,TRUE
357268.5,4311077.5,UPTA,136.7528533935547,0,S14,S14,19.832237274217587,S22,19.98498897518862,0.1527517009710344,TRUE
356199.5,4306476.5,UPTA,147.5381622314453,0,S10.a,S10.c,7.386564884885408,S10.a,7.716256110417893,0.32969122553248464,TRUE
348604.5,4317089.5,UPTA,148.7469482421875,0,S06.b,S10.a,9.692531349660506,S10.c,9.848539069249432,0.156007719588926,TRUE
355097.5,4314638.5,UPTA,132.34812927246094,0,S05.a,S04.a,14.28508839985345,S05.a,14.377003199223084,0.09191479936963454,TRUE
360889.5,4313719.5,UPTA,136.84619140625,0,S06.b,S24.b,21.04808202271545,S24.a,21.20956240007874,0.16148037736329002,TRUE
352166.5,4321020.5,UPTA,139.04457092285156,0,S20,M01,18.5256484178128,M02,18.537759267255684,0.012110849442883875,TRUE
360361.5,4306671.5,UPTA,133.36769104003906,0,S05.a,S10.b,11.905421963773264,S10.a,11.978852205620248,0.07343024184698344,TRUE
352691.5,4320356.5,UPTA,151.47933959960938,0,S12,Salix wolfii,11.574689250608547,Salix other,11.684108199927072,0.1094189493185258,TRUE
356520.5,4311164.5,UPTA,145.4022674560547,0,S22,S22,30.175353420302923,S18,31.885133930969467,1.709780510666544,TRUE
351850.5,4322791.5,UPTA,153.30323791503906,0,S12,S08.a,16.96051318300846,S12,16.986728576361045,0.026215393352586602,TRUE
354832.5,4314668.5,UPTA,133.07740783691406,0,S10.a,S10.a,11.119760624926775,S10.b,11.30889929940065,0.18913867447387567,TRUE
359739.5,4310014.5,UPTA,135.1165008544922,0,S10.a,S10.a,8.861888280748719,S10.b,9.047023207343457,0.1851349265947384,TRUE
353046.5,4320590.5,UPTA,143.96107482910156,0,S12,S26,19.196872085803633,S12,19.397297605693076,0.20042551988944268,TRUE
352901.5,4319629.5,UPTA,143.7055206298828,0,S05.a,M01,13.340646782071131,S10.a,13.487852414641393,0.14720563257026242,TRUE
352202.5,4320566.5,UPTA,149.89111328125,0,S14,S10.a,14.928353674249715,M01,15.078319381746667,0.1499657074969516,TRUE
354502.5,4314893.5,UPTA,133.4397735595703,0,S19,S10.a,11.750488173833547,S10.c,11.838810172236052,0.08832199840250432,TRUE
354961.5,4314488.5,UPTA,132.96096801757812,0,S19,S10.c,8.466187199643791,S10.a,8.52848896351541,0.0623017638716199,TRUE
359259.5,4305236.5,UPTA,145.92298889160156,0,S10.a,S10.a,8.824378340662877,S10.c,8.910697749321603,0.086319408658726,TRUE
353205.5,4313347.5,UPTA,152.47412109375,0,S10.a,S10.c,5.43340858736048,S10.a,5.766872459461507,0.333463872101027,FALSE
354868.5,4314941.5,UPTA,130.77256774902344,0,S05.a,S10.b,12.552835141594851,S10.a,12.583334382978794,0.030499241383942888,TRUE
358901.5,4309905.5,UPTA,131.29940795898438,0,S05.a,S05.a,11.722223331679743,S04.a,11.89975541839145,0.1775320867117074,TRUE
359049.5,4309845.5,UPTA,136.2000732421875,0,S05.a,S14,14.403987415122627,S05.a,14.475188191564694,0.07120077644206724,TRUE
348451.5,4320533.5,UPTA,154.999755859375,0,M01,M01,13.272623316628655,S08.a,13.787232416678906,0.5146091000502508,TRUE
358520.5,4306494.5,UPTA,137.6711883544922,0,S15,S10.c,8.897689596817807,S10.a,9.15702137667519,0.25933177985738176,TRUE
359850.5,4308599.5,UPTA,130.97158813476562,0,S22,S22,17.267866991582903,S24.a,17.30814747906984,0.04028048748693891,TRUE
356175.5,4303974.5,UPTA,146.98243713378906,0,S23,S10.c,9.391145131397263,S10.a,9.52822678069831,0.13708164930104694,TRUE
352490.5,4314860.5,UPTA,145.09701538085938,0,S06.b,S24.b,19.305680648757892,S24.a,19.337317633340266,0.03163698458237363,TRUE
353415.5,4313713.5,UPTA,143.60806274414062,0,S10.a,S10.c,8.718430347066484,S11,8.821435133702872,0.10300478663638835,TRUE
357817.5,4318362.5,UPTA,154.19187927246094,0,S20,S20,18.46372304402165,M01,19.09024267764613,0.6265196336244827,TRUE
353457.5,4313371.5,UPTA,138.59324645996094,0,S12,M02,15.901182656137724,S06.b,15.933497386913928,0.032314730776203504,TRUE
354952.5,4318254.5,UPTA,149.63006591796875,0,S14,M01,12.952765887088148,S10.b,13.093109827410968,0.14034394032282016,TRUE
352217.5,4318548.5,UPTA,139.24667358398438,0,S06.b,S10.a,9.943774737871285,S10.c,10.027558493338093,0.08378375546680772,TRUE
352676.5,4319653.5,UPTA,136.932373046875,0.21299999952316284,Artemisia tridentata,S21,16.68015764985347,M03,17.74282901341329,1.0626713635598186,TRUE
352955.5,4320308.5,UPTA,152.65687561035156,0,S12,S12,17.105570586386513,S20,17.989220132638785,0.883649546252272,TRUE
355880.5,4318164.5,UPTA,153.73251342773438,0,S10.a,S10.c,7.385567710504373,S10.a,7.459948879562919,0.07438116905854653,TRUE
352379.5,4319224.5,UPTA,146.45095825195312,0,S06.b,S09.a,7.611350927402821,S10.b,7.678738888342897,0.06738796094007604,TRUE
358991.5,4312023.5,UPTA,140.57154846191406,0,S22,S22,15.761626850830764,S14,16.46374714725226,0.7021202964214961,TRUE
359190.5,4312035.5,UPTA,132.0133514404297,0,S10.a,S10.a,10.08861711997326,S10.b,10.130292690527016,0.04167557055375504,TRUE
350199.5,4313572.5,UPTA,154.6219482421875,0,M01,M01,13.410157419000523,S10.a,13.86476083916462,0.4546034201640978,TRUE
354274.5,4313356.5,UPTA,138.82940673828125,0,S10.c,S10.c,6.228523969838646,S10.a,6.580788318523652,0.3522643486850061,FALSE
359061.5,4306740.5,UPTA,135.80906677246094,0,S10.c,S10.c,7.523186440981156,S10.a,7.832128093381373,0.3089416524002164,TRUE
351781.5,4314716.5,UPTA,151.6064453125,0,S12,S21,47.91282479727698,S16,52.009534511853545,4.096709714576562,TRUE
351100.5,4313335.5,UPTA,149.17864990234375,0,S06.b,S10.c,6.932901421422064,S10.a,7.110836398242752,0.17793497682068793,FALSE
358334.5,4308140.5,UPTA,138.61587524414062,0,Salix wolfii,Salix wolfii,10.990691256717145,Salix other,11.494606263685304,0.5039150069681586,TRUE
359646.5,4308320.5,UPTA,133.02804565429688,0,S05.a,S22,15.465646013199837,S10.a,15.539553038667895,0.07390702546805805,TRUE
358859.5,4312284.5,UPTA,133.97024536132812,0,S22,S22,18.35288595220353,S24.a,18.673777591769433,0.32089163956590383,TRUE
354475.5,4306350.5,UPTA,151.27967834472656,0,S05.a,S08.a,14.005872333184733,M02,14.149649814567507,0.1437774813827737,TRUE
352343.5,4320887.5,UPTA,147.14727783203125,0,S06.b,S02.a,13.609903541212702,M01,13.663697369444204,0.053793828231501806,TRUE
359880.5,4306677.5,UPTA,138.5325164794922,0,Salix wolfii,S10.c,7.922662938075831,S10.b,8.036777639434112,0.11411470135828061,TRUE
359502.5,4308128.5,UPTA,131.6893310546875,0,Salix wolfii,S26,7.568468905353778,Salix other,8.211741244279406,0.6432723389256276,TRUE
361475.5,4313077.5,UPTA,131.12796020507812,0,S10.a,S10.a,9.633700048342984,S10.b,9.653408911733342,0.019708863390357934,TRUE
354646.5,4311257.5,UPTA,143.5282440185547,0,S14,S10.a,12.989050603479992,S10.b,13.009922100105852,0.020871496625860075,TRUE
351982.5,4313572.5,UPTA,152.7140350341797,0,S14,S14,12.91351853046962,S10.a,13.518660317864457,0.605141787394837,TRUE
352256.5,4319617.5,UPTA,143.1021270751953,0,S23,M02,11.862667902852683,Ligusticum porteri,12.0019819493702,0.13931404651751578,TRUE
359097.5,4306668.5,UPTA,135.77073669433594,0,S23,S10.c,9.749495005856161,S10.a,9.838091030062575,0.08859602420641366,TRUE
354250.5,4315245.5,UPTA,132.7375946044922,0,S04.b,S10.c,10.369150484681436,S10.a,10.540323433408949,0.17117294872751287,TRUE
351877.5,4322872.5,UPTA,150.65284729003906,0,S12,S12,17.14730826197129,S01.b,17.15360884761117,0.006300585639881007,TRUE
352571.5,4318170.5,UPTA,138.74781799316406,0,S14,S14,12.099924174479382,S19,12.206457473516808,0.10653329903742659,TRUE
354304.5,4313362.5,UPTA,138.18399047851562,0,S01.a,S10.a,13.715133253879436,S10.c,13.889161721110808,0.17402846723137166,TRUE
351649.5,4313689.5,UPTA,149.4472198486328,0,S14,S10.a,12.647896985544135,S14,12.655927828433946,0.00803084288981104,TRUE
353160.5,4315854.5,UPTA,144.933349609375,0,S22,S22,20.594192396765678,M01,22.42870393328069,1.8345115365150129,TRUE
362280.5,4315119.5,UPTA,152.7420654296875,0,S08.a,M01,10.756245212112066,S08.a,10.958816025600283,0.20257081348821693,TRUE
356577.5,4303329.5,UPTA,145.31214904785156,0,S14,S14,17.1349336180693,S22,17.40752198517581,0.2725883671065077,TRUE
356526.5,4314428.5,UPTA,130.61769104003906,0,S19,S10.c,8.803564825001134,S10.a,8.810278212479489,0.006713387478354704,TRUE
360670.5,4313947.5,UPTA,132.99676513671875,0,S19,S10.a,12.83187273475749,S10.b,12.873771253516196,0.04189851875870687,TRUE
352823.5,4313566.5,UPTA,145.0376434326172,0,S23,S04.a,10.217986522878066,S10.a,10.235492839789332,0.01750631691126614,TRUE
352970.5,4311590.5,UPTA,146.55001831054688,0,S14,S14,13.84136818417857,S06.b,14.417500406400825,0.5761322222222542,TRUE
358631.5,4317173.5,UPTA,144.68649291992188,2.055999994277954,S12,Artemisia tridentata,15.597460795482094,Juniperus sp.,15.962233280696294,0.3647724852141998,TRUE
356196.5,4306572.5,UPTA,151.92776489257812,0,S11,S21,29.597242917756176,S23,31.9745597761237,2.377316858367525,TRUE
351526.5,4320503.5,UPTA,144.72476196289062,0,S06.b,S10.a,9.4317443953243,S10.b,9.53765048494212,0.10590608961781989,TRUE
353775.5,4313680.5,UPTA,141.6820526123047,0,S10.a,S10.c,7.324455350212442,S10.a,7.656995548984774,0.33254019877233265,TRUE
361475.5,4315515.5,UPTA,151.4461669921875,0,S21,S21,16.885730855442322,S15,19.58444334373281,2.6987124882904894,TRUE
361502.5,4308653.5,UPTA,131.701416015625,0,S22,S22,17.862462375995644,S05.a,19.59682530588689,1.7343629298912475,TRUE
358436.5,4308188.5,UPTA,137.5580291748047,0,S15,S10.c,10.015774897428361,S10.a,10.032060936297647,0.01628603886928559,TRUE
354439.5,4317794.5,UPTA,149.49868774414062,1.0219999551773071,S12,M01,12.136930470403144,S10.a,12.257677730999195,0.12074726059605112,TRUE
350223.5,4315614.5,UPTA,151.4099578857422,0,S14,S14,16.119745025391413,M01,16.26887893810706,0.1491339127156479,TRUE
361826.5,4313644.5,UPTA,135.2633056640625,0,Salix wolfii,S21,9.386795738449596,Salix wolfii,10.041164917411386,0.6543691789617903,TRUE
352616.5,4320152.5,UPTA,149.58653259277344,0,Juniperus sp.,S21,22.513389133400118,S23,24.495813052727407,1.9824239193272888,TRUE
352598.5,4317080.5,UPTA,138.87847900390625,0,S10.a,S10.c,8.656654726899921,S10.a,8.765426626646502,0.1087718997465803,TRUE
353187.5,4320722.5,UPTA,147.15274047851562,0,S21,S21,87.0429980843633,S23,90.9539666167582,3.9109685323948895,TRUE
357046.5,4308323.5,UPTA,150.30224609375,0,S06.b,S10.c,9.210060346699848,S10.a,9.214369997330131,0.004309650630283102,TRUE
352790.5,4320014.5,UPTA,152.36256408691406,0,S12,S21,16.34233871228142,S23,19.021692939013388,2.6793542267319665,TRUE
350271.5,4314050.5,UPTA,154.05722045898438,0,S12,M01,15.998564931170726,S10.a,16.226010499859523,0.22744556868879684,TRUE
358874.5,4312245.5,UPTA,131.33486938476562,0,S22,S22,18.435347948075012,S24.a,20.431706625593545,1.9963586775185327,TRUE
358490.5,4305815.5,UPTA,139.11668395996094,0,S10.a,S10.a,8.341286873928823,S10.c,8.38414948687472,0.04286261294589799,TRUE
358460.5,4305926.5,UPTA,139.0196990966797,0,S23,S10.c,8.884414753405487,S10.a,8.912347420633576,0.027932667228089514,TRUE
352166.5,4320671.5,UPTA,146.8629913330078,0,S14,M01,12.250760852185755,S10.a,12.29618967292683,0.04542882074107624,TRUE
354424.5,4309527.5,UPTA,150.39024353027344,0,S06.b,S14,17.271558432375507,S06.b,17.417034486186218,0.14547605381071094,TRUE
357922.5,4317701.5,UPTA,147.30227661132812,0,S22,S22,17.729354004698802,M01,18.567081981701687,0.8377279770028849,TRUE
352220.5,4320374.5,UPTA,145.68006896972656,0,S05.a,S10.a,11.820243138591728,S10.b,11.857939606598427,0.03769646800669868,TRUE
361589.5,4313680.5,UPTA,131.8780517578125,0,S10.a,S10.c,7.585622035519973,S10.a,7.674968575044873,0.08934653952490024,TRUE
350949.5,4313413.5,UPTA,147.585693359375,0,S10.a,S10.c,6.222753400952546,S09.a,6.296398098935599,0.0736446979830534,FALSE
358433.5,4314074.5,UPTA,130.40377807617188,0,S22,S22,19.897862082176815,S24.b,20.367544247770255,0.46968216559344,TRUE
356457.5,4314386.5,UPTA,130.4239044189453,0,S05.a,S10.c,10.152562473176662,S10.a,10.204116422725718,0.051553949549056455,TRUE
350100.5,4313086.5,UPTA,152.7179412841797,0,S06.b,S12,12.745271362919707,M02,12.782504874152565,0.03723351123285745,TRUE
349352.5,4319197.5,UPTA,149.67257690429688,0,S21,S21,9.418358617935016,S23,10.212659738595734,0.7943011206607178,TRUE
356847.5,4314101.5,UPTA,130.91346740722656,0,S10.a,S10.c,7.211540743263627,S09.a,7.212725484153205,0.0011847408895784284,TRUE
355112.5,4314935.5,UPTA,132.2427978515625,0,S05.a,S10.a,13.727058358836956,S04.a,13.75074998951277,0.023691630675813258,TRUE
351796.5,4312209.5,UPTA,153.599609375,0,Juniperus sp.,Juniperus sp.,18.977548270194667,Artemisia tridentata,19.53797873699691,0.5604304668022415,TRUE
359478.5,4305692.5,UPTA,137.15089416503906,0,S05.a,Sambucus racemosa,9.78711694063373,Dasiphora fruticosa,9.898143048359186,0.11102610772545596,TRUE
355000.5,4314695.5,UPTA,131.7539825439453,0,S01.a,S10.a,9.348924436324655,S10.b,9.56117802718216,0.21225359085750561,TRUE
351196.5,4319293.5,UPTA,153.134033203125,0,M01,S13.b,14.626066324932333,S08.a,14.83084341910298,0.20477709417064638,TRUE
351784.5,4313641.5,UPTA,151.05198669433594,0,S12,S10.a,17.75696654896605,S04.a,17.76119502426275,0.00422847529669923,TRUE
359061.5,4306701.5,UPTA,135.54811096191406,0,S23,S10.c,10.652497183523527,S10.a,10.716114852515856,0.0636176689923289,TRUE
353349.5,4307920.5,UPTA,154.19212341308594,0,M01,S08.a,13.441148316494303,M01,13.446752783494624,0.005604467000321023,TRUE
358838.5,4306893.5,UPTA,135.4940643310547,0,S10.a,S10.c,7.859377785185179,S10.a,8.279057165224437,0.4196793800392573,TRUE
359124.5,4305962.5,UPTA,135.3169403076172,0,S23,S10.c,9.044975839701904,S10.a,9.20968117916953,0.164705339467627,TRUE
355388.5,4315044.5,UPTA,130.22764587402344,0,S22,S10.b,15.659057510924542,S10.a,15.685711496715982,0.026653985791439183,TRUE
356043.5,4303647.5,UPTA,146.00990295410156,0,S14,S14,15.123555011028513,M02,15.459706349299523,0.3361513382710104,TRUE
357379.5,4304650.5,UPTA,143.7935791015625,2.859999895095825,S01.a,M01,12.249895718301435,S10.a,12.304163520259559,0.054267801958124195,TRUE
359217.5,4313005.5,UPTA,134.25279235839844,0,S01.a,M01,13.87907590552512,S13.b,14.02957054432532,0.15049463880020042,TRUE
360127.5,4316959.5,UPTA,150.9814910888672,0,S12,S08.a,16.80775894831915,S01.b,16.9978809286301,0.1901219803109484,TRUE
352367.5,4319347.5,UPTA,143.96533203125,0,S23,S10.c,7.714545034861963,S10.a,7.8610495581206905,0.1465045232587272,TRUE
352430.5,4319251.5,UPTA,144.52880859375,0,S23,S09.a,6.753606853986543,S10.a,6.978014121263332,0.2244072672767885,FALSE
356595.5,4303458.5,UPTA,145.67373657226562,0,S22,S22,21.885384069115783,S14,22.77015144173815,0.8847673726223668,TRUE
359301.5,4306830.5,UPTA,137.188720703125,0,S01.a,S10.a,10.304882690905611,S10.c,10.447474382282318,0.14259169137670646,TRUE
356697.5,4314470.5,UPTA,131.21571350097656,0,S05.a,S14,14.718450808115795,S19,14.723718603123189,0.005267795007393161,TRUE
355397.5,4317683.5,UPTA,150.00759887695312,0,S10.a,S10.c,8.147816182248462,S10.a,8.313493561879387,0.16567737963092455,TRUE
351658.5,4315962.5,UPTA,138.12725830078125,0,S12,M01,13.828738537143439,S12,13.848490891463767,0.01975235432032818,TRUE
352697.5,4319530.5,UPTA,145.6513671875,0,Salix wolfii,Lonicera involucrata,9.785487322078094,Salix wolfii,9.78799799695315,0.0025106748750562957,TRUE
358637.5,4318464.5,UPTA,153.14149475097656,0,S20,S20,19.7960229985169,S08.a,19.841800133604327,0.04577713508742676,TRUE
358634.5,4313002.5,UPTA,137.9803466796875,0,Dasiphora fruticosa,S10.a,9.317246428622106,S10.c,9.410464179912651,0.09321775129054544,TRUE
352796.5,4319812.5,UPTA,151.79734802246094,0,Salix planifolia,Salix planifolia,7.074192136814026,S10.c,7.089202504223965,0.015010367409939107,TRUE
358289.5,4306167.5,UPTA,139.25253295898438,0,S05.a,S10.c,10.33986761488742,S10.a,10.429164551693809,0.08929693680638984,TRUE
358283.5,4313965.5,UPTA,130.6204071044922,0,S22,S24.a,19.010307314965573,S24.b,19.083672033689513,0.07336471872394057,TRUE
356646.5,4311572.5,UPTA,140.71286010742188,0,S06.b,S11,8.522014536850966,S15,9.122985871064888,0.6009713342139218,TRUE
353151.5,4311662.5,UPTA,141.10147094726562,0,S06.b,S14,11.805022207068506,S19,12.461637946083494,0.6566157390149883,TRUE
355481.5,4304245.5,UPTA,146.77357482910156,0,S10.a,S10.c,5.789887690921939,S10.a,6.012640444319955,0.2227527533980167,FALSE
358436.5,4308359.5,UPTA,136.66574096679688,0,S22,S22,20.102202120828835,S14,22.2698601089377,2.1676579881088642,TRUE
358097.5,4313959.5,UPTA,130.07704162597656,0,S10.a,S10.c,8.277237808423688,S10.a,8.29014657202843,0.01290876360474158,TRUE
354085.5,4313647.5,UPTA,138.97219848632812,0,S06.b,S24.a,19.831005144513753,S24.b,19.911543929722836,0.08053878520908242,TRUE
357505.5,4316422.5,UPTA,139.1441192626953,0,S01.a,S10.a,9.475029644486895,S10.c,9.57799285256792,0.10296320808102521,TRUE
354352.5,4309374.5,UPTA,152.107421875,0,Juniperus sp.,Juniperus sp.,11.478862833498898,S07,11.844544184047162,0.36568135054826456,TRUE
356055.5,4309761.5,UPTA,152.56045532226562,0,S06.b,S18,21.247543359136895,S24.b,21.268955041818586,0.021411682681691246,TRUE
353088.5,4311656.5,UPTA,143.2792205810547,0,S14,S14,9.051972503808408,S19,10.524889828137084,1.4729173243286766,TRUE
348088.5,4316986.5,UPTA,153.9111328125,0,Juniperus sp.,S03,68.5096675664002,Veratrum tenuipetalum,68.64505056868443,0.13538300228422884,TRUE
355445.5,4313989.5,UPTA,138.47695922851562,0,S14,S10.a,16.002764375014976,S22,16.019497541946908,0.01673316693193172,TRUE
355496.5,4314026.5,UPTA,130.21539306640625,0,S10.a,S10.b,12.593946723390868,S10.a,12.620433746643593,0.02648702325272545,TRUE
361169.5,4316128.5,UPTA,146.4547882080078,0,S12,S12,13.143418898708925,S08.a,13.505274827979104,0.3618559292701793,TRUE
356916.5,4312815.5,UPTA,130.4033203125,0,S10.a,S10.a,11.32043979386901,S10.b,11.372029916579798,0.05159012271078822,TRUE
352232.5,4319266.5,UPTA,146.67312622070312,0,S14,S10.a,9.79042863970875,S10.c,9.902627442159227,0.11219880245047698,TRUE
358457.5,4312572.5,UPTA,130.9286346435547,0,S22,S22,20.23999937927799,S24.a,20.910450649960044,0.6704512706820545,TRUE
351283.5,4319437.5,UPTA,153.51910400390625,0,M01,S08.a,16.464942580160756,M02,16.605853794021584,0.1409112138608286,TRUE
355283.5,4317830.5,UPTA,145.16812133789062,0,S15,S15,7.130540180403129,S10.c,7.777624542670671,0.6470843622675426,TRUE
351562.5,4313566.5,UPTA,154.2184295654297,0,S10.a,S09.a,6.785121592744737,S10.c,6.842709959566222,0.05758836682148516,FALSE
359133.5,4318098.5,UPTA,151.14907836914062,0,S12,S12,12.163087254969588,S01.b,12.200157515916816,0.037070260947228206,TRUE
352577.5,4320218.5,UPTA,149.75723266601562,0,S23,S10.a,10.067615352095308,S10.b,10.2111723557469,0.1435570036515923,TRUE
352808.5,4312590.5,UPTA,154.4518585205078,0,S14,S14,12.591824496212405,S10.a,13.177741074597868,0.5859165783854632,TRUE
352541.5,4317140.5,UPTA,133.91171264648438,0,S10.a,S10.a,12.212559584845032,S10.c,12.297235674998031,0.0846760901529997,TRUE
357322.5,4310359.5,UPTA,145.7801971435547,0,S14,S14,10.405084871143401,S10.c,10.587486558510156,0.18240168736675422,TRUE
350757.5,4313338.5,UPTA,147.23097229003906,0,S06.b,S10.a,12.167051407088914,M02,12.238349617697782,0.07129821060886776,TRUE
349439.5,4319206.5,UPTA,150.212158203125,0,Dasiphora fruticosa,S12,18.12942361557699,Prunus virginiana,18.313592300600046,0.1841686850230566,TRUE
359493.5,4307125.5,UPTA,133.8878173828125,0,S10.a,S10.a,9.291308646207208,S10.c,9.324550771699641,0.03324212549243377,TRUE
356319.5,4311068.5,UPTA,143.9141082763672,0,S10.c,S10.c,6.462013043894556,S10.a,6.735805221377339,0.2737921774827825,FALSE
352484.5,4318944.5,UPTA,151.77371215820312,1.194000005722046,S21,S21,21.75538093081583,S23,24.123101631634533,2.3677207008187047,TRUE
359994.5,4314014.5,UPTA,139.530517578125,0,S22,S22,19.045440752682037,S18,19.718849233438178,0.6734084807561409,TRUE
359199.5,4312014.5,UPTA,131.6521453857422,0,M03,S10.a,12.66507962847683,Osmorhiza occidentalis,12.683766311471901,0.018686682995070925,TRUE
356853.5,4303317.5,UPTA,145.021240234375,0,S19,S04.a,10.868946497280149,S10.c,11.033885077887607,0.16493858060745836,TRUE
353979.5,4315524.5,UPTA,134.82118225097656,0,S22,S22,15.606481141265101,S14,16.10704895070583,0.5005678094407298,TRUE
352679.5,4317296.5,UPTA,138.86474609375,0,S19,S10.a,11.564719873271565,M01,11.851960587964793,0.28724071469322787,TRUE
357223.5,4320467.5,UPTA,153.822998046875,0,S12,S22,18.795817428687265,S05.a,19.053182347545455,0.25736491885819035,TRUE
357442.5,4304632.5,UPTA,146.83059692382812,0,S01.a,M01,10.291185917125322,S10.a,10.841192028335591,0.5500061112102692,TRUE
361505.5,4308995.5,UPTA,130.1486358642578,0,S22,S22,18.419769595785557,S25,20.494366842645782,2.0745972468602254,TRUE
357178.5,4318764.5,UPTA,153.56871032714844,0,S14,M01,16.377392048289522,S01.b,16.665051365169372,0.28765931687985,TRUE
354841.5,4322191.5,UPTA,152.9970245361328,0,Juniperus sp.,S20,34.662145246529974,S13.b,35.24964236391613,0.5874971173861567,TRUE
350652.5,4314275.5,UPTA,153.2026824951172,0,S14,M01,15.934548529952824,S10.a,16.166725552423767,0.23217702247094252,TRUE
352475.5,4319500.5,UPTA,147.7581329345703,0,Juniperus sp.,S10.a,9.599545604379482,M01,9.723202333117385,0.12365672873790245,TRUE
353907.5,4311458.5,UPTA,140.63665771484375,0,S06.b,S06.b,17.304878723313855,Sambucus racemosa,17.47836180986219,0.1734830865483339,TRUE
358220.5,4313056.5,UPTA,130.7213897705078,0,S05.a,S10.b,11.136335365195452,S10.a,11.156595464599837,0.020260099404385556,TRUE
353115.5,4307854.5,UPTA,148.44024658203125,0,M01,M01,9.589052753146838,M02,9.884168691932574,0.2951159387857363,TRUE
352916.5,4316893.5,UPTA,136.17156982421875,0,S10.a,S10.c,8.466947057002672,S09.a,8.642174348526774,0.1752272915241022,TRUE
349241.5,4320257.5,UPTA,153.72024536132812,0,S05.a,S21,41.728585612959996,S16,43.5832114536213,1.8546258406613063,TRUE
352340.5,4318335.5,UPTA,142.7660369873047,0,S10.a,S10.c,7.603884672222786,S10.a,7.653890684334679,0.05000601211189348,TRUE
361733.5,4309050.5,UPTA,134.00027465820312,0,S22,S04.a,18.423210490908904,M03,18.57664877935956,0.15343828845065488,TRUE
352469.5,4317287.5,UPTA,137.80657958984375,0,S19,S10.a,13.70820797476602,S06.b,13.77210982187233,0.06390184710630997,TRUE
358490.5,4304119.5,UPTA,154.2362518310547,0,S07,S10.c,8.221765519192395,Caltha leptosepala,8.223913025904475,0.0021475067120793057,TRUE
357928.5,4305596.5,UPTA,140.74188232421875,0,S25,S21,194.55988403101045,S15,195.66007084849883,1.1001868174883782,TRUE
350562.5,4313617.5,UPTA,147.67848205566406,0.5789999961853027,S12,M01,17.257449867661872,S22,17.342142353224176,0.08469248556230369,TRUE
358907.5,4315428.5,UPTA,146.63768005371094,0,Salix wolfii,S10.c,5.916651630983187,S10.a,6.319052873976349,0.4024012429931618,FALSE
352874.5,4319875.5,UPTA,148.5556640625,0,S12,M01,12.948382188665516,S12,12.962120958858533,0.013738770193016947,TRUE
358517.5,4307947.5,UPTA,137.91030883789062,0,M01,S10.a,11.051273404019637,S10.b,11.07374156679219,0.022468162772552702,TRUE
357961.5,4312410.5,UPTA,139.36917114257812,0,S06.b,Salix wolfii,11.826063481467507,Betula glandulosa,11.965206320542183,0.13914283907467606,TRUE
348847.5,4319941.5,UPTA,152.459228515625,0.921999990940094,M01,M01,13.800904743223892,S13.b,14.41351407317332,0.6126093299494269,TRUE
353058.5,4320587.5,UPTA,153.7823028564453,0,S12,S21,21.885030626047197,S12,22.479336633100395,0.5943060070531985,TRUE
352043.5,4312170.5,UPTA,137.55010986328125,0,S06.b,S10.a,15.474329230597396,S06.b,15.56037507032874,0.08604583973134439,TRUE
356496.5,4313902.5,UPTA,134.06837463378906,0,S19,S10.a,12.72234173737905,S10.b,12.812258422349124,0.0899166849700741,TRUE
352937.5,4322449.5,UPTA,149.51976013183594,0,M01,M01,17.937700306417486,S13.b,17.942040263546257,0.004339957128770777,TRUE
359910.5,4316980.5,UPTA,153.25428771972656,0,S12,S08.a,16.180834400571904,M01,16.185336672459925,0.00450227188802188,TRUE
350610.5,4314341.5,UPTA,151.978759765625,0,S12,S24.a,18.454239052576664,S24.b,18.63867499628977,0.18443594371310468,TRUE
358337.5,4312974.5,UPTA,131.45480346679688,0,S22,S22,19.81243815878925,S24.b,21.246841506551736,1.434403347762487,TRUE
349109.5,4321062.5,UPTA,154.0259246826172,0,S12,S12,17.927712027000158,S08.a,17.944287457864633,0.016575430864474328,TRUE
350646.5,4313440.5,UPTA,148.0952606201172,0,S06.b,S06.b,11.062677123306253,M02,11.063087066367565,4.0994306131203473e-4,TRUE
354163.5,4313542.5,UPTA,139.18008422851562,0,S06.b,S14,16.713891810860257,S10.a,16.842310215857676,0.12841840499741863,TRUE
360022.5,4317026.5,UPTA,150.17991638183594,0,S12,S08.a,15.39781432908597,M01,15.510328990352006,0.1125146612660366,TRUE
358877.5,4318011.5,UPTA,149.60406494140625,0,S12,S05.a,13.802554874081157,S14,14.117880040966853,0.315325166885696,TRUE
354637.5,4317692.5,UPTA,151.60321044921875,0,S10.a,S10.c,6.879091107251451,S10.a,7.212898764440463,0.33380765718901184,FALSE
351841.5,4319338.5,UPTA,142.05784606933594,0,S22,S10.a,18.661786482895835,S22,18.67589119249751,0.01410470960167487,TRUE
361820.5,4315032.5,UPTA,148.07395935058594,0,S25,S24.b,18.33699672114734,S24.a,18.37616673031015,0.03917000916280955,TRUE
352643.5,4320602.5,UPTA,152.17091369628906,0,S14,S14,15.593361333128382,S10.a,15.671503871945884,0.07814253881750233,TRUE
354457.5,4306353.5,UPTA,151.27967834472656,0,S12,S08.a,13.21945063206955,M02,13.336811758382561,0.11736112631301054,TRUE
353640.5,4315986.5,UPTA,135.07943725585938,0,S10.a,S10.a,8.634242526183892,S10.b,8.688084833698424,0.05384230751453245,TRUE
352175.5,4315569.5,UPTA,151.5421600341797,0,S12,S24.a,18.421408869164363,S24.b,18.50489504336951,0.08348617420514515,TRUE
351322.5,4320635.5,UPTA,145.7101287841797,0,S06.b,S10.a,10.755079903840626,S06.b,10.953917357923467,0.1988374540828417,TRUE
354397.5,4314977.5,UPTA,135.8583984375,0,S22,S22,17.062482681013698,S14,17.739070126810653,0.6765874457969545,TRUE
358907.5,4313566.5,UPTA,130.2845916748047,0,S22,S22,19.597100301870924,S24.a,20.625389871170036,1.0282895692991119,TRUE
351145.5,4313533.5,UPTA,149.72781372070312,0,M01,M01,10.609267903354704,S10.a,10.90447371140896,0.29520580805425567,TRUE
350937.5,4321389.5,UPTA,152.1798858642578,0,S06.b,S10.a,9.093853175946721,M01,9.147069093625507,0.053215917678786084,TRUE
359145.5,4311818.5,UPTA,132.21987915039062,0,S22,S22,17.905206538935918,S05.a,19.913449569711084,2.0082430307751657,TRUE
350748.5,4310233.5,UPTA,139.26165771484375,0,S12,S12,11.69241964663508,S01.b,11.934717159439142,0.2422975128040612,TRUE
350316.5,4313323.5,UPTA,152.28855895996094,0,Salix wolfii,S21,24.53687644007124,S15,26.18097194912297,1.6440955090517306,TRUE
356622.5,4303734.5,UPTA,144.9335174560547,0,S06.b,S14,16.677664045303683,S10.a,16.78560105845727,0.10793701315358817,TRUE
352187.5,4321131.5,UPTA,142.57952880859375,0,S06.b,S18,18.943813417634598,S24.a,18.97010958298051,0.026296165345911504,TRUE
357319.5,4304272.5,UPTA,153.552734375,0,M01,S10.a,15.104401841974138,M01,15.306094127201108,0.20169228522697047,TRUE
354028.5,4311647.5,UPTA,140.54063415527344,0,S11,S15,6.0173564772192085,S10.c,7.183125397356851,1.1657689201376424,FALSE
355226.5,4314158.5,UPTA,131.74082946777344,0,S19,S10.a,14.36786874760347,S10.b,14.43507033626488,0.06720158866141013,TRUE
357430.5,4310722.5,UPTA,143.25111389160156,0,S11,S16,18.751620932186256,S11,19.601362033116725,0.8497411009304692,TRUE
362355.5,4314185.5,UPTA,137.56785583496094,0,S11,S21,18.047959597185212,S23,21.488664091354313,3.4407044941691005,TRUE
354358.5,4310596.5,UPTA,147.4600830078125,0,S10.a,S10.c,7.252168391587682,S10.a,7.363780458673586,0.11161206708590488,TRUE
352736.5,4316776.5,UPTA,139.3668212890625,0,S05.a,S04.a,10.949261314491508,M03,11.354948009051562,0.40568669456005324,TRUE
351202.5,4313491.5,UPTA,144.6773223876953,0,S01.a,S10.a,10.987742124428049,S10.c,11.035269941154649,0.04752781672659978,TRUE
358337.5,4315248.5,UPTA,135.10244750976562,0,S10.a,S10.a,10.304608788550803,Osmorhiza occidentalis,10.461861898690866,0.15725311014006316,TRUE
347913.5,4317005.5,UPTA,144.05982971191406,0,S01.a,S10.b,13.58084838545997,S10.a,13.636818278233827,0.055969892773857666,TRUE
358178.5,4318860.5,UPTA,154.6248321533203,0,S22,S22,19.136091273991426,M01,19.599057141924668,0.46296586793324224,TRUE
352184.5,4315557.5,UPTA,151.5421600341797,0,S12,S25,13.669154816327051,S24.b,13.693300535853238,0.024145719526186937,TRUE
359625.5,4308242.5,UPTA,136.47157287597656,0,S05.a,S01.b,15.851727872035317,M03,15.886900857785072,0.035172985749754915,TRUE
357124.5,4314023.5,UPTA,130.9611053466797,0,S18,S22,16.794501067863045,S18,16.935972026252685,0.14147095838963963,TRUE
358328.5,4306200.5,UPTA,139.06991577148438,0,M01,S10.b,8.550780719043603,S10.a,8.6452427120163,0.09446199297269686,TRUE
354595.5,4319143.5,UPTA,148.70391845703125,0,S22,S22,18.197269670438914,S01.b,19.05036849359159,0.8530988231526777,TRUE
357214.5,4317542.5,UPTA,147.1326446533203,0,S07,S11,7.033550863205225,S10.c,7.386332168655759,0.35278130545053443,TRUE
356211.5,4303515.5,UPTA,147.22882080078125,0,S14,S14,13.547501253154248,M02,13.859541009487103,0.3120397563328545,TRUE
348610.5,4319377.5,UPTA,150.4483642578125,0,S12,S12,17.0822777615056,S14,17.08794829761378,0.005670536108180357,TRUE
355262.5,4317695.5,UPTA,146.26220703125,0,S06.b,S10.a,7.135216417953462,S10.c,7.234228634467248,0.09901221651378656,TRUE
361556.5,4313083.5,UPTA,132.74432373046875,0,S05.a,S05.a,10.564611129142897,S14,10.739452037714658,0.1748409085717615,TRUE
352541.5,4320278.5,UPTA,154.18002319335938,0,S14,M01,15.273280447770118,S14,15.325887359536013,0.0526069117658956,TRUE
358202.5,4313719.5,UPTA,132.64703369140625,0,M03,S10.a,10.063614726164454,S10.b,10.166418039579643,0.10280331341518867,TRUE
356247.5,4313869.5,UPTA,131.0561065673828,0,S19,S19,10.667558333724564,S23,10.833969528540075,0.16641119481551137,TRUE
348406.5,4321170.5,UPTA,142.15225219726562,0,S12,S12,16.25476325519506,M01,16.719863215961084,0.46509996076602533,TRUE
356085.5,4318032.5,UPTA,150.21270751953125,0,S05.a,S21,38.80589218946537,S16,40.39124228482417,1.5853500953588053,TRUE
353016.5,4319212.5,UPTA,150.03306579589844,0,S21,S21,129.25676273194944,S23,132.79605565287463,3.5392929209251918,TRUE
356253.5,4309437.5,UPTA,152.77671813964844,0,S12,S06.b,13.025781105056238,M01,13.153462105132911,0.1276810000766737,TRUE
358841.5,4309800.5,UPTA,133.05210876464844,0,S05.a,S05.a,13.287754852064833,S04.a,13.2972448170898,0.009489965024966907,TRUE
358280.5,4305965.5,UPTA,138.77120971679688,0,Salix wolfii,Salix wolfii,14.376273055734615,Betula glandulosa,14.56758865656275,0.19131560082813515,TRUE
348718.5,4320539.5,UPTA,154.603515625,0,S14,M01,14.110429385040186,S14,14.672177026670361,0.5617476416301752,TRUE
348967.5,4319623.5,UPTA,154.41278076171875,0.5600000023841858,S11,S10.c,5.596698740347995,S10.a,5.6669046506958445,0.07020591034784918,FALSE
352550.5,4321935.5,UPTA,147.06460571289062,0,S06.b,S10.a,18.162527037407735,M01,18.19266689771016,0.03013986030242677,TRUE
352598.5,4317413.5,UPTA,135.315673828125,0,S05.a,S22,14.65980763585419,S14,14.66553226810455,0.005724632250361239,TRUE
353874.5,4311575.5,UPTA,148.97341918945312,0,S10.a,S10.c,8.392269080477822,S10.a,8.47241765679838,0.08014857632055694,TRUE
358370.5,4307512.5,UPTA,137.22756958007812,0,S10.a,S10.a,8.542786045648898,S10.b,8.581812611938075,0.03902656628917711,TRUE
358220.5,4313734.5,UPTA,133.2224884033203,0,S05.a,S10.c,10.15906699006967,S10.a,10.193109644762446,0.0340426546927759,TRUE
361307.5,4316215.5,UPTA,147.63612365722656,0,S12,S01.b,14.918177364378577,S08.a,14.962443900730717,0.04426653635213995,TRUE
354904.5,4309023.5,UPTA,153.94825744628906,0,M01,S10.a,9.299237938005318,S10.b,9.32914670630896,0.029908768303641864,TRUE
358019.5,4318743.5,UPTA,151.0911407470703,0,S14,S13.b,16.29093005243678,M01,16.320136167638594,0.02920611520181282,TRUE
355934.5,4314617.5,UPTA,130.75022888183594,0,S10.a,S10.c,6.93249159708646,S10.a,7.272365747666501,0.3398741505800409,FALSE
348337.5,4321134.5,UPTA,145.8924560546875,0,S14,S08.a,17.866385014989326,M02,17.98341693637242,0.11703192138309504,TRUE
351898.5,4312461.5,UPTA,146.1248779296875,0,Juniperus sp.,Salix wolfii,13.638499342101195,Salix boothii,13.774467026119044,0.13596768401784942,TRUE
357538.5,4313572.5,UPTA,132.30006408691406,0,Salix wolfii,S05.a,8.421119804739526,S10.a,8.517686676927726,0.09656687218820004,TRUE
355883.5,4318215.5,UPTA,154.2661895751953,0,S10.c,S10.c,6.845289961800296,S10.a,7.038771764194778,0.19348180239448265,FALSE
352430.5,4318986.5,UPTA,141.26995849609375,0,S05.a,S21,17.053364457411348,S23,17.647483133044233,0.5941186756328847,TRUE
360190.5,4316959.5,UPTA,152.48545837402344,0,S06.b,S08.a,13.72971941449303,S14,14.314181899608966,0.584462485115937,TRUE
359451.5,4307317.5,UPTA,132.2960205078125,0,S22,S22,17.10911635769439,S18,17.63057284247629,0.5214564847819005,TRUE
360184.5,4307443.5,UPTA,139.2601318359375,0,S11,S21,15.368564502908669,S23,16.28973050153268,0.9211659986240122,TRUE
356253.5,4312665.5,UPTA,132.87966918945312,0,S10.a,S10.c,5.893261156875819,S10.a,6.181179095454665,0.28791793857884596,FALSE
356484.5,4314404.5,UPTA,131.2882537841797,0,S05.a,S10.a,9.764416076398572,S10.c,9.798856683904829,0.03444060750625688,TRUE
352424.5,4319020.5,UPTA,144.33370971679688,0,S12,S21,15.941176077643624,S05.a,17.8150304536939,1.8738543760502768,TRUE
351574.5,4315953.5,UPTA,148.92117309570312,0,M01,M01,17.049469901045377,S14,17.35749539738255,0.3080254963371729,TRUE
356262.5,4317635.5,UPTA,147.918212890625,0,S23,S14,11.247557008757441,S19,11.327684697749238,0.08012768899179612,TRUE
346988.5,4314917.5,UPTA,154.83229064941406,0,S12,S12,12.488547948930858,M02,12.514225847011945,0.02567789808108678,TRUE
355961.5,4318338.5,UPTA,147.22096252441406,0,S14,S14,16.141635889763258,S10.a,16.27063933242352,0.1290034426602631,TRUE
356238.5,4314473.5,UPTA,130.6815948486328,0,S19,S10.c,11.702416464331977,S10.a,11.730069843102559,0.027653378770581938,TRUE
350178.5,4319128.5,UPTA,144.3206329345703,0,S14,M02,14.856786005834108,S08.a,14.875909584781382,0.019123578947274567,TRUE
352112.5,4319410.5,UPTA,143.6439208984375,0,S14,Sambucus racemosa,12.021642635187066,S10.a,12.154754867351734,0.1331122321646685,TRUE
347775.5,4312689.5,UPTA,154.8390350341797,0,S12,S12,14.736057305811268,M01,15.046165252553477,0.31010794674220854,TRUE
359409.5,4305563.5,UPTA,139.80740356445312,0,S01.a,S10.a,11.988190585249281,S10.b,12.04527371006087,0.05708312481158906,TRUE
355994.5,4314788.5,UPTA,132.97488403320312,0,S11,S21,33.62543087830147,S23,37.287548435505954,3.662117557204482,TRUE
352694.5,4320356.5,UPTA,151.47933959960938,0,Juniperus sp.,Salix boothii,10.502964896583752,Salix other,10.518261885794216,0.015296989210463963,TRUE
357472.5,4315506.5,UPTA,138.2696075439453,0,S23,S10.c,10.230703657330267,S10.a,10.280266263566809,0.04956260623654174,TRUE
360424.5,4311716.5,UPTA,136.3790740966797,0,S22,S22,19.90713013911648,S24.b,21.514967772266793,1.6078376331503144,TRUE
359703.5,4306944.5,UPTA,142.791259765625,0,S14,S10.a,13.451624999090354,S10.b,13.462439195856856,0.010814196766501638,TRUE
361640.5,4308191.5,UPTA,132.64878845214844,0,S19,S19,9.521138392800513,S10.a,9.540497171278055,0.019358778477542415,TRUE
350667.5,4317794.5,UPTA,146.10525512695312,0.2809999883174896,S09.a,S09.a,8.025758505597267,Betula glandulosa,8.365146249205571,0.33938774360830415,TRUE
354826.5,4306344.5,UPTA,164.32162475585938,0,S14,M01,14.588071493215496,S08.a,15.181930045489922,0.5938585522744262,TRUE
351481.5,4314779.5,UPTA,157.10118103027344,0,S06.b,S09.a,7.626131633240037,S10.a,7.678637289151766,0.05250565591172851,TRUE
352886.5,4323746.5,UPTA,158.98208618164062,0,M01,M01,10.625367629098475,S08.a,10.811522036977586,0.1861544078791102,TRUE
354553.5,4317611.5,UPTA,156.6336669921875,0,S14,S22,16.725988799906172,M01,17.071388095039357,0.3453992951331841,TRUE
348385.5,4320242.5,UPTA,167.25674438476562,0,Salix wolfii,Betula glandulosa,14.356936342362763,M01,14.785987764541671,0.4290514221789081,TRUE
344802.5,4314770.5,UPTA,180.9982147216797,0,S12,S12,13.335400528666828,S08.a,13.759632976286474,0.4242324476196462,TRUE
348721.5,4321674.5,UPTA,175.25479125976562,0,S14,M01,13.349396336869479,S08.a,13.997586972183656,0.6481906353141778,TRUE
348088.5,4320785.5,UPTA,156.39718627929688,0,S12,M01,16.55674959391077,S12,16.642378130740244,0.08562853682947491,TRUE
352547.5,4323692.5,UPTA,170.29940795898438,0,S15,S11,10.687508286514644,S10.c,10.827024607756593,0.13951632124194902,TRUE
349772.5,4322815.5,UPTA,173.39077758789062,0,M01,M01,9.49968945338937,S14,9.735364809715804,0.23567535632643377,TRUE
354085.5,4306896.5,UPTA,162.31951904296875,0,S06.b,S08.a,11.341570426850238,M02,11.470906254894603,0.12933582804436483,TRUE
351040.5,4319524.5,UPTA,160.2931671142578,0,S22,S22,18.275601116884847,S24.b,18.67040775635082,0.3948066394659726,TRUE
362190.5,4316557.5,UPTA,159.6507568359375,0,S05.a,S08.a,14.46627816777375,M03,14.658066493916037,0.19178832614228725,TRUE
348679.5,4320422.5,UPTA,158.5642547607422,0,M01,M01,11.482503493883437,S14,12.389583416038231,0.9070799221547947,TRUE
354694.5,4319989.5,UPTA,157.52490234375,0,S11,S11,7.150754654679097,S10.c,8.347063009783353,1.1963083551042564,TRUE
353511.5,4320347.5,UPTA,167.84178161621094,0,S12,S12,16.21387497312342,M01,16.46045280971505,0.24657783659163002,TRUE
352616.5,4323458.5,UPTA,171.43702697753906,0.31299999356269836,Salix wolfii,Betula glandulosa,7.823242550274786,Salix other,8.050333148965636,0.22709059869085024,TRUE
346658.5,4314449.5,UPTA,166.58999633789062,0,S12,M02,13.208047310485039,S09.a,13.292466988095278,0.08441967761023861,TRUE
352832.5,4321677.5,UPTA,156.77374267578125,0,S11,S21,49.13801570076844,S23,52.94707637279132,3.8090606720228806,TRUE
349349.5,4312695.5,UPTA,167.94752502441406,0,S14,S14,15.233477227524453,S16,15.655950093939403,0.4224728664149495,TRUE
349826.5,4321842.5,UPTA,168.35675048828125,0,S14,M01,13.866661132916278,Betula glandulosa,14.121098404680392,0.25443727176411457,TRUE
360679.5,4317524.5,UPTA,170.0135498046875,0,S12,S08.a,20.622568755825192,S12,21.206969435944828,0.5844006801196358,TRUE
352688.5,4308959.5,UPTA,163.6219940185547,0.4020000100135803,S10.a,S10.c,6.511274090575928,S10.a,6.7258209149196215,0.2145468243436932,FALSE
355466.5,4321872.5,UPTA,170.1075897216797,0,M01,S13.b,21.043193815097894,M01,21.94591867898334,0.9027248638854459,TRUE
358904.5,4318542.5,UPTA,173.79510498046875,0,S12,S12,13.847247031137796,S08.a,13.858612302863227,0.011365271725431114,TRUE
362037.5,4315164.5,UPTA,156.61277770996094,0,S06.b,S24.a,18.544241798392594,S24.b,18.70976042047497,0.16551862208237722,TRUE
360703.5,4317380.5,UPTA,164.6963348388672,0,S12,S08.a,17.75878101383181,S12,18.004355958589482,0.24557494475767072,TRUE
361211.5,4317083.5,UPTA,172.2597198486328,0,S14,S22,15.930866564855913,S14,16.052545103122345,0.1216785382664316,TRUE
347181.5,4318545.5,UPTA,180.50747680664065,0,S14,S14,12.898826421808703,S08.a,13.589891921202055,0.6910654993933516,TRUE
350169.5,4320449.5,UPTA,174.3519744873047,0,M01,S08.a,11.567718701044218,M01,11.637275827543633,0.06955712649941503,TRUE
353883.5,4320077.5,UPTA,168.95103454589844,0,M01,M01,13.260756292544023,S08.a,13.789749612321224,0.5289933197772001,TRUE
349646.5,4323332.5,UPTA,175.00827026367188,0,M01,M01,15.47899164015485,S08.a,16.0263738186957,0.5473821785408486,TRUE
356823.5,4320707.5,UPTA,172.176513671875,0,S12,S12,18.858606767786615,S22,18.930561301971697,0.0719545341850818,TRUE
360709.5,4317536.5,UPTA,170.16685485839844,0,S25,S20,29.347541562222535,S12,29.42137619102303,0.07383462880049407,TRUE
357361.5,4319731.5,UPTA,165.272705078125,0,S12,M01,16.231931587814564,S12,16.252858163476656,0.02092657566209155,TRUE
350505.5,4315788.5,UPTA,170.46495056152344,0,S12,S12,21.456587084621155,S24.a,21.700693218901698,0.24410613428054262,TRUE
353178.5,4323659.5,UPTA,159.60714721679688,0,S11,S21,43.79880307588236,S23,47.525656726126265,3.7268536502439034,TRUE
350313.5,4315653.5,UPTA,162.57569885253906,0,M01,M01,12.791387080520238,M02,13.576610042148662,0.7852229616284241,TRUE
347868.5,4318209.5,UPTA,167.14883422851562,0,S18,S12,21.484907889135258,S24.a,21.57351073029314,0.08860284115788275,TRUE
358991.5,4318530.5,UPTA,162.80780029296875,0,M01,Sambucus racemosa,11.015645542534063,M02,11.503450185031369,0.4878046424973057,TRUE
361793.5,4316089.5,UPTA,167.16636657714844,0,S14,M01,14.71922891617804,S14,15.192083668481937,0.4728547523038973,TRUE
348445.5,4322833.5,UPTA,175.3499298095703,0,M01,S08.a,14.778027178945752,M01,14.922339816539154,0.1443126375934014,TRUE
352535.5,4322500.5,UPTA,162.1175994873047,0,S20,M01,18.648553262269782,S12,18.796427710803997,0.14787444853421405,TRUE
349670.5,4323323.5,UPTA,177.31040954589844,0,S14,S12,22.259121178162935,M01,22.472028458165966,0.21290728000303005,TRUE
349169.5,4322086.5,UPTA,171.11695861816406,0,M01,S13.b,18.94488846323748,M01,19.396416366840388,0.4515279036029085,TRUE
348553.5,4320851.5,UPTA,168.83970642089844,0,M01,M01,12.661730199958066,S14,13.284241632096574,0.6225114321385075,TRUE
355148.5,4321017.5,UPTA,169.73023986816406,0,S12,S12,25.02489313433814,S25,25.957055480856283,0.9321623465181439,TRUE
357349.5,4320611.5,UPTA,174.4015350341797,0,S12,S08.a,15.92553799717127,S12,16.04660423504258,0.12106623787130921,TRUE
352697.5,4324473.5,UPTA,176.2421875,0,M01,M01,14.227422991119267,S08.a,14.241030014056603,0.013607022937335955,TRUE
347403.5,4319461.5,UPTA,172.68099975585938,0,S21,S21,41.909039230053985,S23,45.66995630459432,3.7609170745403375,TRUE
354670.5,4320794.5,UPTA,160.30145263671875,0,S14,M01,16.195325676493702,S13.b,16.318825645673833,0.12349996918013062,TRUE
360466.5,4316596.5,UPTA,162.81459045410156,0,S25,S12,22.61297628859298,S24.a,22.72149359229488,0.10851730370190182,TRUE
354085.5,4306596.5,UPTA,161.0361785888672,0,S12,S14,14.457359062441116,S08.a,14.606048405849052,0.14868934340793594,TRUE
349373.5,4320467.5,UPTA,167.99649047851562,0,S14,S21,19.62222318872207,S23,20.215266773656477,0.5930435849344065,TRUE
348775.5,4313386.5,UPTA,167.86285400390625,0,M02,S09.a,5.267797945309094,S10.c,5.419204875491618,0.1514069301825236,FALSE
355310.5,4322557.5,UPTA,169.7861328125,0,S22,S22,18.588183136448045,S14,19.65518012106214,1.0669969846140965,TRUE
346442.5,4317326.5,UPTA,171.8149871826172,0,S12,S12,17.571349807695672,S14,18.137453524131875,0.5661037164362028,TRUE
350280.5,4311320.5,UPTA,166.71414184570312,0,M01,S07,11.769761654993012,M01,11.775746956256835,0.0059853012638235725,TRUE
356631.5,4319923.5,UPTA,178.3212127685547,0,S12,S12,17.604689863802257,M01,18.901549966842854,1.296860103040597,TRUE
352679.5,4309392.5,UPTA,160.47601318359375,0,Dasiphora fruticosa,S10.c,12.776537610759199,S10.a,12.902213269009184,0.1256756582499854,TRUE
357901.5,4318659.5,UPTA,159.74609375,0,S12,S12,16.901505152968415,S01.b,17.631965852476906,0.730460699508491,TRUE
346229.5,4318452.5,UPTA,181.5914001464844,0,S12,S12,41.264614388075735,Ligusticum porteri,41.324880591360305,0.06026620328457,TRUE
352694.5,4309434.5,UPTA,161.54896545410156,0,Dasiphora fruticosa,S14,19.52156800970074,S10.c,19.986269251987135,0.4647012422863952,TRUE
349274.5,4320521.5,UPTA,166.33993530273438,0,S12,S23,24.865746100757942,S12,24.86947630788963,0.003730207131688701,TRUE
356406.5,4321236.5,UPTA,167.08026123046875,0,M01,M01,10.163876815840212,S14,10.428286198240206,0.2644093823999949,TRUE
344511.5,4315239.5,UPTA,172.81784057617188,0,S12,S20,28.596862325128935,S12,29.144926378494247,0.5480640533653123,TRUE
348208.5,4313428.5,UPTA,180.10267639160156,0,S12,S12,11.965234752780537,S08.a,12.174388713265664,0.2091539604851267,TRUE
354454.5,4307215.5,UPTA,172.1375732421875,0,S14,M01,16.544094064194677,S13.b,17.08537856273753,0.5412844985428542,TRUE
344415.5,4315068.5,UPTA,177.25364685058594,0,M01,S08.a,11.06095320829,M02,11.545910341355901,0.48495713306590105,TRUE
353709.5,4320731.5,UPTA,174.1822509765625,0,S05.a,M01,12.127016283512619,S12,12.464271005864838,0.33725472235221865,TRUE
346883.5,4317911.5,UPTA,170.13841247558594,0,S14,M01,14.60607652369418,S13.b,15.162193349207064,0.5561168255128841,TRUE
352000.5,4322662.5,UPTA,161.69833374023438,0,S14,M01,14.43035763457542,S08.a,14.550124753244173,0.11976711866875256,TRUE
346232.5,4317455.5,UPTA,179.979736328125,0,M01,S08.a,14.98126984627493,M02,15.04705791016462,0.0657880638896895,TRUE
348808.5,4320428.5,UPTA,158.30587768554688,0,S14,S14,12.176109309421575,M01,12.191031381389477,0.014922071967902184,TRUE
351415.5,4322665.5,UPTA,161.1484832763672,0,M01,M01,7.186431070400745,S09.a,7.426522069388743,0.24009099898799846,TRUE
352019.5,4310536.5,UPTA,167.6374053955078,0,S12,S12,14.89159564395148,S14,15.075768623596723,0.18417297964524337,TRUE
346409.5,4317974.5,UPTA,176.1408233642578,0,S14,M01,13.988466586770038,M02,14.092545479011779,0.10407889224174127,TRUE
353508.5,4319212.5,UPTA,170.60169982910156,0,S12,S12,17.76600068365795,M01,17.926265549779394,0.16026486612144453,TRUE
361625.5,4315713.5,UPTA,166.91143798828125,0,M01,M01,10.920006589949754,S14,11.504240644295004,0.5842340543452504,TRUE
353358.5,4324080.5,UPTA,168.50071716308594,0,M01,M01,15.732720089348241,S13.b,16.39346287050204,0.6607427811538003,TRUE
350862.5,4323116.5,UPTA,166.27162170410156,0,S14,S22,16.72537814398614,S14,17.21321118157296,0.4878330375868174,TRUE
362271.5,4315065.5,UPTA,157.2476043701172,0,M01,M01,9.880406493543935,S10.a,10.82474586297933,0.9443393694353954,TRUE
346817.5,4318398.5,UPTA,174.38818359375,0,M01,S14,14.738558644557289,S08.a,14.8845733560996,0.1460147115423105,TRUE
353991.5,4307596.5,UPTA,161.94825744628906,0,S12,S12,19.534575772187207,S08.a,19.66310353444296,0.12852776225575369,TRUE
346643.5,4314758.5,UPTA,167.68356323242188,0,S06.b,S09.a,8.175893830055072,M02,8.293030753928326,0.1171369238732538,TRUE
353523.5,4323893.5,UPTA,173.93551635742188,0,S14,M01,14.320560001605982,S14,14.43535000731984,0.11479000571385889,TRUE
360691.5,4317242.5,UPTA,160.75677490234375,1.6299999952316284,S25,S24.a,23.80602576189269,S24.b,24.01843558915143,0.21240982725873891,TRUE
350373.5,4311614.5,UPTA,158.6979217529297,0,S07,M02,9.01414447692907,M01,9.015173284172748,0.0010288072436779316,TRUE
351280.5,4322890.5,UPTA,158.93679809570312,0,S06.b,S10.a,8.111378972596873,M02,8.187724053071856,0.07634508047498301,TRUE
348475.5,4319935.5,UPTA,166.47230529785156,0,M01,M01,12.671585171035865,S12,13.137350810476434,0.46576563944056915,TRUE
348247.5,4320212.5,UPTA,161.0521240234375,0,S12,M01,15.836903783422999,S12,15.988531055880744,0.15162727245774477,TRUE
346232.5,4318323.5,UPTA,165.71034240722656,0.296999990940094,M01,S08.a,13.541968619052033,M02,13.641780174023273,0.0998115549712395,TRUE
351685.5,4311911.5,UPTA,157.16360473632812,0,Juniperus sp.,S23,229.3963515848837,S21,229.86744119276787,0.4710896078841813,TRUE
358115.5,4318581.5,UPTA,159.37789916992188,0,M01,M01,11.906207499572186,S13.b,12.600099223830004,0.6938917242578171,TRUE
348937.5,4322185.5,UPTA,170.68060302734375,0,S12,S12,20.785157896144824,M01,21.259776099753246,0.4746182036084221,TRUE
355727.5,4305881.5,UPTA,173.72291564941406,0,Juniperus sp.,S23,247.5950643736058,S21,247.62475002441295,0.029685650807152797,TRUE
353625.5,4320893.5,UPTA,180.05828857421875,0,S12,S08.a,19.74596044592775,S12,19.993535186489847,0.24757474056209716,TRUE
357406.5,4319809.5,UPTA,168.40628051757812,0,S14,M01,12.992100952467085,S13.b,13.553069681993698,0.5609687295266124,TRUE
348307.5,4320407.5,UPTA,156.66612243652344,0,M01,M01,12.529139105095695,S08.a,12.911807554700408,0.38266844960471325,TRUE
353712.5,4307881.5,UPTA,169.0433349609375,0,S12,S08.a,15.783931961347633,M01,16.046041989714624,0.2621100283669904,TRUE
356526.5,4319608.5,UPTA,155.44180297851562,0,S12,S12,15.481415287606461,S14,16.029187433836302,0.5477721462298408,TRUE
359013.5,4317527.5,UPTA,156.9465789794922,0,S12,M01,10.769686555967288,Juniperus sp.,10.78895221259073,0.01926565662344082,TRUE
352334.5,4323686.5,UPTA,181.85562133789065,0,S25,S16,198.32078588674108,S17,200.05483642125395,1.7340505345128747,TRUE
361946.5,4316107.5,UPTA,169.00506591796875,0,M01,M01,8.338638934691861,S10.a,8.514498832840646,0.17585989814878467,TRUE
345982.5,4314296.5,UPTA,170.69065856933594,0,M01,S08.a,12.15373888483908,M02,12.333617423008462,0.17987853816938149,TRUE
350001.5,4314953.5,UPTA,170.71969604492188,0,S14,M01,16.35219541427218,S14,16.456714321719584,0.10451890744740311,TRUE
348904.5,4313104.5,UPTA,172.04632568359375,0,S06.b,S07,12.937902818851414,M02,13.00595758098315,0.06805476213173556,TRUE
343985.5,4314479.5,UPTA,165.92938232421875,0,M01,S08.a,15.01526763632064,M02,15.021208726770375,0.005941090449734787,TRUE
353694.5,4308536.5,UPTA,165.9971466064453,0,S10.a,S10.c,7.761165150655078,S10.a,8.24064879816104,0.47948364750596184,TRUE
349685.5,4315185.5,UPTA,161.80221557617188,0,S12,S14,16.393907906084028,S08.a,16.45644918412614,0.06254127804211151,TRUE
359331.5,4317743.5,UPTA,165.97096252441406,0,M01,M01,10.9714795066756,S08.a,11.198682495401444,0.22720298872584443,TRUE
357268.5,4319227.5,UPTA,166.92074584960938,0,S14,M01,14.768558907907837,S13.b,15.529492928647992,0.7609340207401551,TRUE
356655.5,4322347.5,UPTA,178.4218292236328,0,Dasiphora fruticosa,S08.a,16.598629535362672,M01,16.867340728056824,0.2687111926941519,TRUE
348658.5,4314305.5,UPTA,160.4349365234375,0,M01,M01,13.680830587867542,S08.a,14.107815525051365,0.426984937183823,TRUE
347247.5,4313968.5,UPTA,167.8791046142578,0,M02,M02,7.608548544689088,Ligusticum porteri,7.6817662715372705,0.07321772684818217,TRUE
350379.5,4319647.5,UPTA,162.04470825195312,0,S12,M01,12.98590220040321,Sambucus racemosa,13.218700972804676,0.23279877240146618,TRUE
349757.5,4321698.5,UPTA,171.35414123535156,0,S10.a,S10.c,8.739795230570039,S10.a,9.046841808536595,0.3070465779665561,TRUE
361451.5,4316173.5,UPTA,165.88377380371094,0,S12,M01,15.94979454477876,S08.a,16.218407906069555,0.2686133612907948,TRUE
353391.5,4323956.5,UPTA,170.38047790527344,0,S23,S10.c,7.1593426692521485,S10.a,7.17773124610025,0.01838857684810158,TRUE
351907.5,4321707.5,UPTA,168.7626190185547,0,S06.b,S07,7.237464284475908,S10.a,7.244005373690497,0.006541089214588958,TRUE
359610.5,4318233.5,UPTA,168.1830596923828,0,S17,S17,20.893383991651834,S20,21.51386855746028,0.6204845658084466,TRUE
350679.5,4321848.5,UPTA,159.9832000732422,0,S06.b,M01,14.265995548012897,S13.b,14.554994355711155,0.2889988076982579,TRUE
353391.5,4309572.5,UPTA,160.2522735595703,0.8799999952316284,S10.a,S10.c,6.497286435325991,S10.a,6.558517841196499,0.06123140587050813,FALSE
349280.5,4322791.5,UPTA,170.9849853515625,0,M01,M01,12.843928867930293,S13.b,13.670145822009639,0.8262169540793458,TRUE
356622.5,4307431.5,UPTA,163.45701599121094,0,M01,M01,17.487277739731777,S13.b,18.113769831753075,0.626492092021298,TRUE
345109.5,4313965.5,UPTA,173.47564697265625,0,S12,S12,14.357244441757137,S14,14.837501631332358,0.48025718957522123,TRUE
354112.5,4307689.5,UPTA,168.81381225585938,0,S12,S08.a,20.54406950623535,S24.a,20.722507215208108,0.17843770897275846,TRUE
347361.5,4319656.5,UPTA,164.0389404296875,0,S12,S21,39.75874166237388,S23,43.4106471196833,3.651905457309418,TRUE
361160.5,4317635.5,UPTA,176.08287048339844,0,S22,S22,18.328855195011283,S14,18.598019209532698,0.26916401452141514,TRUE
349739.5,4323059.5,UPTA,170.27407836914062,0,S12,S14,18.361947724731813,M01,18.417781808599724,0.05583408386791078,TRUE
352088.5,4310404.5,UPTA,162.47482299804688,0,S12,S14,16.814342528201472,S12,17.34854461838049,0.5342020901790185,TRUE
349094.5,4321728.5,UPTA,173.5099334716797,0,M01,Betula glandulosa,11.943116143718735,Salix wolfii,12.823993955837294,0.880877812118559,TRUE
353001.5,4309662.5,UPTA,159.16458129882812,0,Dasiphora fruticosa,S06.b,8.997382374207127,Osmorhiza occidentalis,9.46588602284286,0.4685036486357319,TRUE
349262.5,4311980.5,UPTA,169.9491424560547,0.37299999594688416,Juniperus sp.,S09.a,12.13968204801919,S07,12.204431373654446,0.06474932563525648,TRUE
360991.5,4316362.5,UPTA,169.02764892578125,0,S14,S22,17.70313425389142,S14,18.055340992986274,0.35220673909485356,TRUE
349829.5,4320038.5,UPTA,166.28347778320312,0,S14,M01,17.731810308053653,Sambucus racemosa,17.77260227819563,0.040791970141977885,TRUE
352823.5,4309032.5,UPTA,161.6338348388672,0,S10.a,S10.c,6.642400854781895,S10.a,7.205150893188417,0.5627500384065218,FALSE
351640.5,4322659.5,UPTA,160.87527465820312,0,M01,M01,8.425766806298377,M02,9.198758772720705,0.7729919664223281,TRUE
352847.5,4323146.5,UPTA,169.3479766845703,0,M01,M01,15.178672744892099,S13.b,15.627308565325238,0.44863582043313954,TRUE
352079.5,4322302.5,UPTA,168.4412841796875,0,S14,M01,15.241695844482189,S13.b,15.64266742066338,0.40097157618119006,TRUE
344799.5,4314179.5,UPTA,166.09014892578125,0,S12,S12,14.036073309447294,M01,14.33243944114567,0.29636613169837567,TRUE
350322.5,4323308.5,UPTA,164.90655517578125,0,S20,S20,19.503410633141666,S08.a,19.728551630586843,0.2251409974451768,TRUE
348478.5,4314077.5,UPTA,172.46258544921875,0,M01,M01,13.875689059914485,S14,14.463000483161306,0.5873114232468204,TRUE
354397.5,4322029.5,UPTA,169.58460998535156,0,S14,S14,10.181773434184356,S10.a,10.201424494820184,0.019651060635828443,TRUE
355937.5,4307794.5,UPTA,164.7143096923828,0,S10.a,S10.c,5.769600539858988,S10.a,6.2331723460775885,0.4635718062186003,FALSE
356934.5,4319518.5,UPTA,166.42678833007812,1.2710000276565552,Juniperus sp.,S07,14.250269873500084,M01,14.621170222490576,0.3709003489904923,TRUE
345853.5,4314746.5,UPTA,156.30657958984375,0,S14,S14,14.02907931871905,M01,14.417683898815014,0.3886045800959632,TRUE
354235.5,4322428.5,UPTA,161.26661682128906,0,S14,S23,20.114307744039007,S14,20.740766944721234,0.6264592006822269,TRUE
349775.5,4323254.5,UPTA,178.8618927001953,0,Juniperus sp.,S12,20.852574292235403,M01,20.976759260092205,0.12418496785680233,TRUE
353349.5,4323443.5,UPTA,169.19215393066406,0,S10.a,S10.c,7.416153090666661,S10.a,7.560280762754809,0.14412767208814792,TRUE
349361.5,4323206.5,UPTA,167.65597534179688,0,S14,S14,15.369734433295053,M01,15.692387847207424,0.3226534139123718,TRUE
351082.5,4320320.5,UPTA,158.18475341796875,0,S12,S24.b,18.413455653794017,S24.a,18.552115251127034,0.13865959733301736,TRUE
349574.5,4322461.5,UPTA,171.6223907470703,0,S14,M01,17.440979169802585,S14,17.538692053214525,0.09771288341194051,TRUE
351163.5,4312359.5,UPTA,160.52658081054688,0,S14,M01,12.655969112940046,S13.b,13.141546014708064,0.4855769017680185,TRUE
355046.5,4321626.5,UPTA,170.30491638183594,0,S12,S20,22.634460281979685,S08.a,23.028772060110303,0.3943117781306178,TRUE
350970.5,4315089.5,UPTA,155.43792724609375,0,M01,M01,12.675961315240679,M02,13.109403518724875,0.43344220348419604,TRUE
348292.5,4318338.5,UPTA,166.06747436523438,0,S14,S22,17.805249541087164,M01,17.856671861200148,0.051422320112983755,TRUE
352457.5,4323428.5,UPTA,177.2253875732422,0,M01,M01,15.306288260043058,S08.a,15.570670858295578,0.26438259825252075,TRUE
353793.5,4308560.5,UPTA,165.31961059570312,0,S11,S11,8.131339950295935,S07,10.329932378292977,2.198592427997042,TRUE
349082.5,4314950.5,UPTA,176.07666015625,0,S12,M01,17.00291165819441,S12,17.02697260306741,0.024060944872999812,TRUE
349751.5,4312293.5,UPTA,182.01953125,0,S12,S12,14.911522331725383,S14,15.520671782162621,0.6091494504372381,TRUE
351178.5,4314884.5,UPTA,157.5817413330078,0,S15,S15,7.141957387988775,S10.c,7.752952465826804,0.6109950778380293,TRUE
350574.5,4322284.5,UPTA,157.57810974121094,0,M01,Dasiphora fruticosa,13.131011864601044,Salix planifolia,13.450178589341359,0.31916672474031493,TRUE
354904.5,4319188.5,UPTA,155.28688049316406,0,S14,S14,18.219551929353926,S19,18.891512789158362,0.671960859804436,TRUE
356148.5,4321419.5,UPTA,167.06105041503906,0,S14,M01,16.957010998044503,S10.a,17.174751782297868,0.2177407842533654,TRUE
350370.5,4319959.5,UPTA,159.82278442382812,0,M02,S23,10.203904443711366,Corydalis caseana,11.000178185631167,0.7962737419198014,TRUE
361040.5,4315671.5,UPTA,158.0221710205078,0,S12,S24.a,19.559004162693345,S12,19.738907936124164,0.1799037734308193,TRUE
357184.5,4319056.5,UPTA,167.2294921875,1.0099999904632568,S22,S22,20.612476087928094,S24.b,21.153652951176,0.5411768632479053,TRUE
348361.5,4319410.5,UPTA,169.28770446777344,0,M01,M01,11.598955760135846,S10.a,12.110124837921434,0.5111690777855884,TRUE
348925.5,4314341.5,UPTA,167.84486389160156,0,S14,S14,16.07374136410794,M01,16.448292897297325,0.3745515331893863,TRUE
362268.5,4315233.5,UPTA,162.0592803955078,0,M01,M01,12.293050469727262,S08.a,12.869731389026297,0.5766809192990348,TRUE
351553.5,4323227.5,UPTA,172.51516723632812,0,S14,S08.a,14.357847115620855,M01,14.392341849680863,0.034494734060007914,TRUE
356604.5,4322518.5,UPTA,178.91726684570312,0,S08.a,S08.a,11.902529280767434,M02,12.220800962742357,0.31827168197492384,TRUE
355007.5,4306734.5,UPTA,162.44277954101562,0,M01,M01,17.97639639976832,S22,18.432231339308185,0.45583493953986576,TRUE
348802.5,4313410.5,UPTA,168.99069213867188,0,M02,S09.a,5.527215864545068,S10.c,5.709148237497976,0.18193237295290743,FALSE
350025.5,4321554.5,UPTA,170.9397735595703,0,S06.b,M01,9.454653221824701,Betula glandulosa,9.728670245421457,0.2740170235967554,TRUE
351148.5,4323107.5,UPTA,171.9423370361328,0,S23,Salix wolfii,8.81100509838302,S10.c,9.05290001192271,0.24189491353968862,TRUE
349421.5,4320404.5,UPTA,166.56492614746094,0,S12,S24.a,20.494689929817632,S24.b,20.74013795341474,0.2454480235971097,TRUE
349727.5,4313794.5,UPTA,162.7661895751953,0,S10.c,S10.c,8.090427358856783,S10.a,8.22114758843369,0.130720229576907,TRUE
351001.5,4319728.5,UPTA,163.1338653564453,0,M01,M01,15.692203325071723,S13.b,16.168020406619153,0.4758170815474294,TRUE
350190.5,4311194.5,UPTA,166.1276397705078,0,S14,S14,14.020178190434747,M01,14.556428937774784,0.5362507473400377,TRUE
347661.5,4314101.5,UPTA,160.98435974121094,0,S21,S21,60.83637897284966,S23,63.05769812225699,2.2213191494073286,TRUE
356976.5,4322344.5,UPTA,159.96826171875,0,M01,S08.a,17.760645064003942,M01,18.19916416279694,0.4385190987929981,TRUE
356991.5,4319857.5,UPTA,173.94479370117188,0,S12,S25,19.74775283763662,S12,19.885926518002012,0.1381736803653908,TRUE
344310.5,4314341.5,UPTA,175.00669860839844,0,M01,S08.a,12.47932747090522,M02,12.527664318151826,0.04833684724660614,TRUE
354100.5,4306800.5,UPTA,164.16656494140625,0,S14,M01,12.87787712411573,S14,13.416350528192268,0.5384734040765373,TRUE
362214.5,4315422.5,UPTA,158.93768310546875,0,M01,M01,10.653030552569565,S08.a,11.264581572015775,0.6115510194462104,TRUE
359385.5,4317353.5,UPTA,157.51686096191406,0,S12,S12,13.921849842033904,M01,13.972680965166525,0.05083112313262106,TRUE
349445.5,4318353.5,UPTA,159.57357788085938,0,S14,S14,19.956615228813178,M01,20.382136663084353,0.4255214342711753,TRUE
354805.5,4322668.5,UPTA,175.26815795898438,0,S12,M01,17.691213856036146,S12,17.826277733715354,0.13506387767920813,TRUE
353754.5,4320104.5,UPTA,170.93495178222656,0,S12,S12,18.298170110631453,M01,19.006487587520155,0.708317476888702,TRUE
345097.5,4314815.5,UPTA,179.041015625,0,S06.b,M02,8.979376899405057,S08.a,9.084707412139966,0.10533051273490912,TRUE
359022.5,4317809.5,UPTA,170.12774658203125,0,M01,M01,11.169898157777753,Sambucus racemosa,11.657654080795496,0.4877559230177422,TRUE
346592.5,4317596.5,UPTA,161.6708984375,0.18400000035762787,M01,M01,12.901648958968009,S10.a,13.13822072859112,0.23657176962311155,TRUE
348055.5,4314716.5,UPTA,178.1925506591797,0,S06.b,M01,10.408795708702483,S10.a,10.861612700103159,0.45281699140067566,TRUE
356643.5,4320194.5,UPTA,160.57754516601562,0,S12,S12,14.48616940623153,M01,15.062663198925822,0.5764937926942917,TRUE
359328.5,4317875.5,UPTA,158.35491943359375,0,S12,S08.a,15.094177986563226,S13.b,15.249796524713467,0.1556185381502413,TRUE
356607.5,4322398.5,UPTA,178.1269073486328,0,S12,S08.a,16.022978114095434,S12,16.03382433467108,0.010846220575647436,TRUE
354175.5,4322818.5,UPTA,177.13699340820312,0,S14,M01,15.399783570071838,S14,15.76571588196545,0.3659323118936122,TRUE
347712.5,4319350.5,UPTA,166.76365661621094,0,S14,M01,16.00061665882238,S13.b,16.30505891369404,0.30444225487165966,TRUE
357064.5,4319818.5,UPTA,176.3919219970703,0,S14,S14,15.9902317806368,M01,16.04321359717152,0.05298181653471978,TRUE
346217.5,4317914.5,UPTA,170.95233154296875,0,S14,M02,15.421342764518714,S08.a,15.427368552336368,0.006025787817653949,TRUE
351304.5,4310470.5,UPTA,168.0048370361328,0,M01,S08.a,14.3359033014344,M02,14.657434178612068,0.3215308771776684,TRUE
350994.5,4323101.5,UPTA,172.66519165039062,0,S14,S14,16.947035073980594,M01,17.17015115105012,0.22311607706952685,TRUE
351664.5,4323266.5,UPTA,171.0824737548828,0,M01,M01,12.77631392136861,S14,13.336228567528165,0.5599146461595552,TRUE
348103.5,4318422.5,UPTA,163.81800842285156,0,M01,M01,12.836762004882663,S08.a,13.114018625928017,0.2772566210453533,TRUE
354481.5,4318608.5,UPTA,160.80636596679688,0,S14,M01,13.868237789001286,S14,13.952528794632258,0.08429100563097158,TRUE
350292.5,4311713.5,UPTA,168.4961395263672,0,S14,M01,14.33929709725487,S14,14.486291279504634,0.1469941822497649,TRUE
344235.5,4314653.5,UPTA,171.87522888183594,0,S12,S08.a,15.606299694862036,M01,15.756253607528457,0.14995391266642066,TRUE
352808.5,4309260.5,UPTA,162.819580078125,0,S10.a,S14,11.66611024590217,S10.c,12.107617997747631,0.441507751845462,TRUE
348916.5,4314548.5,UPTA,173.8210906982422,0,S25,S12,18.445301545191807,S25,18.557745289272447,0.11244374408063962,TRUE
348772.5,4315635.5,UPTA,155.08175659179688,0,M01,S10.a,10.314129321810777,M01,10.394525978540544,0.08039665672976781,TRUE
356532.5,4321689.5,UPTA,174.31729125976562,0,S14,S14,15.757886655179158,S22,15.965101232526287,0.20721457734712878,TRUE
351397.5,4322296.5,UPTA,155.78726196289062,0.6460000276565552,Salix planifolia,Salix planifolia,9.334257793485763,Salix other,9.573888462759164,0.23963066927340115,TRUE
355445.5,4322284.5,UPTA,172.98934936523438,0,M01,M01,18.60857812885921,S13.b,18.690080194280647,0.08150206542143579,TRUE
349751.5,4321929.5,UPTA,169.35519409179688,0,M01,M01,13.297567793428508,S14,13.515122731742101,0.21755493831359374,TRUE
347412.5,4315155.5,UPTA,167.37403869628906,0,M01,M01,11.816411180013855,S14,11.977190055376902,0.16077887536304658,TRUE
348982.5,4322680.5,UPTA,170.0484619140625,0,S14,M01,17.01648869505673,S22,17.040242150542444,0.02375345548571417,TRUE
354121.5,4322170.5,UPTA,166.78515625,0,Salix wolfii,S23,16.20233558701919,S14,18.098688773269014,1.8963531862498257,TRUE
347004.5,4319437.5,UPTA,175.46121215820312,0,S12,S12,19.001813443322956,S08.a,19.048370741595527,0.046557298272571046,TRUE
360247.5,4316923.5,UPTA,159.58355712890625,0,S14,S08.a,15.610375553609341,S14,15.653406688417764,0.04303113480842313,TRUE
346874.5,4315500.5,UPTA,172.05226135253906,0,S25,S12,28.888797529900458,S25,29.45678366145378,0.5679861315533223,TRUE
352187.5,4323857.5,UPTA,170.0599365234375,0,M01,S08.a,11.575237199256016,M01,11.585537770277396,0.010300571021380378,TRUE
344568.5,4314893.5,UPTA,178.2767333984375,0,S12,S08.a,16.44061758726259,S12,16.512673932170898,0.07205634490830803,TRUE
347166.5,4318149.5,UPTA,181.12869262695312,0,M01,S08.a,12.798681662917101,M02,13.529476543580602,0.7307948806635007,TRUE
349934.5,4313794.5,UPTA,161.49876403808594,0.2280000001192093,S06.b,Betula glandulosa,9.762367067186627,Salix wolfii,10.338070542811437,0.5757034756248096,TRUE
349073.5,4313491.5,UPTA,162.1009063720703,0,S12,M02,23.451017796909102,Ligusticum porteri,23.518663917110118,0.06764612020101524,TRUE
353661.5,4318200.5,UPTA,159.31549072265625,0,S12,M01,18.246546514535662,S12,18.25363019547132,0.00708368093565781,TRUE
350547.5,4315593.5,UPTA,159.7959747314453,0,M01,M01,13.196778055298847,M02,13.364081771804324,0.1673037165054776,TRUE
347616.5,4318770.5,UPTA,173.878173828125,0,S06.b,S10.c,8.99320312269113,S10.a,9.055590810590699,0.0623876878995695,TRUE
348892.5,4319629.5,UPTA,156.6158447265625,0,S15,S10.a,8.418912512766068,S10.c,8.479525046542372,0.060612533776303934,TRUE
348103.5,4319431.5,UPTA,168.2456512451172,0,S12,S21,16.79890394627339,S23,18.717325698380236,1.9184217521068447,TRUE
351016.5,4316335.5,UPTA,160.888916015625,0,S22,S22,15.51248675202891,S14,16.12004935861156,0.6075626065826505,TRUE
347760.5,4320047.5,UPTA,167.88949584960938,0,S21,S21,32.48293625514186,S23,34.42507342392675,1.942137168784889,TRUE
350859.5,4315953.5,UPTA,166.4046173095703,0,S14,S14,17.99935333478975,S08.a,18.04180495996627,0.0424516251765219,TRUE
351844.5,4322428.5,UPTA,155.1453094482422,0,S12,S08.a,15.994551572299107,M01,16.113511092463416,0.11895952016430833,TRUE
358895.5,4318170.5,UPTA,160.27894592285156,0,M01,Sambucus racemosa,10.149522006689665,Salix wolfii,10.302120358577845,0.15259835188818016,TRUE
352991.5,4324158.5,UPTA,173.61300659179688,0,S12,M01,18.37040751514062,S22,18.503251368723856,0.13284385358323547,TRUE
353652.5,4319536.5,UPTA,167.7834014892578,0,S14,M01,13.141116581210287,S08.a,13.592562781788589,0.4514462005783013,TRUE
354676.5,4307920.5,UPTA,165.51528930664062,0,S09.a,S09.a,6.39960871094059,Osmorhiza occidentalis,6.865526861974838,0.4659181510342485,FALSE
351886.5,4315158.5,UPTA,157.21632385253906,0,S11,Veratrum tenuipetalum,8.104126803481757,S11,8.288254163714816,0.18412736023305953,TRUE
348475.5,4318110.5,UPTA,162.88809204101562,0,S14,M01,14.810997043980215,S14,15.523715211840384,0.7127181678601691,TRUE
350007.5,4312425.5,UPTA,175.57962036132812,0,S06.b,M01,12.66297304307837,S07,12.977116270919101,0.3141432278407308,TRUE
353856.5,4320155.5,UPTA,168.61529541015625,0,M01,M01,11.4837698182383,S08.a,12.534187698883464,1.0504178806451634,TRUE
351733.5,4314632.5,UPTA,158.5358428955078,0,S11,S16,11.222252423505322,S11,13.431538918874633,2.2092864953693105,TRUE
349145.5,4322320.5,UPTA,174.78077697753906,0,M01,M01,16.10898662786989,S08.a,16.70154413116197,0.5925575032920811,TRUE
351433.5,4322473.5,UPTA,156.2062530517578,0,S14,S14,9.563152834524969,M01,10.246878532834714,0.6837256983097451,TRUE
349607.5,4322173.5,UPTA,158.62704467773438,0,M01,M01,10.812932558098856,M02,11.50500999679674,0.6920774386978845,TRUE
348052.5,4318398.5,UPTA,166.48248291015625,0.5630000233650208,Salix other,Salix other,6.6916631233036625,Salix planifolia,6.839739935704568,0.1480768124009053,FALSE
345979.5,4318545.5,UPTA,155.40562438964844,0,S12,S12,14.845321071454945,S01.b,15.346576997167036,0.5012559257120905,TRUE
348745.5,4320221.5,UPTA,161.01104736328125,0,S14,M01,15.961538147051584,S14,16.40825482412198,0.44671667707039475,TRUE
354166.5,4321224.5,UPTA,161.22361755371094,0,S14,S23,15.11445036170662,S14,17.47830604121449,2.3638556795078713,TRUE
346166.5,4316999.5,UPTA,181.88543701171875,0,S12,Ligusticum porteri,33.90747871748297,M02,33.99909260587487,0.09161388839190465,TRUE
352832.5,4323842.5,UPTA,163.56166076660156,0,M01,M01,8.804249120521993,M02,9.110357264647032,0.30610814412503906,TRUE
355676.5,4322074.5,UPTA,166.1363525390625,0,S22,S22,20.18390478609345,M01,20.935057350057974,0.7511525639645242,TRUE
350232.5,4322188.5,UPTA,158.64317321777344,0,M01,M01,9.674330207070364,M02,9.850047133873023,0.17571692680265905,TRUE
353526.5,4319656.5,UPTA,169.26266479492188,0,S12,S12,19.42770486279636,S24.a,20.567736340487876,1.1400314776915152,TRUE
347670.5,4319716.5,UPTA,162.60035705566406,0,S23,S21,32.90813848278756,S23,34.049173105248286,1.1410346224607295,TRUE
347727.5,4314689.5,UPTA,182.13754272460935,0,S14,M01,15.30634545052147,S14,15.349458816457139,0.04311336593566928,TRUE
347343.5,4318164.5,UPTA,173.67831420898438,0,M01,S08.a,10.620028648268518,M01,10.920712575472363,0.3006839272038455,TRUE
345754.5,4315386.5,UPTA,171.53463745117188,0,S06.b,Osmorhiza occidentalis,12.962605693307705,S10.a,13.024592676468783,0.06198698316107887,TRUE
350046.5,4320251.5,UPTA,166.33912658691406,0,S14,S14,12.862042454215956,M01,13.275203698631204,0.4131612444152477,TRUE
352124.5,4309422.5,UPTA,161.3743133544922,0,S21,S21,16.059596257434475,S23,19.51181353786645,3.4522172804319737,TRUE
348370.5,4313287.5,UPTA,170.7434539794922,0,S12,S13.b,39.43191656515175,S12,39.526104280203555,0.09418771505180246,TRUE
347265.5,4318329.5,UPTA,178.44432067871094,0,S12,M01,15.295375337417894,S14,15.59398380160571,0.29860846418781506,TRUE
352091.5,4322287.5,UPTA,168.64488220214844,0,S14,M01,15.831575132336882,S13.b,16.33375869738646,0.5021835650495792,TRUE
353832.5,4320671.5,UPTA,172.00326538085938,0,S12,S20,19.016933837594458,M01,19.22450435324209,0.20757051564763174,TRUE
353556.5,4319185.5,UPTA,174.1759490966797,0.6150000095367432,S12,S12,20.649102498615033,S25,21.817189999678263,1.16808750106323,TRUE
356565.5,4321011.5,UPTA,167.826416015625,0,S12,Sambucus racemosa,15.336985108350746,M01,15.405345799326462,0.06836069097571595,TRUE
354124.5,4321383.5,UPTA,165.52337646484375,0,S23,S23,15.556088271723663,S21,16.16321598832816,0.6071277166044986,TRUE
354097.5,4319212.5,UPTA,159.15150451660156,0,Salix wolfii,Salix wolfii,10.341947464354993,Salix planifolia,10.527111174988633,0.18516371063364012,TRUE
360694.5,4317389.5,UPTA,163.82696533203125,0,M01,S08.a,14.28283232501112,M01,14.563460356631394,0.2806280316202745,TRUE
348733.5,4322461.5,UPTA,160.98353576660156,0,S14,M01,16.21719661260692,S14,16.29974066284207,0.08254405023514977,TRUE
346463.5,4317320.5,UPTA,171.8149871826172,0,M02,S08.a,9.754242614028051,M02,9.844014157500732,0.0897715434726809,TRUE
349688.5,4315299.5,UPTA,172.35130310058594,0,S12,M01,15.765839671788806,S12,16.14494311734984,0.37910344556103404,TRUE
348808.5,4314182.5,UPTA,168.9375,0,S12,S14,14.693072875001148,M01,14.796640306491772,0.10356743149062453,TRUE
351814.5,4315131.5,UPTA,160.38946533203125,0.25,S10.c,S10.c,8.036481609468916,S10.a,8.066937996386065,0.030456386917148137,TRUE
350472.5,4315467.5,UPTA,157.61459350585938,0,S11,S11,9.590813985305314,Caltha leptosepala,10.861320148228417,1.2705061629231036,TRUE
352067.5,4322974.5,UPTA,181.16778564453125,0,S14,S14,20.953551324692743,S22,22.745895794385877,1.792344469693134,TRUE
350682.5,4315800.5,UPTA,163.08340454101562,0,M01,M01,16.64671167711948,S14,16.918386949941812,0.27167527282233195,TRUE
355307.5,4307599.5,UPTA,166.8825225830078,0.8399999737739563,M01,Salix other,8.267842851288115,Betula glandulosa,8.35123601380613,0.08339316251801421,TRUE
348259.5,4312044.5,UPTA,175.9013214111328,0.4449999928474426,S12,S13.b,41.97410756845508,S12,42.63860177555727,0.6644942071021873,TRUE
355460.5,4321194.5,UPTA,163.8058319091797,0,M01,Betula glandulosa,9.62258687892288,Salix wolfii,9.716309685200452,0.09372280627757235,TRUE
354046.5,4307557.5,UPTA,177.20420837402344,0,S12,S12,18.94177631142334,S14,19.28922657569086,0.3474502642675219,TRUE
361541.5,4317692.5,UPTA,170.4062957763672,0,S12,S08.a,18.54671520188439,M01,18.765249585256402,0.21853438337201325,TRUE
353559.5,4319260.5,UPTA,177.56143188476562,0,S12,S12,16.14626203295243,M01,16.899875139890195,0.7536131069377667,TRUE
349034.5,4322569.5,UPTA,168.14208984375,0,S14,M01,16.94684907404175,Sambucus racemosa,17.035155597197903,0.0883065231561524,TRUE
352031.5,4323773.5,UPTA,163.0438232421875,0,S14,S14,14.523472464285236,M01,15.079448446998416,0.5559759827131803,TRUE
355949.5,4321734.5,UPTA,166.24505615234375,0,S06.b,Betula glandulosa,10.867408544871074,Salix wolfii,11.086239093292747,0.21883054842167304,TRUE
346631.5,4317275.5,UPTA,168.4886016845703,0,M01,M02,13.937005383948987,Sambucus racemosa,13.975390256794157,0.03838487284516923,TRUE
346475.5,4314890.5,UPTA,164.86192321777344,0,S06.b,M02,7.956294505321408,Ligusticum porteri,8.198174577677804,0.24188007235639652,TRUE
359949.5,4317026.5,UPTA,155.05816650390625,0,M01,S08.a,13.304114210413822,M01,13.435760938966585,0.13164672855276294,TRUE
354496.5,4322704.5,UPTA,173.8185272216797,0,S22,S22,20.112232166695208,S14,21.25867330600712,1.1464411393119107,TRUE
353721.5,4307782.5,UPTA,161.26344299316406,0,S12,S12,16.35663791444219,M01,16.666038651834125,0.3094007373919361,TRUE
350070.5,4313566.5,UPTA,156.84764099121094,0,M01,M01,10.919540549892035,S10.a,11.367418605356228,0.44787805546419257,TRUE
357349.5,4319164.5,UPTA,162.1827392578125,0,S06.b,M01,14.387340335263655,S13.b,14.748950128985962,0.36160979372230706,TRUE
354238.5,4321338.5,UPTA,165.50567626953125,0,S23,S23,14.050346525146681,S21,16.066334905846404,2.0159883806997225,TRUE
350112.5,4312362.5,UPTA,171.2093505859375,0,M01,M01,9.054793531092319,M02,9.227938912681905,0.17314538158958648,TRUE
357334.5,4320986.5,UPTA,180.55860900878903,0,S08.a,S08.a,10.943809142046243,M02,11.717195694062468,0.7733865520162251,TRUE
354559.5,4309245.5,UPTA,155.43150329589844,0,S12,S14,18.18152313928292,M01,18.32010202256027,0.13857888327735068,TRUE
353898.5,4320302.5,UPTA,169.581298828125,0,S14,M01,11.58584627935331,S13.b,12.234277452325337,0.6484311729720265,TRUE
354808.5,4308803.5,UPTA,156.33824157714844,0,S06.b,S10.a,8.565017562969695,S10.c,8.670729208481152,0.10571164551145706,TRUE
351211.5,4316146.5,UPTA,159.41558837890625,0,S12,M01,13.792803895279746,S08.a,14.056247454878623,0.2634435595988762,TRUE
346904.5,4319284.5,UPTA,168.91732788085938,0,S12,S08.a,15.041145499861434,M01,15.206077561846895,0.16493206198546062,TRUE
355364.5,4322407.5,UPTA,176.31787109375,0,M01,M01,16.510505192549818,S08.a,16.70605097986125,0.19554578731143124,TRUE
353724.5,4320041.5,UPTA,168.8860626220703,0,S12,M01,17.370232106852193,S14,17.438129075793647,0.06789696894145436,TRUE
357118.5,4320659.5,UPTA,159.9314727783203,0,S14,S08.a,16.40179627062982,M02,16.789919274886014,0.38812300425619384,TRUE
346709.5,4318995.5,UPTA,173.10972595214844,0,S07,S10.c,7.286706672803238,S10.a,7.749249999002773,0.4625433261995351,TRUE
346454.5,4318449.5,UPTA,162.17164611816406,0,M01,S08.a,17.76144688275101,S13.b,17.85009988480855,0.08865300205754068,TRUE
353163.5,4323635.5,UPTA,158.45297241210938,0,S06.b,S09.a,5.531147657169729,S10.c,6.070356968399839,0.5392093112301097,FALSE
353622.5,4321413.5,UPTA,157.4712371826172,0,S14,S23,18.989578928181036,S14,20.225414229822466,1.2358353016414299,TRUE
346466.5,4317740.5,UPTA,173.55154418945312,0,S12,S08.a,10.474416014310327,M02,10.65565456048928,0.18123854617895319,TRUE
354796.5,4317323.5,UPTA,156.20779418945312,0,S12,S14,18.227363671922497,S22,18.4439210138714,0.21655734194890286,TRUE
350772.5,4316299.5,UPTA,162.2557373046875,0,S14,M01,15.395831468131643,S14,15.753273659561007,0.35744219142936373,TRUE
349802.5,4313179.5,UPTA,156.1583251953125,0,M01,M01,12.689068080074225,S10.b,13.180543534604134,0.49147545452990826,TRUE
352832.5,4308908.5,UPTA,164.52366638183594,0,S10.a,S10.c,7.09120617890549,S10.a,7.355895382072852,0.2646892031673618,TRUE
354664.5,4309296.5,UPTA,156.9308319091797,0,S24.a,S24.b,20.317587537462657,S24.a,20.551806871616435,0.23421933415377794,TRUE
352253.5,4323848.5,UPTA,173.4042510986328,0,M01,M01,9.195388900013324,S10.a,9.644526868465405,0.44913796845208154,TRUE
348868.5,4313752.5,UPTA,170.73129272460938,0,M01,M01,9.654070132821603,M02,10.0966860438711,0.44261591104949716,TRUE
351523.5,4322455.5,UPTA,159.85939025878906,0,S12,S08.a,16.75064433458314,M02,17.024799870042816,0.27415553545967697,TRUE
354055.5,4306338.5,UPTA,164.6600341796875,0,M01,M01,13.201316679575418,M02,13.90720412292513,0.7058874433497113,TRUE
355364.5,4322440.5,UPTA,181.05560302734372,0,S25,S24.a,22.15637992272716,S12,22.18120116509384,0.024821242366677154,TRUE
351532.5,4311095.5,UPTA,176.50482177734375,0,S08.a,S08.a,7.96557468238307,M01,8.351348023347251,0.3857733409641808,TRUE
353208.5,4307938.5,UPTA,165.46060180664062,0,M01,M01,12.8980458454736,M02,13.468924423173924,0.5708785777003236,TRUE
349394.5,4311749.5,UPTA,171.2556610107422,0,S23,S10.c,8.292435014372987,S09.a,8.305731813738216,0.013296799365228651,TRUE
357673.5,4319065.5,UPTA,156.53492736816406,0,S14,M01,12.515996984320441,S10.a,13.311514216094206,0.7955172317737649,TRUE
348661.5,4319701.5,UPTA,160.11932373046875,0,M01,M01,10.500275634818662,S10.a,11.01135791539435,0.5110822805756889,TRUE
351721.5,4310920.5,UPTA,170.73873901367188,0,M01,M01,13.078695884922139,S08.a,13.535976948646224,0.4572810637240856,TRUE
354295.5,4306248.5,UPTA,162.44459533691406,0,M01,M01,12.596634805790222,S08.a,12.733025331661137,0.13639052587091527,TRUE
349727.5,4321602.5,UPTA,177.89649963378906,0,S23,S14,9.293007567368393,S10.c,9.64841280890729,0.35540524153889663,TRUE
349799.5,4315242.5,UPTA,166.7777099609375,0,M01,M01,15.419707863894178,S07,15.767010397181572,0.3473025332873938,TRUE
349181.5,4321779.5,UPTA,171.72271728515625,0,M01,M01,13.381082291508104,S13.b,14.082785460087234,0.7017031685791295,TRUE
350034.5,4323155.5,UPTA,165.14157104492188,0,Salix planifolia,Salix planifolia,10.308936800731962,Salix other,10.323106136299996,0.014169335568034569,TRUE
348982.5,4314005.5,UPTA,164.3684539794922,0,S06.b,M01,11.211653942939698,Osmorhiza occidentalis,11.390820257906473,0.17916631496677482,TRUE
349640.5,4318980.5,UPTA,155.37635803222656,0,S14,S14,10.89115189534231,S10.a,11.261884935310688,0.37073303996837836,TRUE
350130.5,4315587.5,UPTA,173.0791015625,0,M01,Corydalis caseana,24.457535545160177,S23,24.68751936739499,0.22998382223481428,TRUE
357112.5,4318716.5,UPTA,156.39747619628906,0,S14,M01,17.1619992644705,S14,17.412813231538276,0.2508139670677778,TRUE
346793.5,4318032.5,UPTA,169.77439880371094,0,M01,M01,13.476644757437388,S14,13.753663604438675,0.27701884700128687,TRUE
354298.5,4307371.5,UPTA,166.01260375976562,0,S14,S22,17.54562315821865,M01,17.90335658118754,0.35773342296889155,TRUE
346352.5,4314959.5,UPTA,172.11724853515625,0,S12,S08.a,21.538589248951485,M02,21.867288917624453,0.32869966867296796,TRUE
353544.5,4320047.5,UPTA,170.7410125732422,0,S14,M01,12.664155637127829,S14,13.357153282009422,0.6929976448815935,TRUE
350538.5,4319857.5,UPTA,162.86927795410156,0,S12,S12,17.9035775245425,S14,18.370592866820296,0.4670153422777972,TRUE
349622.5,4321170.5,UPTA,169.42062377929688,0,Salix wolfii,S21,20.866285028668898,S23,22.516394038737392,1.650109010068494,TRUE
350511.5,4322776.5,UPTA,168.1558380126953,0,M01,M01,9.5954657379045,S10.a,9.861420133439998,0.2659543955354984,TRUE
348712.5,4313482.5,UPTA,173.1621551513672,0,S12,S12,14.650522499396684,M01,14.944862540176862,0.2943400407801775,TRUE
348178.5,4315353.5,UPTA,171.11962890625,0,S10.a,S07,7.650635525758702,Caltha leptosepala,7.81739575844679,0.16676023268808837,TRUE
348040.5,4320152.5,UPTA,156.7062530517578,0,S14,M01,16.70160200069809,S14,17.022468250979195,0.32086625028110305,TRUE
347946.5,4312713.5,UPTA,180.04273986816406,0,S12,S20,24.056146380796974,S12,24.493062413873268,0.4369160330762938,TRUE
354619.5,4321686.5,UPTA,172.63540649414062,0,M01,S08.a,14.844464107220967,M01,14.94988714157167,0.10542303435070366,TRUE
352535.5,4322431.5,UPTA,164.64137268066406,0.32600000500679016,S14,M01,14.516047888071476,S13.b,14.955359114241316,0.4393112261698402,TRUE
352841.5,4309659.5,UPTA,161.60491943359375,0,S23,S11,20.50243565413655,S10.a,21.338566600325613,0.836130946189062,TRUE
351904.5,4310314.5,UPTA,164.6451416015625,0,Salix wolfii,Salix wolfii,10.013459868332147,Betula glandulosa,10.372040884530646,0.35858101619849947,TRUE
350082.5,4323101.5,UPTA,174.52418518066406,0,S12,S21,30.63314122042481,S23,34.02319842190666,3.390057201481852,TRUE
351718.5,4314638.5,UPTA,159.594970703125,0,S10.c,S10.c,6.313545384180751,S10.a,6.583960981988801,0.27041559780805,FALSE
347790.5,4319533.5,UPTA,167.15457153320312,0,S08.a,S14,8.866635356405235,S10.a,8.902150203837795,0.035514847432560614,TRUE
347829.5,4319119.5,UPTA,169.66526794433594,0,S11,S11,6.720470217196449,S10.c,7.089610655257707,0.3691404380612582,FALSE
357961.5,4318416.5,UPTA,164.566162109375,0,S20,M01,18.537852387849966,S20,18.572052864335696,0.034200476485729325,TRUE
349115.5,4319722.5,UPTA,157.63563537597656,0,S10.a,S10.c,7.418378937379797,S10.a,7.603828884495843,0.18544994711604623,TRUE
358820.5,4318110.5,UPTA,156.89869689941406,0,S05.a,Sambucus racemosa,12.668598240245583,M02,13.28672914475175,0.6181309045061667,TRUE
350160.5,4323476.5,UPTA,171.77552795410156,0,S12,S12,18.052251891039603,M01,18.054448841361676,0.0021969503220731212,TRUE
354856.5,4308902.5,UPTA,156.1491241455078,0,S06.b,S10.c,7.991126339637127,S10.a,8.038780833425815,0.0476544937886878,TRUE
348304.5,4315380.5,UPTA,170.01490783691406,0,S10.c,S10.c,6.356235347454079,S10.a,6.786036836283606,0.4298014888295274,FALSE
348328.5,4320476.5,UPTA,156.3645782470703,0,M01,M01,13.411954954032113,S08.a,13.814501923031077,0.4025469689989638,TRUE
356922.5,4308839.5,UPTA,161.51339721679688,0,Artemisia tridentata,S23,19.53913286811973,S25,19.640054530551808,0.10092166243207856,TRUE
344157.5,4315257.5,UPTA,178.45516967773438,0,S12,S12,13.352274563468631,M01,13.491120956294042,0.13884639282541045,TRUE
353196.5,4320119.5,UPTA,165.26705932617188,0,S12,M01,11.235072512390618,S12,11.295546666088969,0.060474153698351074,TRUE
344733.5,4315758.5,UPTA,180.06993103027344,0,S14,S14,15.376919413210976,S22,15.428902516571009,0.05198310336003331,TRUE
344976.5,4314119.5,UPTA,170.13026428222656,0,S06.b,M02,9.161665034199439,S06.b,9.379843492716045,0.218178458516606,TRUE
352487.5,4322218.5,UPTA,157.962890625,0,S14,M01,17.47376767122111,S13.b,17.79467697722316,0.32090930600204715,TRUE
345844.5,4316701.5,UPTA,172.74258422851562,0,S12,S12,24.29777429352088,S24.a,25.14126005171484,0.8434857581939603,TRUE
360544.5,4316791.5,UPTA,160.15072631835938,0,S06.b,M01,13.46271527886653,S08.a,13.763561892174577,0.30084661330804785,TRUE
354187.5,4321995.5,UPTA,165.33663940429688,0,S12,S23,16.215208605169412,S12,16.52104538958569,0.3058367844162788,TRUE
349208.5,4320806.5,UPTA,163.9716339111328,0,M01,M01,9.018937650022485,S10.a,9.726859204369847,0.7079215543473616,TRUE
349466.5,4314062.5,UPTA,161.5606231689453,0,M01,M01,11.97492317588252,S10.a,12.610759013911645,0.6358358380291254,TRUE
346178.5,4315848.5,UPTA,162.4129180908203,0.5130000114440918,S14,Sambucus racemosa,15.233605957281865,M01,15.365981231404383,0.13237527412251815,TRUE
352247.5,4323209.5,UPTA,172.2750244140625,0,S07,S10.c,7.984243334802272,S11,8.1857721291123,0.20152879431002724,TRUE
352706.5,4309038.5,UPTA,159.22686767578125,0,S09.a,S09.a,6.3912887153004085,S10.c,6.528492371660995,0.13720365636058673,FALSE
359874.5,4316983.5,UPTA,157.6087188720703,0,S06.b,S08.a,16.07668533942413,M02,16.335951708098538,0.2592663686744068,TRUE
360310.5,4317245.5,UPTA,166.72767639160156,0,S25,S22,20.569977355550183,S08.a,20.700205708640343,0.13022835309016045,TRUE
351130.5,4323221.5,UPTA,166.8220977783203,0,M01,M01,15.318107664071615,S13.b,15.933707805429615,0.6156001413579997,TRUE
356301.5,4320473.5,UPTA,170.5261688232422,0,M01,M01,10.816465378741011,Sambucus racemosa,11.701622743490226,0.8851573647492152,TRUE
350976.5,4312239.5,UPTA,171.52418518066406,0,S06.b,S08.a,14.999514506544411,M02,15.272450067556733,0.2729355610123214,TRUE
351937.5,4321734.5,UPTA,166.6234588623047,0,S14,M01,18.44113203013956,S08.a,18.77379347316958,0.33266144303001965,TRUE
352310.5,4323164.5,UPTA,168.07855224609375,0,M01,M01,10.454527982674234,S13.b,11.095615239403593,0.6410872567293584,TRUE
350715.5,4316032.5,UPTA,166.94430541992188,0,S14,M01,16.07763848446634,S14,16.399478498690648,0.32184001422430697,TRUE
349649.5,4321617.5,UPTA,174.64161682128906,0,S14,M01,14.355589158964351,S13.b,14.855022000150264,0.4994328411859126,TRUE
350385.5,4312005.5,UPTA,171.13485717773438,0,M01,M01,11.418459915805329,S08.a,11.900020072726962,0.481560156921633,TRUE
351643.5,4314608.5,UPTA,162.61830139160156,0,S06.b,S24.b,19.288305963732643,S24.a,19.345178600592238,0.05687263685959465,TRUE
349937.5,4313902.5,UPTA,157.30430603027344,0,S22,S22,17.19152938105254,M01,17.747090052574915,0.5555606715223753,TRUE
348325.5,4320653.5,UPTA,170.94337463378906,0,S12,S08.a,17.13950191601355,M01,17.49721435278037,0.3577124367668212,TRUE
356202.5,4319797.5,UPTA,157.07839965820312,0,S09.a,S09.a,7.4149414736573975,Sambucus racemosa,7.854037785469778,0.4390963118123805,TRUE
350325.5,4315821.5,UPTA,176.37545776367188,0,S12,S12,21.080213614192818,M01,21.23882327202519,0.1586096578323719,TRUE
350481.5,4311293.5,UPTA,167.9872283935547,0.574999988079071,Juniperus sp.,M01,11.992287737285817,Sambucus racemosa,12.388288327875994,0.39600059059017667,TRUE
348178.5,4320851.5,UPTA,157.99752807617188,0,S14,M01,14.414783790151878,S14,15.000581211256463,0.5857974211045853,TRUE
354400.5,4322182.5,UPTA,169.25131225585938,0,M01,M01,15.542470551993842,S13.b,16.157653174279172,0.6151826222853298,TRUE
352433.5,4323947.5,UPTA,160.60533142089844,0,M01,M01,8.661813237445202,S10.a,9.16342890892481,0.501615671479609,TRUE
353151.5,4323275.5,UPTA,164.00067138671875,0,S06.b,S10.a,9.183575727408543,S10.c,9.251521423870336,0.06794569646179305,TRUE
349544.5,4323143.5,UPTA,176.34483337402344,0,S12,S12,19.599763695871573,S08.a,19.80287732489159,0.20311362902001662,TRUE
351322.5,4314815.5,UPTA,157.6621551513672,0,S11,S11,8.260605689607896,S15,8.27189776469874,0.011292075090844733,TRUE
345277.5,4315743.5,UPTA,168.04164123535156,0.722000002861023,S06.b,S09.a,8.075821661116638,S10.a,8.647198069190782,0.5713764080741441,TRUE
351028.5,4311839.5,UPTA,174.01405334472656,0,M01,S08.a,12.170726340949908,M01,12.252663757175597,0.08193741622568851,TRUE
350757.5,4321593.5,UPTA,157.6630096435547,0,M01,M01,10.482989250421701,S10.a,11.013404503980366,0.5304152535586653,TRUE
360961.5,4316518.5,UPTA,168.63621520996094,0,S06.b,S09.a,9.311488768656224,Salix wolfii,9.518528396588971,0.20703962793274755,TRUE
357541.5,4321920.5,UPTA,175.5033721923828,0,M01,S08.a,14.175930906038877,M01,14.431241213903123,0.2553103078642458,TRUE
361319.5,4315758.5,UPTA,164.75526428222656,0,S20,S12,21.128134361863165,S20,21.158319642108893,0.030185280245728308,TRUE
355001.5,4308146.5,UPTA,162.59007263183594,0,S11,S16,13.457858148868796,S11,18.721450379539057,5.263592230670261,TRUE
355478.5,4321809.5,UPTA,163.0400848388672,0,S14,M01,17.525237758311825,S13.b,17.91659279978405,0.3913550414722238,TRUE
349370.5,4320827.5,UPTA,157.3172607421875,0,S12,S23,25.4949120409536,S21,26.161964898729313,0.6670528577757118,TRUE
349574.5,4315083.5,UPTA,172.125,0,S12,S14,16.167658056016407,M01,16.210133492594895,0.04247543657848851,TRUE
349955.5,4320668.5,UPTA,172.6112823486328,0,S22,M01,18.22322918931318,S22,18.493452113627754,0.27022292431457373,TRUE
349445.5,4313431.5,UPTA,169.16183471679688,0,M01,M01,9.95847044590576,S08.a,10.088554545362387,0.13008409945662613,TRUE
347490.5,4317524.5,UPTA,166.89010620117188,0,M01,M01,12.496779741114278,Sambucus racemosa,12.642192183421134,0.14541244230685635,TRUE
350424.5,4312125.5,UPTA,174.46011352539062,0,M01,M01,15.064340749409837,S08.a,15.06968127832534,0.005340528915503739,TRUE
350217.5,4322836.5,UPTA,172.35775756835938,1.3700000047683716,M01,M01,13.46657310009286,S08.a,13.907721711576295,0.44114861148343465,TRUE
347439.5,4318194.5,UPTA,172.97520446777344,0,S14,M01,16.421740189601003,S14,16.646348792309215,0.22460860270821215,TRUE
345112.5,4315368.5,UPTA,165.6004638671875,0,S12,S12,15.845021394903561,M02,16.37603708486324,0.531015689959677,TRUE
354220.5,4309980.5,UPTA,155.23085021972656,0,S06.b,M01,13.072461586507309,S10.a,13.251544336637433,0.17908275013012442,TRUE
348964.5,4318425.5,UPTA,163.96051025390625,0,Juniperus sp.,S21,37.08631472763584,S16,39.00040582688357,1.9140910992477345,TRUE
361808.5,4316119.5,UPTA,168.65367126464844,0,M01,M01,10.1661590664039,S08.a,11.09359306555568,0.9274339991517806,TRUE
346520.5,4318017.5,UPTA,172.1480712890625,0,S02.a,M02,7.972426945610536,Ligusticum porteri,8.124883965610868,0.15245702000033212,TRUE
360751.5,4317401.5,UPTA,163.7145233154297,0,S12,M01,15.976443355286559,S08.a,16.07259751116005,0.09615415587349219,TRUE
350526.5,4319716.5,UPTA,157.015869140625,0,S12,M01,15.329696661249228,M02,15.805336598478911,0.47563993722968334,TRUE
351067.5,4323407.5,UPTA,170.953125,0,S14,S14,14.793014854911092,M01,14.813357858224881,0.0203430033137888,TRUE
349040.5,4312053.5,UPTA,157.94021606445312,0.2549999952316284,M01,S09.a,9.676750877220428,M01,9.76677816983169,0.09002729261126241,TRUE
355256.5,4307569.5,UPTA,164.61912536621094,0.9419999718666076,Salix other,Salix other,7.117976635517475,S09.a,7.19634313111371,0.0783664955962351,TRUE
359052.5,4317824.5,UPTA,171.96669006347656,0,M01,M01,12.221721152276949,S12,12.861579455138813,0.6398583028618638,TRUE
353580.5,4324290.5,UPTA,176.95448303222656,0,M01,S08.a,17.162910217937515,M01,17.393936222477148,0.23102600453963262,TRUE
356598.5,4322419.5,UPTA,177.6654052734375,0,M01,M01,15.622079651541476,S08.a,15.877290054888977,0.2552104033475011,TRUE
356988.5,4319362.5,UPTA,162.77630615234375,0,S12,S12,19.962465759407486,M01,20.985178955569296,1.02271319616181,TRUE
356277.5,4320686.5,UPTA,172.30731201171875,0,S12,S08.a,16.82244687279029,M01,16.835766539855168,0.013319667064877194,TRUE
357616.5,4319278.5,UPTA,158.6004638671875,0,S08.a,M01,12.891580755866029,S07,13.171095120833392,0.2795143649673637,TRUE
347937.5,4318707.5,UPTA,168.99783325195312,0,M01,M01,12.510824387404861,S08.a,13.25500286474844,0.7441784773435778,TRUE
355514.5,4321434.5,UPTA,166.95108032226562,0,S14,S22,19.593626829486034,M01,19.59511017610725,0.0014833466212174073,TRUE
352244.5,4310986.5,UPTA,166.493408203125,0,Salix wolfii,S21,36.07172712855702,S15,38.281891834224815,2.2101647056677933,TRUE
355370.5,4321977.5,UPTA,166.6273193359375,0,S14,S22,20.105428690386525,M01,20.14980959421199,0.044380903825466334,TRUE
346229.5,4317023.5,UPTA,168.97561645507812,0,M01,S08.a,14.225477609101784,M01,14.38235868239637,0.15688107329458667,TRUE
357235.5,4319113.5,UPTA,167.39791870117188,0,S22,S22,18.38038511151457,S14,19.55022404604437,1.1698389345297997,TRUE
357127.5,4318866.5,UPTA,158.80670166015625,0,S22,S22,18.042998094998367,M01,18.163380310315816,0.12038221531744853,TRUE
351934.5,4311602.5,UPTA,166.073486328125,0,S16,S16,10.932538510266191,S11,23.08761310564103,12.155074595374838,TRUE
351949.5,4316578.5,UPTA,158.701171875,0,S15,S21,42.31423732018424,S23,45.01257253597051,2.6983352157862726,TRUE
347208.5,4318980.5,UPTA,180.08831787109375,0,S11,Caltha leptosepala,5.849853438878284,S07,5.864224975812274,0.014371536933989404,FALSE
346295.5,4317512.5,UPTA,174.6934356689453,0,M02,M02,7.678129208682983,Ligusticum porteri,7.7974886855908085,0.11935947690782545,TRUE
350097.5,4314419.5,UPTA,167.34207153320312,0,M01,M01,12.313178741940357,S13.b,12.703065906859688,0.3898871649193314,TRUE
353757.5,4321128.5,UPTA,176.3541259765625,0,S12,S12,23.23871270512915,S05.a,24.04065651875852,0.8019438136293715,TRUE
356427.5,4320170.5,UPTA,178.30812072753906,0,S14,M01,13.919981090938307,S14,14.255293016604659,0.3353119256663515,TRUE
346070.5,4318314.5,UPTA,167.37393188476562,0,S12,S13.b,42.28329576681146,S12,42.77644232786264,0.4931465610511765,TRUE
348334.5,4315716.5,UPTA,160.66424560546875,0,M01,M01,10.772185004551304,S10.a,10.9789475737128,0.20676256916149605,TRUE
356991.5,4320866.5,UPTA,166.4065399169922,0,S12,S22,17.47320072630629,S14,17.84146322884514,0.36826250253885107,TRUE
349925.5,4322080.5,UPTA,164.9290008544922,0,S06.b,M02,9.978010401575633,S08.a,10.03451237888134,0.056501977305707385,TRUE
352622.5,4323233.5,UPTA,174.9938507080078,0,S14,M01,14.468033481357418,S13.b,15.065222952781081,0.597189471423663,TRUE
349643.5,4313089.5,UPTA,161.8556365966797,0,M01,M01,11.194030554155585,M02,11.210465592639753,0.016435038484168274,TRUE
346268.5,4318644.5,UPTA,166.61529541015625,0,S12,S12,18.621180152956626,S08.a,18.87158641515425,0.2504062621976253,TRUE
349580.5,4320344.5,UPTA,166.9466094970703,0,S14,M01,15.230393631454042,S14,15.76530459397474,0.5349109625206978,TRUE
355142.5,4321020.5,UPTA,169.73023986816406,0,S12,S12,24.62344044594087,S20,25.813050416013002,1.1896099700721336,TRUE
353052.5,4308863.5,UPTA,165.2245330810547,0,S10.a,S10.a,6.062982924272538,S10.c,6.3120592607712345,0.2490763364986961,FALSE
349928.5,4315191.5,UPTA,175.92843627929688,0,S14,S14,14.795794959325626,M01,14.894725196197065,0.09893023687143909,TRUE
351742.5,4313587.5,UPTA,156.06015014648438,0,S11,S11,8.226986646756853,S10.c,8.734933256803853,0.507946610047,TRUE
354817.5,4306224.5,UPTA,168.479736328125,0,M01,M01,10.098022878985853,S08.a,10.611612729446398,0.5135898504605443,TRUE
353367.5,4319134.5,UPTA,180.85317993164065,0,S12,S12,23.224577983208327,S25,24.526010056768794,1.3014320735604663,TRUE
351100.5,4322356.5,UPTA,160.0366973876953,0,S21,S21,66.95823571034859,S23,71.09260891248178,4.13437320213319,TRUE
349646.5,4321173.5,UPTA,172.3150634765625,0.06199999898672104,S12,S12,20.078589348222526,S25,20.55369799695445,0.4751086487319256,TRUE
354934.5,4306347.5,UPTA,167.27069091796875,0,S14,S22,17.95124827044287,M01,18.287357605377057,0.3361093349341857,TRUE
359721.5,4318203.5,UPTA,163.70309448242188,0,S12,S12,19.18208650715701,M01,19.220077328704754,0.03799082154774425,TRUE
349397.5,4314491.5,UPTA,171.35653686523438,0.8809999823570251,S12,S22,17.825874854486315,S14,17.856336065686634,0.030461211200318417,TRUE
349316.5,4320554.5,UPTA,171.3596649169922,0,S23,S21,19.173906530391516,S23,19.66295166099132,0.4890451305998056,TRUE
356145.5,4322050.5,UPTA,167.7828826904297,0.6880000233650208,S06.b,M01,10.735955333483341,Betula glandulosa,11.070621708830476,0.33466637534713506,TRUE
353745.5,4309320.5,UPTA,157.6248321533203,0,S10.c,S10.c,6.883858848074,S10.a,7.200403630143869,0.3165447820698688,FALSE
352103.5,4323962.5,UPTA,177.8553009033203,0,S14,S14,15.54561653878201,M01,16.13709627249415,0.5914797337121414,TRUE
354025.5,4321506.5,UPTA,168.2346954345703,0,S12,S23,15.367513266763082,S12,15.738822448352153,0.371309181589071,TRUE
353415.5,4319722.5,UPTA,156.74578857421875,0,S12,S01.b,15.10518552556612,S12,15.208845787391594,0.10366026182547472,TRUE
353760.5,4323989.5,UPTA,179.43814086914062,0,M01,M01,16.778667255666058,S08.a,17.11252219330903,0.3338549376429718,TRUE
361592.5,4315836.5,UPTA,163.26470947265625,0,S14,M01,14.091601207077161,S08.a,14.425239907343382,0.33363870026622067,TRUE
351000.5,4314875.5,UPTA,164.57664489746094,0,S14,M01,14.072235111579186,S13.b,14.440534488071098,0.3682993764919118,TRUE
349145.5,4322902.5,UPTA,173.63815307617188,0,S12,M01,17.143768140600155,S07,17.639487764288656,0.4957196236885011,TRUE
349976.5,4322923.5,UPTA,169.65321350097656,0.19499999284744263,Salix planifolia,Betula glandulosa,7.401479659653046,Salix other,7.663011453549015,0.26153179389596914,TRUE
348493.5,4314002.5,UPTA,175.18280029296875,0,S12,S12,17.830694881320866,M01,18.096394292020626,0.2656994106997601,TRUE
345793.5,4314914.5,UPTA,170.39552307128906,0,M01,M01,9.706363465848558,S10.a,9.99080396185113,0.2844404960025724,TRUE
348268.5,4313053.5,UPTA,180.2038726806641,0,S25,S12,31.69103525367488,S25,31.845474883546796,0.1544396298719164,TRUE
349844.5,4314461.5,UPTA,175.4607391357422,0,M01,M01,13.609394083127153,S08.a,13.788722049492483,0.17932796636532977,TRUE
359283.5,4317950.5,UPTA,166.33949279785156,0,S20,S20,20.43894236626252,S08.a,20.80625850448098,0.36731613821845954,TRUE
351295.5,4310743.5,UPTA,164.8531036376953,0,S12,S12,15.519312333170442,S08.a,16.167515348098558,0.6482030149281162,TRUE
350007.5,4321380.5,UPTA,165.64727783203125,0,S14,S22,16.62817177515033,M01,17.09845775481703,0.4702859796666985,TRUE
347367.5,4315233.5,UPTA,181.61880493164065,0,S12,S14,18.44672088636998,M01,18.58343255105367,0.13671166468368767,TRUE
349472.5,4320368.5,UPTA,170.5987091064453,0,S12,M01,17.175721007580012,S14,17.298650821141624,0.12292981356161192,TRUE
344583.5,4314281.5,UPTA,165.90443420410156,0,S12,S12,15.222906993103388,S09.a,16.239203180078757,1.016296186975369,TRUE
361736.5,4315209.5,UPTA,155.92852783203125,1.8519999980926511,M01,M01,11.91776442525024,S10.a,12.446456546934298,0.5286921216840579,TRUE
345598.5,4316155.5,UPTA,168.1880340576172,0.5770000219345093,S06.b,S09.a,10.391420605119253,M02,10.569577592547141,0.17815698742788832,TRUE
346526.5,4318782.5,UPTA,180.0309600830078,0,S12,S08.a,12.12602927876188,M02,12.566426696877572,0.4403974181156922,TRUE
353466.5,4324131.5,UPTA,170.29595947265625,0,S09.a,S09.a,6.713865950671104,Ligusticum porteri,7.2199485120470595,0.5060825613759556,FALSE
350535.5,4315767.5,UPTA,157.828857421875,0,M01,M01,13.449288732633494,M02,13.750563848573638,0.3012751159401432,TRUE
349973.5,4322239.5,UPTA,160.33790588378906,0,M01,M01,10.373460399834137,S10.b,11.20269659133618,0.8292361915020425,TRUE
349118.5,4313161.5,UPTA,167.54281616210938,0,S23,S10.c,7.777941698202959,S10.a,7.892951715078292,0.11501001687533297,TRUE
353343.5,4319035.5,UPTA,166.89501953125,0,S14,M01,15.165100576502287,S12,15.7454022135852,0.580301637082913,TRUE
349019.5,4318284.5,UPTA,159.3384246826172,0,Salix planifolia,Salix planifolia,13.803229700892555,Betula glandulosa,13.882666096800035,0.07943639590748042,TRUE
348979.5,4321404.5,UPTA,184.390625,0,S14,M01,16.248215711578435,S13.b,16.496071827348104,0.24785611576966815,TRUE
356007.5,4320767.5,UPTA,166.57650756835938,0,Juniperus sp.,M01,13.994333779605006,S07,14.480518583354195,0.4861848037491896,TRUE
344922.5,4313998.5,UPTA,172.0948486328125,0,S08.a,M02,12.65159053186472,S06.b,12.767307592534904,0.11571706067018361,TRUE
347160.5,4319593.5,UPTA,172.54246520996094,0,S12,S12,19.058968716229824,S14,19.325672474561923,0.26670375833209903,TRUE
350769.5,4312113.5,UPTA,168.751220703125,0,S22,S22,18.186853218800834,S14,18.598537815741267,0.41168459694043236,TRUE
350166.5,4312659.5,UPTA,170.47132873535156,0,S07,S07,9.091465564742062,Caltha leptosepala,9.440441903319163,0.348976338577101,TRUE
351592.5,4310461.5,UPTA,166.52133178710938,0,M01,M01,10.546451694143686,Sambucus racemosa,10.64466500253647,0.09821330839278453,TRUE
354112.5,4307449.5,UPTA,164.2300567626953,0,S12,S24.a,21.755874673069382,S24.b,22.192736516085603,0.4368618430162208,TRUE
349874.5,4320566.5,UPTA,168.15065002441406,0,S14,M01,17.07638686562196,S14,17.36692756072374,0.2905406951017824,TRUE
352364.5,4323488.5,UPTA,171.20364379882812,0,M01,M01,12.807522787984652,S13.b,13.544395102192265,0.7368723142076128,TRUE
354982.5,4322323.5,UPTA,174.12498474121094,0,S12,S12,24.96215741258583,S20,25.737900461072677,0.775743048486845,TRUE
351412.5,4322794.5,UPTA,168.03395080566406,0,S21,S21,9.11836042173001,S23,9.16287184129356,0.04451141956355009,TRUE
358526.5,4318200.5,UPTA,160.3766632080078,0,M01,M01,15.581906297527999,S08.a,16.101713699566595,0.5198074020385963,TRUE
346337.5,4315905.5,UPTA,163.7239990234375,0,S11,S11,9.92842109203122,S10.c,11.021595256890581,1.0931741648593611,TRUE
356655.5,4320512.5,UPTA,161.56643676757812,0,S12,S12,17.559683405269745,S08.a,17.819548740837334,0.2598653355675893,TRUE
353760.5,4319695.5,UPTA,169.04685974121094,0,S14,M01,17.65657570419804,S22,17.807502843551298,0.1509271393532572,TRUE
348067.5,4318488.5,UPTA,166.52536010742188,0,M01,M01,12.404888944494957,S08.a,12.845842389834866,0.4409534453399093,TRUE
351961.5,4322479.5,UPTA,178.3988037109375,0,M01,S08.a,16.73866076078036,M01,16.771623884132026,0.03296312335166718,TRUE
352295.5,4323413.5,UPTA,167.93894958496094,0,M01,M01,9.591895718822274,S10.a,10.203559463755695,0.6116637449334217,TRUE
350166.5,4320356.5,UPTA,173.02589416503906,0,S14,S14,14.730890590156612,M01,15.065878304689623,0.33498771453301046,TRUE
351286.5,4319206.5,UPTA,158.1907196044922,2.0329999923706055,M01,M01,14.495163874660577,S02.a,14.92855874195079,0.4333948672902128,TRUE
349811.5,4315662.5,UPTA,168.74234008789062,0,S12,S14,19.161041419432024,S24.b,19.480950328659457,0.31990890922743276,TRUE
355088.5,4321284.5,UPTA,161.71688842773438,0.3779999911785126,M01,S08.a,18.48328030237649,M01,18.493623640282184,0.010343337905695194,TRUE
348694.5,4322410.5,UPTA,163.94552612304688,0,S14,M01,16.671156701176255,S13.b,17.329434292837913,0.6582775916616583,TRUE
348388.5,4313326.5,UPTA,171.1707305908203,0,S12,S13.b,29.68498584751131,S12,29.772158422645273,0.08717257513396248,TRUE
351136.5,4316167.5,UPTA,165.9406280517578,0,M01,M01,14.832239509058791,S08.a,14.963171505604858,0.13093199654606735,TRUE
354673.5,4319999.5,UPTA,157.52490234375,0,S01.a,S11,17.43380940483892,S10.a,17.55307809172696,0.11926868688803793,TRUE
353115.5,4309731.5,UPTA,159.13800048828125,0,S14,S14,14.717321673825266,M01,15.15789972461891,0.4405780507936434,TRUE
346052.5,4314638.5,UPTA,162.37002563476562,0.4639999866485596,S06.b,S09.a,8.296561126175508,Betula glandulosa,8.822953694147085,0.5263925679715769,TRUE
348700.5,4314338.5,UPTA,165.6588592529297,0,M01,M01,14.983777590161782,S07,15.053190899168381,0.06941330900659892,TRUE
358022.5,4318968.5,UPTA,155.78419494628906,0,Juniperus sp.,Juniperus sp.,11.458284572245125,S07,11.819970340792333,0.3616857685472077,TRUE
348361.5,4320329.5,UPTA,161.80845642089844,0,M01,M01,11.878937481778191,S10.a,12.42596608456498,0.5470286027867886,TRUE
360931.5,4317473.5,UPTA,166.2244415283203,0,S25,S17,23.907681457456334,S25,24.56849986249413,0.6608184050377943,TRUE
349829.5,4313479.5,UPTA,158.68223571777344,0,S14,M01,15.711586171850996,S14,15.75450137730412,0.04291520545312366,TRUE
350931.5,4320023.5,UPTA,165.5505828857422,0,M01,M01,15.88372843652599,S10.a,16.477297395338585,0.593568958812595,TRUE
352277.5,4323686.5,UPTA,176.9722442626953,0,S22,M01,18.642914160605674,S22,18.971387893298665,0.3284737326929914,TRUE
348328.5,4313257.5,UPTA,172.2284393310547,0,S12,S13.b,47.63281488627273,S12,48.25201777401951,0.6192028877467735,TRUE
345055.5,4315956.5,UPTA,178.89492797851562,0,S10.a,S10.a,8.962556388573667,S10.c,8.980088060272502,0.017531671698835183,TRUE
350664.5,4314473.5,UPTA,159.20518493652344,0,S12,S24.b,10.972059729457516,S22,11.106778864118391,0.13471913466087493,TRUE
353166.5,4308062.5,UPTA,161.19178771972656,0,S12,S14,15.947790673620874,M01,16.124702992553132,0.17691231893225812,TRUE
361235.5,4317194.5,UPTA,175.69996643066406,0,M01,S08.a,12.382842941719613,M01,12.765269347245207,0.38242640552559415,TRUE
354136.5,4323173.5,UPTA,170.08175659179688,0,S14,S14,17.161594784744473,S23,18.020479815101798,0.8588850303573246,TRUE
350643.5,4319992.5,UPTA,171.8274383544922,0,S14,M01,16.50368515111747,S13.b,17.09799426120863,0.5943091100911602,TRUE
354547.5,4307479.5,UPTA,168.08334350585938,0,S14,M01,17.476170399550057,S13.b,17.739786995664797,0.26361659611474053,TRUE
358424.5,4319050.5,UPTA,169.8328399658203,0,S14,M01,15.315812310540975,S12,15.589229626648976,0.27341731610800046,TRUE
356628.5,4321308.5,UPTA,176.61148071289062,0,S08.a,M01,12.087392295528385,S08.a,12.390257750375074,0.3028654548466889,TRUE
355280.5,4307938.5,UPTA,161.20596313476562,0,M01,S02.b,11.022394326206395,S08.a,11.06408899034219,0.04169466413579492,TRUE
345151.5,4314074.5,UPTA,172.7305145263672,0,S12,S12,18.037293265604276,Sambucus racemosa,18.133525705004224,0.09623243939994808,TRUE
359487.5,4317503.5,UPTA,165.15817260742188,0,S22,S22,18.700499045913844,M01,19.4434489967858,0.7429499508719566,TRUE
351037.5,4316260.5,UPTA,163.49508666992188,0,S14,M01,12.739614170508252,S14,12.758090377334437,0.018476206826184338,TRUE
350499.5,4319722.5,UPTA,158.6332550048828,0,S14,M01,17.32836357607336,S22,17.452095648113914,0.12373207204055348,TRUE
356445.5,4319362.5,UPTA,166.03514099121094,0,S12,M01,13.963424589754103,S12,14.11778069099937,0.15435610124526633,TRUE
349655.5,4311449.5,UPTA,165.36447143554688,0,M01,S08.a,11.991050239373546,M02,12.067431746606333,0.07638150723278692,TRUE
354997.5,4308887.5,UPTA,157.19680786132812,0,S06.b,S10.c,8.540689544919525,Salix wolfii,8.607981842938582,0.06729229801905667,TRUE
348580.5,4320374.5,UPTA,159.6449432373047,0,M01,M01,13.145800854011155,S10.b,14.051026168905523,0.9052253148943681,TRUE
356940.5,4321755.5,UPTA,173.07467651367188,0,M01,M01,10.560196955602672,S08.a,10.916619297773416,0.35642234217074353,TRUE
349976.5,4311593.5,UPTA,167.7454833984375,0,S06.b,M02,9.521790538674548,S08.a,9.788587704553867,0.26679716587931956,TRUE
353346.5,4323986.5,UPTA,171.37979125976562,0,M01,M01,8.753345427568323,M02,9.51770897627224,0.7643635487039173,TRUE
356166.5,4321761.5,UPTA,168.8731231689453,0,M01,M01,11.77118339750192,S10.b,12.567677840664578,0.7964944431626577,TRUE
351382.5,4323683.5,UPTA,177.70877075195312,0,S14,S14,14.05714159764453,M01,14.348409817496654,0.2912682198521228,TRUE
347826.5,4315905.5,UPTA,180.19888305664065,0,S18,S14,22.265386480964423,Corydalis caseana,23.725460287229915,1.4600738062654912,TRUE
352226.5,4310230.5,UPTA,163.25558471679688,0,S14,S14,8.142511177379,S07,8.696085937594551,0.5535747602155521,TRUE
350220.5,4313509.5,UPTA,155.85423278808594,0,S06.b,S10.a,10.926681474144,M01,11.023613944794633,0.09693247065063204,TRUE
345151.5,4316035.5,UPTA,176.025634765625,0,S07,M01,7.823512975005879,S09.a,8.095676456878627,0.27216348187274786,TRUE
348466.5,4315821.5,UPTA,167.11587524414062,2.507999897003174,Salix other,S10.a,8.472280064047528,S07,8.55327786200877,0.08099779796124196,TRUE
348490.5,4314752.5,UPTA,172.53277587890625,0,S14,M01,12.211577820112268,Sambucus racemosa,12.727879009703019,0.5163011895907506,TRUE
352994.5,4324077.5,UPTA,167.7716064453125,0,M01,M01,14.169238672121125,S08.a,14.355946716110852,0.18670804398972685,TRUE
348538.5,4311740.5,UPTA,169.12747192382812,0,Salix wolfii,S09.a,8.104852323650737,Salix other,8.382616479888052,0.2777641562373141,TRUE
351754.5,4323749.5,UPTA,185.04611206054688,0,S14,S14,12.67428370124969,M01,13.677364489733304,1.0030807884836133,TRUE
347949.5,4315680.5,UPTA,164.12991333007812,0.9879999756813048,S12,M01,16.453252191978734,S10.a,16.780270655217578,0.32701846323884354,TRUE
344703.5,4315182.5,UPTA,178.66737365722656,0.531000018119812,S06.b,Caltha leptosepala,6.334299457554042,S07,6.463029606459008,0.1287301489049657,FALSE
361709.5,4316212.5,UPTA,166.9349822998047,0,M01,M01,10.011955735030442,S08.a,10.351674820591077,0.3397190855606347,TRUE
348610.5,4313521.5,UPTA,155.155517578125,0,S20,S13.b,20.913218533644105,M01,21.31872514409792,0.4055066104538163,TRUE
348862.5,4321170.5,UPTA,159.4722137451172,0,M01,S08.a,9.33013662721716,S14,9.702596865732206,0.37246023851504617,TRUE
353643.5,4321416.5,UPTA,157.4712371826172,0,S14,S23,15.783283687078486,S14,16.472730364395765,0.6894466773172798,TRUE
351859.5,4310266.5,UPTA,164.67091369628906,0.3190000057220459,Salix wolfii,Betula glandulosa,9.017582856500809,Salix wolfii,9.066484525390477,0.04890166888966796,TRUE
348745.5,4312653.5,UPTA,180.7785186767578,0,S12,S12,15.83198468189345,S14,16.21596105976753,0.38397637787407923,TRUE
345235.5,4314020.5,UPTA,178.8562774658203,0,S12,S12,16.86507116900204,S06.b,17.619625416953717,0.7545542479516776,TRUE
344250.5,4314521.5,UPTA,172.40330505371094,0,S14,M02,14.93340458809839,S08.a,15.027409431632305,0.0940048435339147,TRUE
345724.5,4314341.5,UPTA,159.33631896972656,0,S12,S12,17.111748514622636,M02,17.30595756505281,0.19420905043017456,TRUE
345202.5,4314722.5,UPTA,180.5755920410156,0,S06.b,M02,10.428937106725428,S08.a,10.66931147943522,0.2403743727097929,TRUE
347646.5,4318353.5,UPTA,179.24195861816406,0,S12,S12,16.671087543226843,S08.a,16.6926628035879,0.021575260361057502,TRUE
348049.5,4319893.5,UPTA,164.7775115966797,0,S15,S11,13.831015160394529,S14,14.002613181691594,0.17159802129706492,TRUE
356202.5,4319791.5,UPTA,157.07839965820312,0,M02,Sambucus racemosa,7.882157926238971,S09.a,8.09615594002878,0.21399801378980854,TRUE
346016.5,4317635.5,UPTA,170.35910034179688,0,S12,S12,28.175561346180604,M01,28.835709786480898,0.6601484403002935,TRUE
352673.5,4323104.5,UPTA,173.48275756835938,0,S07,M01,7.748478953578542,S10.c,7.879917530916473,0.1314385773379314,TRUE
350121.5,4312602.5,UPTA,172.3259735107422,0,M01,S08.a,12.560758513465355,M02,12.565809554801065,0.005051041335709883,TRUE
349178.5,4311572.5,UPTA,173.53659057617188,0,S12,S23,27.315612486469632,S12,27.969973770761012,0.6543612842913795,TRUE
352367.5,4322131.5,UPTA,156.24913024902344,0,S14,M01,14.792992752281046,S14,14.974820385641133,0.18182763336008634,TRUE
360928.5,4317332.5,UPTA,165.73683166503906,0,M01,S08.a,11.525915041955196,M01,11.743590069875584,0.21767502792038762,TRUE
349175.5,4314029.5,UPTA,164.92141723632812,0.4970000088214874,S06.b,Betula glandulosa,10.943672678999828,M01,11.435400322374614,0.4917276433747855,TRUE
356775.5,4321719.5,UPTA,180.2277374267578,0,S14,M01,15.715756417510837,S14,15.865816313150674,0.15005989563983668,TRUE
355589.5,4320893.5,UPTA,161.45846557617188,0,S06.b,S10.a,8.87202189714162,S10.c,8.994306491774418,0.12228459463279862,TRUE
362175.5,4315233.5,UPTA,157.5233154296875,0,S14,M01,14.71924202969335,S13.b,15.18004268914511,0.46080065945175974,TRUE
354508.5,4306425.5,UPTA,161.2717742919922,0,S12,S08.a,12.724174179599629,M02,12.973725851100333,0.24955167150070423,TRUE
355607.5,4319803.5,UPTA,156.20652770996094,0,S06.b,S09.a,9.341965418867309,S10.a,9.561002382541671,0.21903696367436254,TRUE
352799.5,4308995.5,UPTA,161.0479736328125,0,S10.a,S09.a,6.782552732285272,S10.c,6.885519468703648,0.1029667364183755,FALSE
347718.5,4315536.5,UPTA,165.7323760986328,0,M01,M01,12.123487337551218,Osmorhiza occidentalis,12.401030219802827,0.27754288225160906,TRUE
348856.5,4311680.5,UPTA,168.5968475341797,0,M02,S09.a,7.565909175103512,M02,7.708687590897966,0.14277841579445472,TRUE
356040.5,4307785.5,UPTA,164.85458374023438,0,S14,M01,14.520345676961893,M02,14.723511972501539,0.2031662955396456,TRUE
349772.5,4322482.5,UPTA,161.70018005371094,0,S22,S22,18.3271215264737,M01,18.685206450652622,0.3580849241789217,TRUE
353958.5,4323152.5,UPTA,163.59616088867188,0,S14,S14,14.532040892206458,S19,15.059871797477228,0.5278309052707701,TRUE
354442.5,4323005.5,UPTA,175.8236846923828,0,S12,S12,18.219002895092217,M01,18.26882292928576,0.049820034193544416,TRUE
355973.5,4321977.5,UPTA,168.86166381835938,0,S14,M01,14.941158524425276,S13.b,15.507679123254148,0.5665205988288715,TRUE
359037.5,4318422.5,UPTA,175.010986328125,0,S12,S12,19.295514034640025,S08.a,19.468232543913867,0.17271850927384236,TRUE
355007.5,4319407.5,UPTA,158.85284423828125,0,S06.b,S10.c,7.816006548434136,S10.a,7.879746283749559,0.06373973531542276,TRUE
353400.5,4320560.5,UPTA,167.5330047607422,0,S12,S12,17.870153048900047,S20,17.959773812932042,0.08962076403199504,TRUE
356559.5,4319809.5,UPTA,161.5848846435547,0,S12,S12,12.916216339814506,M01,13.010499404334311,0.09428306451980539,TRUE
344196.5,4314656.5,UPTA,171.62130737304688,0,S12,S14,18.574789363011238,M02,18.592168814250176,0.017379451238937804,TRUE
350031.5,4322797.5,UPTA,168.99224853515625,0,S10.a,S10.c,6.154413203586495,S10.a,6.754530688692336,0.6001174851058408,FALSE
353337.5,4324191.5,UPTA,169.05992126464844,0,M01,M01,19.77991997662891,S08.a,19.870136596173197,0.09021661954428595,TRUE
354190.5,4306278.5,UPTA,168.37098693847656,0,S12,M01,16.625160023015418,Sambucus racemosa,17.091473116384613,0.4663130933691946,TRUE
348523.5,4313377.5,UPTA,176.41810607910156,0,S12,S08.a,13.48693929226803,M02,13.600291671023292,0.1133523787552626,TRUE
349223.5,4315017.5,UPTA,164.4767608642578,0,M01,M01,11.822099992602292,S14,12.018427255676935,0.1963272630746431,TRUE
353325.5,4323614.5,UPTA,166.1659393310547,0,M01,S08.a,9.730208564483757,M02,9.73188073940935,0.0016721749255932394,TRUE
355172.5,4322503.5,UPTA,174.55880737304688,0,M01,M01,14.4678026815529,S13.b,15.05392729087165,0.58612460931875,TRUE
349763.5,4311602.5,UPTA,168.65293884277344,0,M02,M02,11.368209788131157,S08.a,11.436968481654713,0.06875869352355579,TRUE
356301.5,4320104.5,UPTA,166.5867919921875,0,S12,S12,13.660746475706624,M01,13.698230321591728,0.03748384588510412,TRUE
349361.5,4320074.5,UPTA,159.31643676757812,0,M01,M01,14.04021262766866,S10.b,14.535788863188031,0.4955762355193709,TRUE
352496.5,4322674.5,UPTA,168.21131896972656,0,M01,M01,9.843998781282977,M02,10.494426632177927,0.6504278508949497,TRUE
348796.5,4322818.5,UPTA,175.1613311767578,0,S14,M01,14.956829523110317,S14,15.026761133343351,0.06993161023303429,TRUE
346661.5,4318857.5,UPTA,168.8095245361328,0,S14,M01,11.049979995587226,S14,11.231044744159162,0.1810647485719361,TRUE
348592.5,4314617.5,UPTA,175.0891571044922,0.19499999284744263,S12,Sambucus racemosa,12.353525350264531,M01,12.595754993483817,0.24222964321928586,TRUE
348022.5,4319437.5,UPTA,175.36790466308594,0,M01,M01,12.710956875491242,S14,13.331139774287417,0.620182898796175,TRUE
344166.5,4314602.5,UPTA,168.8883819580078,0,M01,S08.a,14.12483940177857,M01,14.27488703858046,0.15004763680189015,TRUE
354193.5,4323311.5,UPTA,175.95907592773438,0,S12,S23,17.7768507546179,S12,17.949653656444344,0.17280290182644364,TRUE
359205.5,4317416.5,UPTA,157.39158630371094,0,S17,S20,24.112203637871165,S12,24.186780823218626,0.0745771853474615,TRUE
347064.5,4313743.5,UPTA,167.3817596435547,0,S06.b,S09.a,6.246257946925517,S10.a,6.565440346807394,0.31918239988187747,FALSE
356640.5,4320362.5,UPTA,166.0225372314453,0,S01.a,M01,15.843146223390724,S08.a,15.873197201000021,0.030050977609297647,TRUE
353325.5,4320047.5,UPTA,163.41439819335938,0,M01,M01,11.063302700158856,M02,11.345143674929501,0.2818409747706454,TRUE
352307.5,4310557.5,UPTA,160.33004760742188,0,S18,S14,12.01294165153369,S06.b,12.355348239946808,0.3424065884131178,TRUE
356517.5,4319131.5,UPTA,158.4969940185547,0,S12,S12,25.447596410110123,S24.a,26.361341381985905,0.9137449718757829,TRUE
354568.5,4307368.5,UPTA,167.90255737304688,0,M01,M01,10.61441254651411,M02,10.847795893182363,0.2333833466682531,TRUE
351679.5,4322545.5,UPTA,177.37684631347656,0,S22,S22,18.54404051837076,M01,18.662092563366794,0.11805204499603406,TRUE
355478.5,4322656.5,UPTA,176.6396942138672,0,S14,M01,13.503378057493034,S14,13.715879257848387,0.21250120035535325,TRUE
347538.5,4315029.5,UPTA,176.5194091796875,0.8930000066757202,M01,M01,14.767435847639206,S07,15.200059132966217,0.43262328532701133,TRUE
357193.5,4319824.5,UPTA,169.2832489013672,0,S14,M01,16.96480555712499,S01.b,17.252475227920975,0.28766967079598516,TRUE
348730.5,4320812.5,UPTA,166.45223999023438,0,S14,M01,17.11302543852957,S14,17.343442898603875,0.23041746007430675,TRUE
346850.5,4317425.5,UPTA,165.1966552734375,0,M01,M01,13.065565705623282,S13.b,13.499817590913237,0.43425188528995484,TRUE
355265.5,4308785.5,UPTA,155.2147674560547,0,S06.b,S10.a,10.353017273613508,S10.b,10.505077533638099,0.15206026002459083,TRUE
356475.5,4319554.5,UPTA,165.25885009765625,0,S12,S12,14.2186546542539,M01,14.485070305567106,0.2664156513132063,TRUE
349000.5,4322113.5,UPTA,167.08642578125,0,M01,Salix wolfii,9.976775867764555,Betula glandulosa,9.99745867265618,0.02068280489162433,TRUE
356979.5,4319326.5,UPTA,163.42449951171875,0,S12,S12,17.231675352812047,M01,17.555022748679498,0.32334739586745087,TRUE
357319.5,4319392.5,UPTA,165.05943298339844,0,S14,S22,15.398671045081041,M01,15.49945497132876,0.10078392624771837,TRUE
357415.5,4319146.5,UPTA,163.13912963867188,0,S14,M01,12.454327394065254,S10.a,12.856247671707326,0.4019202776420716,TRUE
345598.5,4314065.5,UPTA,169.41775512695312,0,S12,M02,14.136322530628522,S12,14.193130941076157,0.05680841044763518,TRUE
355667.5,4320749.5,UPTA,164.9779052734375,1.2070000171661377,S12,S12,18.29882544584191,M01,18.308479358911082,0.009653913069172404,TRUE
347007.5,4317332.5,UPTA,165.62620544433594,0.3330000042915344,S10.a,S09.a,7.018795865785052,S10.c,7.098229050439529,0.07943318465447646,TRUE
347715.5,4319302.5,UPTA,166.1707763671875,0,S06.b,S10.c,6.35962895557398,S10.a,6.438865865205713,0.07923690963173335,FALSE
361922.5,4316284.5,UPTA,168.44320678710938,0,S14,M01,15.159341524614636,S07,15.7791213086342,0.6197797840195651,TRUE
348739.5,4311887.5,UPTA,175.7599334716797,0,S12,S12,32.370762762225674,Ligusticum porteri,33.21552534114396,0.8447625789182851,TRUE
356538.5,4307488.5,UPTA,163.63357543945312,0,S14,M01,17.547527096336367,S22,17.839604214086954,0.292077117750587,TRUE
357379.5,4318809.5,UPTA,157.18174743652344,0,S10.a,S10.c,7.536540385655344,S10.a,7.633517703076102,0.09697731742075799,TRUE
356466.5,4320197.5,UPTA,179.8975067138672,0,S12,S12,18.014900746327463,M01,18.23219736844862,0.2172966221211574,TRUE
348565.5,4320320.5,UPTA,159.7298126220703,0,S12,M01,15.65548629460518,S12,15.905483201917578,0.24999690731239887,TRUE
354343.5,4306995.5,UPTA,175.4835662841797,0,S12,S08.a,16.98615524894501,M01,17.380885155703687,0.3947299067586769,TRUE
