x_utm,y_utm,domain,nearest_class,nearest_d,second_class,second_d,margin,ood_flag,predicted_label,snow_free_doy,canopy_height_m,ndvi,n_total,predicted_n_pixels,balanced_recall,augmentation_priority,class_description,leverage,pct_cover_est,meets_cover_min,leverage_gated,novelty_rank,class_scarcity_rank,leverage_rank,leverage_gated_rank
334181.5,4310005.5,CRBU,Corydalis caseana,6.050577156898597,S03,6.168397255458036,0.11782009855943888,FALSE,Ligusticum porteri,141.28504943847656,0,0.8918394393097566,15,2,0,critical,Monotypic Ligusticum porteri (~85% cover) patches within subalpine tall-forb meadows; monotypic override class.,1.5622523042407523,93.18516258500449,TRUE,1.5622523042407523,4866,534,3685,3631
330850.5,4309374.5,CRBU,Osmorhiza occidentalis,5.936653164364657,S09.a,6.000992673085727,0.06433950872107008,FALSE,Ligusticum porteri,134.17442321777344,0,0.8977007915317881,15,2,0,critical,Monotypic Ligusticum porteri (~85% cover) patches within subalpine tall-forb meadows; monotypic override class.,1.532837255852925,93.70667756441986,TRUE,1.532837255852925,4889,534,3750,3696
322016.5,4324782.5,CRBU,S21,51.56095133874015,S23,54.901779546206335,3.3408282074661813,TRUE,Veratrum tenuipetalum,177.1390380859375,0,0.8626142474233758,19,27,0.2631578947368421,high,Monotypic Veratrum tenuipetalum (~85% cover) wet-mesic meadow patches; monotypic override class.,11.828893490441395,90.58484532583216,TRUE,11.828893490441395,60,893,66,27
318994.5,4310845.5,CRBU,S21,41.45278246805767,S23,45.80786219368912,4.355079725631448,TRUE,Veratrum tenuipetalum,157.89093017578125,0,0.9583891397232874,19,27,0.2631578947368421,high,Monotypic Veratrum tenuipetalum (~85% cover) wet-mesic meadow patches; monotypic override class.,9.509920510886205,99.1064354119143,TRUE,9.509920510886205,84,893,84,43
329001.5,4313821.5,CRBU,S21,34.58581460034555,S23,36.99426237395046,2.4084477736049124,TRUE,Veratrum tenuipetalum,134.3339385986328,0,0.7887467394927697,19,27,0.2631578947368421,high,Monotypic Veratrum tenuipetalum (~85% cover) wet-mesic meadow patches; monotypic override class.,7.934530038049464,84.01246912003164,TRUE,7.934530038049464,109,893,111,65
359610.5,4318233.5,UPTA,S17,20.9009310858544,S20,21.52012483189896,0.6191937460445622,TRUE,S17,168.1830596923828,0,0.28617609778009284,7,1,0.7142857142857143,high,"Sparsely vegetated (56% bare) eroding slopes with dwarf rabbitbrush, arrowleaf balsamroot and Phlox multiflora.",7.899809403267133,39.29614634345525,TRUE,7.899809403267133,358,1,112,66
329943.5,4316176.5,CRBU,S24.b,22.93670636697118,S24.a,23.06225381631842,0.12554744934724127,TRUE,S24.b,145.9022979736328,0,0.4077824835642287,9,108,0.2222222222222222,high,Dense big sagebrush (34%) with young aspen at meadow-forest edges; 2026-only.,7.645568788990393,50.1160986985813,TRUE,7.645568788990393,263,9,119,73
352727.5,4287263.5,ALMO,S24.b,22.5010037305595,S25,22.68076422044176,0.17976048988225912,TRUE,S24.b,136.30552673339844,0,0.30619015527380533,9,108,0.2222222222222222,high,Dense big sagebrush (34%) with young aspen at meadow-forest edges; 2026-only.,7.500334576853167,41.07690108851546,TRUE,7.500334576853167,281,9,120,74
325535.5,4318242.5,CRBU,S24.b,20.143367982268447,S24.a,20.936365628125262,0.7929976458568184,TRUE,S24.b,145.42787170410156,0,0.32287705612843,9,108,0.2222222222222222,high,Dense big sagebrush (34%) with young aspen at meadow-forest edges; 2026-only.,6.714455994089483,42.56162141004733,TRUE,6.714455994089483,420,9,142,95
339439.5,4291458.5,ALMO,S24.b,19.743327661402144,S24.a,20.221589691242016,0.4782620298398718,TRUE,S24.b,101.93826293945312,0,0.32694680337884696,9,108,0.2222222222222222,high,Dense big sagebrush (34%) with young aspen at meadow-forest edges; 2026-only.,6.581109220467382,42.923727980873984,TRUE,6.581109220467382,475,9,145,98
320619.5,4325593.5,CRBU,S24.b,19.52157467949189,S24.a,20.15204383405963,0.6304691545677379,TRUE,S24.b,166.01060485839844,0,0.33847038472342716,9,108,0.2222222222222222,high,Dense big sagebrush (34%) with young aspen at meadow-forest edges; 2026-only.,6.5071915598306305,43.949040922335016,TRUE,6.5071915598306305,509,9,148,101
347919.5,4285215.5,ALMO,S24.b,19.122529222365863,S24.a,19.335944658981532,0.2134154366156693,TRUE,S24.b,104.49952697753906,0,0.3629682176632587,9,108,0.2222222222222222,high,Dense big sagebrush (34%) with young aspen at meadow-forest edges; 2026-only.,6.374176407455288,46.12874047925906,TRUE,6.374176407455288,561,9,154,106
340067.5,4284803.5,ALMO,S24.b,19.032529605753812,S24.a,19.263596784236587,0.2310671784827747,TRUE,S24.b,95.63046264648436,0,0.34198625853578496,9,108,0.2222222222222222,high,Dense big sagebrush (34%) with young aspen at meadow-forest edges; 2026-only.,6.344176535251271,44.26186649387922,TRUE,6.344176535251271,574,9,157,109
340169.5,4281827.5,ALMO,S24.b,19.004919185781414,S24.a,19.283931446590312,0.27901226080889785,TRUE,S24.b,94.0444107055664,0,0.30706746723079725,9,108,0.2222222222222222,high,Dense big sagebrush (34%) with young aspen at meadow-forest edges; 2026-only.,6.334973061927138,41.154960094331855,TRUE,6.334973061927138,580,9,158,110
339502.5,4291602.5,ALMO,S24.b,18.993819959104226,S24.a,19.483105611546897,0.48928565244267475,TRUE,S24.b,102.35181427001952,0,0.3409012039395935,9,108,0.2222222222222222,high,Dense big sagebrush (34%) with young aspen at meadow-forest edges; 2026-only.,6.331273319701409,44.16532354543289,TRUE,6.331273319701409,584,9,160,112
321199.5,4303794.5,CRBU,S21,27.55884586290393,S23,30.559839638119502,3.000993775215573,TRUE,Veratrum tenuipetalum,149.12258911132812,0,0.8912203921431915,19,27,0.2631578947368421,high,Monotypic Veratrum tenuipetalum (~85% cover) wet-mesic meadow patches; monotypic override class.,6.3224328482638,93.13008274026919,TRUE,6.3224328482638,166,893,161,113
326766.5,4322557.5,CRBU,S14,23.587507885094055,S15,23.950091875005658,0.36258398991160234,TRUE,S14,185.93463134765625,0,0.5021072076841417,14,251,0.5714285714285714,high,"Late-melt alpine wet turf of Calamagrostis stricta, tufted hairgrass, arctic rushes and American bistort.",6.30402665098934,58.508659782499386,TRUE,6.30402665098934,246,215,162,114
343217.5,4287401.5,ALMO,S24.b,18.892508823747622,S24.a,19.415051243635386,0.5225424198877597,TRUE,S24.b,95.0214385986328,0,0.3827104822862932,9,108,0.2222222222222222,high,Dense big sagebrush (34%) with young aspen at meadow-forest edges; 2026-only.,6.297502941249207,47.88531239960792,TRUE,6.297502941249207,614,9,165,116
347826.5,4315905.5,UPTA,S14,22.222153873741277,Corydalis caseana,23.573173358955653,1.3510194852143762,TRUE,S14,180.19888305664065,0,0.36417508410276184,14,251,0.5714285714285714,high,"Late-melt alpine wet turf of Calamagrostis stricta, tufted hairgrass, arctic rushes and American bistort.",5.939120442265086,46.23612166068488,TRUE,5.939120442265086,296,215,204,153
349670.5,4323323.5,UPTA,S12,22.171880290609657,M01,22.354042761168,0.18216247055834245,TRUE,S14,177.31040954589844,0,0.3971946275025075,14,251,0.5714285714285714,high,"Late-melt alpine wet turf of Calamagrostis stricta, tufted hairgrass, arctic rushes and American bistort.",5.925684262001942,49.17404210022048,TRUE,5.925684262001942,299,215,207,156
352067.5,4322974.5,UPTA,S14,20.87039289230757,S22,22.570304413727133,1.699911521419562,TRUE,S14,181.16778564453125,0,0.3757813503548599,14,251,0.5714285714285714,high,"Late-melt alpine wet turf of Calamagrostis stricta, tufted hairgrass, arctic rushes and American bistort.",5.577847123598356,47.26879150823322,TRUE,5.577847123598356,361,215,283,230
355370.5,4321977.5,UPTA,S22,20.10954860953293,M01,20.15162607951019,0.04207746997726147,TRUE,S14,166.6273193359375,0,0.4975639898602289,14,251,0.5714285714285714,high,"Late-melt alpine wet turf of Calamagrostis stricta, tufted hairgrass, arctic rushes and American bistort.",5.374502935682037,58.10442607325194,TRUE,5.374502935682037,422,215,318,264
354235.5,4322428.5,UPTA,S23,20.04346448076877,S14,20.743777526519143,0.7003130457503737,TRUE,S14,161.26661682128906,0,0.438786845849901,14,251,0.5714285714285714,high,"Late-melt alpine wet turf of Calamagrostis stricta, tufted hairgrass, arctic rushes and American bistort.",5.356841209357827,52.87471799779745,TRUE,5.356841209357827,432,215,322,268
349445.5,4318353.5,UPTA,S14,19.95072211650905,M01,20.38676925278389,0.43604713627483704,TRUE,S14,159.57357788085938,0,0.4502497407266455,14,251,0.5714285714285714,high,"Late-melt alpine wet turf of Calamagrostis stricta, tufted hairgrass, arctic rushes and American bistort.",5.33205476990788,53.89463134871601,TRUE,5.33205476990788,439,215,325,271
330982.5,4309296.5,CRBU,S21,23.22520055796323,S23,24.763956237301993,1.5387556793387631,TRUE,Veratrum tenuipetalum,129.48980712890625,0.31700000166893005,0.9380972241337656,19,27,0.2631578947368421,high,Monotypic Veratrum tenuipetalum (~85% cover) wet-mesic meadow patches; monotypic override class.,5.328226430296114,97.30095818753068,TRUE,5.328226430296114,255,893,328,274
357268.5,4311077.5,UPTA,S14,19.829220793831496,S22,19.967832117213796,0.13861132338229964,TRUE,S14,136.7528533935547,0,0.5865473321549463,14,251,0.5714285714285714,high,"Late-melt alpine wet turf of Calamagrostis stricta, tufted hairgrass, arctic rushes and American bistort.",5.299582175515075,66.02173664720304,TRUE,5.299582175515075,459,215,333,279
355514.5,4321434.5,UPTA,M01,19.59353491053388,S22,19.59486683518387,0.00133192464998899,TRUE,S14,166.95108032226562,0,0.5223735676259244,14,251,0.5714285714285714,high,"Late-melt alpine wet turf of Calamagrostis stricta, tufted hairgrass, arctic rushes and American bistort.",5.236592473643728,60.31186318804398,TRUE,5.236592473643728,500,215,342,288
349373.5,4320467.5,UPTA,S21,19.522018067895495,S23,20.107786141976096,0.585768074080601,TRUE,S14,167.99649047851562,0,0.43838051104155856,14,251,0.5714285714285714,high,"Late-melt alpine wet turf of Calamagrostis stricta, tufted hairgrass, arctic rushes and American bistort.",5.217478793462537,52.838564277430336,TRUE,5.217478793462537,508,215,344,290
322061.5,4313365.5,CRBU,S21,21.471078155465705,S23,23.821880956674512,2.3508028012088076,TRUE,Veratrum tenuipetalum,146.09661865234375,0,0.8727940895478237,19,27,0.2631578947368421,high,Monotypic Veratrum tenuipetalum (~85% cover) wet-mesic meadow patches; monotypic override class.,4.925803152028352,91.49059880299536,TRUE,4.925803152028352,325,893,408,354
329241.5,4305155.5,CRBU,S22,16.138789786433634,S01.a,16.22495265548074,0.0861628690471079,TRUE,S01.b,116.01163482666016,0,0.5104841572598682,12,32,0.16666666666666666,high,"Sulphur buckwheat constant and dominant (28% cover, 100% of plots) with pasqueflower and trailing fleabane on dry montane benches.",4.658867313796121,59.25400053665637,TRUE,4.658867313796121,1592,145,528,474
329226.5,4311935.5,CRBU,S01.b,15.137279149985908,S10.b,15.148045547776649,0.01076639779074106,TRUE,S01.b,128.14576721191406,0,0.5332136836929375,12,32,0.16666666666666666,high,"Sulphur buckwheat constant and dominant (28% cover, 100% of plots) with pasqueflower and trailing fleabane on dry montane benches.",4.369756096021437,61.27636467053455,TRUE,4.369756096021437,1958,145,711,657
335460.5,4309008.5,CRBU,S04.a,15.126969434659175,S02.a,15.174507665205358,0.04753823054618245,TRUE,S01.b,120.65966796875,0,0.565588616117572,12,32,0.16666666666666666,high,"Sulphur buckwheat constant and dominant (28% cover, 100% of plots) with pasqueflower and trailing fleabane on dry montane benches.",4.366779937561859,64.15693072038641,TRUE,4.366779937561859,1964,145,717,663
334430.5,4306662.5,CRBU,S10.b,15.035182586289087,S10.a,15.085315875847003,0.05013328955791785,TRUE,S01.b,124.32732391357422,0,0.566298310870721,12,32,0.16666666666666666,high,"Sulphur buckwheat constant and dominant (28% cover, 100% of plots) with pasqueflower and trailing fleabane on dry montane benches.",4.34028335675459,64.2200759521622,TRUE,4.34028335675459,2011,145,734,680
329778.5,4311890.5,CRBU,S10.b,14.65476683295804,S10.a,14.750442471012256,0.09567563805421564,TRUE,S01.b,128.5080108642578,0,0.5402575577608508,12,32,0.16666666666666666,high,"Sulphur buckwheat constant and dominant (28% cover, 100% of plots) with pasqueflower and trailing fleabane on dry montane benches.",4.230466787959762,61.90309476631766,TRUE,4.230466787959762,2143,145,800,746
335661.5,4309113.5,CRBU,S04.a,14.6004754093451,S02.a,14.722726266211334,0.12225085686623238,TRUE,S01.b,134.1058349609375,0,0.5425116780465798,12,32,0.16666666666666666,high,"Sulphur buckwheat constant and dominant (28% cover, 100% of plots) with pasqueflower and trailing fleabane on dry montane benches.",4.2147942039409525,62.10365556694539,TRUE,4.2147942039409525,2167,145,808,754
329418.5,4308125.5,CRBU,Artemisia tridentata,16.586845372412736,Amelanchier alnifolia,16.718124171485268,0.1312787990725326,TRUE,M04,121.5186767578125,0,0.6122035943335312,16,18,0.25,high,"Silvery lupine-dominated (28-37%, constant) dry montane forb meadow; merged spectral facies of the Elymus-Lupinus grassland community.",4.146711343103184,68.30450767598504,TRUE,4.146711343103184,1414,536,852,798
327265.5,4306254.5,CRBU,S01.b,14.251315942084837,M04,14.301811952670718,0.05049601058588315,TRUE,S01.b,118.68640899658205,0,0.5171888980831583,12,32,0.16666666666666666,high,"Sulphur buckwheat constant and dominant (28% cover, 100% of plots) with pasqueflower and trailing fleabane on dry montane benches.",4.114000547734543,59.85055618456653,TRUE,4.114000547734543,2306,145,868,814
331379.5,4302203.5,CRBU,S04.a,14.090650825278704,M03,14.14810632781528,0.05745550253657683,TRUE,S01.b,117.78665924072266,0,0.5280153027322463,12,32,0.16666666666666666,high,"Sulphur buckwheat constant and dominant (28% cover, 100% of plots) with pasqueflower and trailing fleabane on dry montane benches.",4.067620523515841,60.813837690920856,TRUE,4.067620523515841,2356,145,895,841
326154.5,4306527.5,CRBU,S04.a,13.99292884639251,S02.a,14.09768767492247,0.10475882852995966,TRUE,S01.b,131.7295684814453,0,0.5623686639930546,12,32,0.16666666666666666,high,"Sulphur buckwheat constant and dominant (28% cover, 100% of plots) with pasqueflower and trailing fleabane on dry montane benches.",4.039410618107998,63.87043483985832,TRUE,4.039410618107998,2384,145,915,861
327778.5,4303695.5,CRBU,S10.a,13.884183786629867,M03,13.99714035452036,0.11295656789049248,TRUE,S01.b,128.9468994140625,0,0.5640980974900859,12,32,0.16666666666666666,high,"Sulphur buckwheat constant and dominant (28% cover, 100% of plots) with pasqueflower and trailing fleabane on dry montane benches.",4.008018623344496,64.02431152913394,TRUE,4.008018623344496,2418,145,935,881
341913.5,4280446.5,ALMO,M03,10.05621232430088,S10.b,10.064714263241877,0.00850193894099682,TRUE,S26,107.82209014892578,0.2680000066757202,0.6632851044988501,7,7,0.7142857142857143,high,Tall-shrub thickets of chokecherry (34%) and snowberry (24%) with serviceberry and shrubby cinquefoil on mesic montane toe-slopes.,3.800890991623278,72.84949519989465,TRUE,3.800890991623278,3684,1,1075,1021
350130.5,4315587.5,UPTA,Corydalis caseana,24.369161527337965,S23,24.600718291250622,0.231556763912657,TRUE,M02,173.0791015625,0,0.6281847348742867,48,206,0.375,high,"Osha-led (25-33%, near-constant) subalpine tall-forb meadow with Delphinium, corn-lily and cow parsnip; merged from three spectral facies of the Ligusticum porteri - Vicia americana community.",3.5173854919335117,69.72643283325836,TRUE,3.5173854919335117,216,3932,1345,1291
330316.5,4310575.5,CRBU,S10.b,9.06711672298531,S09.a,9.245411994762923,0.17829527177761406,TRUE,S26,129.03138732910156,0,0.79551253604588,7,7,0.7142857142857143,high,Tall-shrub thickets of chokecherry (34%) and snowberry (24%) with serviceberry and shrubby cinquefoil on mesic montane toe-slopes.,3.4270479939162937,84.61445721364275,TRUE,3.4270479939162937,3982,1,1429,1375
323571.5,4310314.5,CRBU,S23,12.28461784104982,S21,12.841734578059937,0.5571167370101158,TRUE,S04.a,130.10671997070312,0,0.7834670224084289,13,2,0.2307692307692308,high,"Thurber fescue bunchgrass stand (31%, constant) with western valerian and shrubby cinquefoil; heavy cured litter.",3.4071399634911432,83.5427052426435,TRUE,3.4071399634911432,2943,177,1445,1391
349760.5,4295503.5,ALMO,S10.b,8.758057192787472,S10.a,8.904485542766155,0.1464283499786827,TRUE,S26,130.43438720703125,0,0.7251396974020341,7,7,0.7142857142857143,high,Tall-shrub thickets of chokecherry (34%) and snowberry (24%) with serviceberry and shrubby cinquefoil on mesic montane toe-slopes.,3.310234471456589,78.35301990250511,TRUE,3.310234471456589,4062,1,1541,1487
348928.5,4283083.5,ALMO,S10.b,8.677099838724594,S10.a,8.78670127423124,0.10960143550664549,TRUE,S26,115.56485748291016,0,0.7144196997427088,7,7,0.7142857142857143,high,Tall-shrub thickets of chokecherry (34%) and snowberry (24%) with serviceberry and shrubby cinquefoil on mesic montane toe-slopes.,3.2796354677919917,77.39920597922269,TRUE,3.2796354677919917,4082,1,1569,1515
318496.5,4298233.5,CRBU,S03,13.987953394736252,S21,14.382223935181855,0.3942705404456053,TRUE,Veratrum tenuipetalum,137.58859252929688,0.4300000071525574,0.9626825099020706,19,27,0.2631578947368421,high,Monotypic Veratrum tenuipetalum (~85% cover) wet-mesic meadow patches; monotypic override class.,3.2090565934006325,99.4884388772571,TRUE,3.2090565934006325,2388,893,1652,1598
328190.5,4312824.5,CRBU,S10.b,8.257850575321493,S10.a,8.292782570577964,0.03493199525647128,TRUE,S26,129.59014892578125,0,0.7566872481596577,7,7,0.7142857142857143,high,Tall-shrub thickets of chokecherry (34%) and snowberry (24%) with serviceberry and shrubby cinquefoil on mesic montane toe-slopes.,3.1211741408903317,81.15996950401968,TRUE,3.1211741408903317,4221,1,1755,1701
327385.5,4305473.5,CRBU,S26,7.733122411587604,S10.b,8.79363685825619,1.060514446668587,TRUE,S26,126.1295928955078,0,0.7511646634297136,7,7,0.7142857142857143,high,Tall-shrub thickets of chokecherry (34%) and snowberry (24%) with serviceberry and shrubby cinquefoil on mesic montane toe-slopes.,2.9228455370115527,80.66859642957266,TRUE,2.9228455370115527,4396,1,2044,1990
329424.5,4309656.5,CRBU,S10.b,8.375616061098897,S10.a,8.519175396067206,0.14355933496830886,TRUE,S10.b,129.2931671142578,0,0.813036062505523,9,15,0.1111111111111111,high,"Showy fleabane dominant (28%, near-constant) with horsemint and lupine - a lush early-melt forb facies.",2.791872020366299,86.17361646473417,TRUE,2.791872020366299,4176,9,2191,2137
330391.5,4305857.5,CRBU,S10.b,8.31477817258063,S10.a,8.726589144961132,0.4118109723805023,TRUE,S10.b,115.67047119140624,0,0.8050535720395328,9,15,0.1111111111111111,high,"Showy fleabane dominant (28%, near-constant) with horsemint and lupine - a lush early-melt forb facies.",2.771592724193543,85.46337278829947,TRUE,2.771592724193543,4196,9,2212,2158
321766.5,4313866.5,CRBU,S10.c,7.274829450769211,S09.a,7.349420062066335,0.07459061129712374,TRUE,S26,133.2378692626953,0,0.7915095661003747,7,7,0.7142857142857143,high,Tall-shrub thickets of chokecherry (34%) and snowberry (24%) with serviceberry and shrubby cinquefoil on mesic montane toe-slopes.,2.7496270795919906,84.25829216679848,TRUE,2.7496270795919906,4538,1,2246,2192
329031.5,4319941.5,CRBU,S08.a,18.65182278692833,S07,18.69987958063585,0.04805679370752003,TRUE,M02,190.1949157714844,0,0.6659095673251859,48,206,0.375,high,"Osha-led (25-33%, near-constant) subalpine tall-forb meadow with Delphinium, corn-lily and cow parsnip; merged from three spectral facies of the Ligusticum porteri - Vicia americana community.",2.692158726727567,73.08300730171108,TRUE,2.692158726727567,659,3932,2308,2254
330937.5,4311029.5,CRBU,S10.b,8.071477080012514,S10.a,8.39578534742999,0.32430826741747687,TRUE,S10.b,128.4071807861328,0,0.785950956079925,9,15,0.1111111111111111,high,"Showy fleabane dominant (28%, near-constant) with horsemint and lupine - a lush early-melt forb facies.",2.6904923600041712,83.76371373496552,TRUE,2.6904923600041712,4281,9,2311,2257
330076.5,4307749.5,CRBU,S10.b,7.914384365739357,Osmorhiza occidentalis,8.260848526165633,0.3464641604262759,TRUE,S10.b,114.25938415527344,0.5860000252723694,0.8077000440886403,9,15,0.1111111111111111,high,"Showy fleabane dominant (28%, near-constant) with horsemint and lupine - a lush early-melt forb facies.",2.638128121913119,85.69884316508828,TRUE,2.638128121913119,4333,9,2369,2315
331007.5,4310815.5,CRBU,S10.b,7.907777686544897,S10.a,8.3561439397048,0.44836625315990375,TRUE,S10.b,125.1455535888672,0,0.7861502912685483,9,15,0.1111111111111111,high,"Showy fleabane dominant (28%, near-constant) with horsemint and lupine - a lush early-melt forb facies.",2.6359258955149656,83.78144962300871,TRUE,2.6359258955149656,4335,9,2372,2318
333940.5,4310419.5,CRBU,S09.a,8.286290339470789,S10.a,8.365577080351576,0.07928674088078758,TRUE,S10.c,137.18557739257812,0,0.7878452478177229,10,13,0.1,high,Beauty cinquefoil constant (21%) with northern paintbrush and prairie smoke in mesic montane turf.,2.620355082617753,83.93225871899345,TRUE,2.620355082617753,4206,132,2383,2329
324748.5,4307956.5,CRBU,S26,8.275334778265607,S09.a,8.458803617625133,0.1834688393595254,TRUE,S10.c,138.71340942382812,0,0.7761213355312601,10,13,0.1,high,Beauty cinquefoil constant (21%) with northern paintbrush and prairie smoke in mesic montane turf.,2.616890629972378,82.88912129214499,TRUE,2.616890629972378,4211,132,2385,2331
355397.5,4317683.5,UPTA,S10.c,8.14651343608556,S10.a,8.314481939200224,0.1679685031146647,TRUE,S10.c,150.00759887695312,0,0.8029235779236801,10,13,0.1,high,Beauty cinquefoil constant (21%) with northern paintbrush and prairie smoke in mesic montane turf.,2.5761537447194907,85.27385613831748,TRUE,2.5761537447194907,4258,132,2441,2387
349727.5,4313794.5,UPTA,S10.c,8.082908798748713,S10.a,8.218280289383323,0.13537149063460951,TRUE,S10.c,162.7661895751953,0,0.8457437749201887,10,13,0.1,high,Beauty cinquefoil constant (21%) with northern paintbrush and prairie smoke in mesic montane turf.,2.5560401923461487,89.0837916803684,TRUE,2.5560401923461487,4278,132,2462,2408
351814.5,4315131.5,UPTA,S10.c,8.038494753868672,S10.a,8.068966652101025,0.03047189823235285,TRUE,S10.c,160.38946533203125,0.25,0.8373309755495646,10,13,0.1,high,Beauty cinquefoil constant (21%) with northern paintbrush and prairie smoke in mesic montane turf.,2.5419952381539614,88.33526118358209,TRUE,2.5419952381539614,4296,132,2475,2421
329556.5,4306398.5,CRBU,S10.b,7.466843033230786,S10.a,7.891212588809334,0.4243695555785481,TRUE,S10.b,116.0421905517578,0,0.7938556300617444,9,15,0.1111111111111111,high,"Showy fleabane dominant (28%, near-constant) with horsemint and lupine - a lush early-melt forb facies.",2.4889476777435955,84.46703367424824,TRUE,2.4889476777435955,4477,9,2525,2471
328736.5,4312116.5,CRBU,S10.b,7.45625665480428,S09.a,7.6302983674777725,0.17404171267349255,TRUE,S10.b,122.62053680419922,0,0.8035818368740085,9,15,0.1111111111111111,high,"Showy fleabane dominant (28%, near-constant) with horsemint and lupine - a lush early-melt forb facies.",2.48541888493476,85.33242485930992,TRUE,2.48541888493476,4480,9,2528,2474
328526.5,4301884.5,CRBU,S10.b,7.252968230113601,S26,8.010369809914065,0.7574015798004643,TRUE,S10.b,94.98377990722656,0.975000023841858,0.7987593699380487,9,15,0.1111111111111111,high,"Showy fleabane dominant (28%, near-constant) with horsemint and lupine - a lush early-melt forb facies.",2.417656076704534,84.90334490479275,TRUE,2.417656076704534,4542,9,2600,2546
330937.5,4311161.5,CRBU,S04.a,8.653069888032265,S10.b,8.677959423458281,0.02488953542601635,TRUE,S04.a,125.3764419555664,0,0.7446656668154357,13,2,0.2307692307692308,high,"Thurber fescue bunchgrass stand (31%, constant) with western valerian and shrubby cinquefoil; heavy cured litter.",2.3999297824210597,80.09034691356915,TRUE,2.3999297824210597,4086,177,2621,2567
330649.5,4310428.5,CRBU,S10.b,7.155308683551163,S10.a,7.580072762268356,0.42476407871719335,TRUE,S10.b,119.1642837524414,0,0.7939232136434626,9,15,0.1111111111111111,high,"Showy fleabane dominant (28%, near-constant) with horsemint and lupine - a lush early-melt forb facies.",2.3851028945170545,84.47304693686982,TRUE,2.3851028945170545,4567,9,2634,2580
330511.5,4311152.5,CRBU,S10.b,6.99660304075494,S10.a,7.400350634471959,0.40374759371701874,TRUE,S10.b,122.98883819580078,0,0.8149257984295186,9,15,0.1111111111111111,high,"Showy fleabane dominant (28%, near-constant) with horsemint and lupine - a lush early-melt forb facies.",2.33220101358498,86.34175609432317,TRUE,2.33220101358498,4619,9,2678,2624
318748.5,4303017.5,CRBU,S21,10.086915710048329,Ligusticum porteri,10.510746309917652,0.4238305998693228,TRUE,Veratrum tenuipetalum,148.1437225341797,0.7149999737739563,0.8980026785106047,19,27,0.2631578947368421,high,Monotypic Veratrum tenuipetalum (~85% cover) wet-mesic meadow patches; monotypic override class.,2.3140971701112356,93.73353801838671,TRUE,2.3140971701112356,3667,893,2692,2638
317343.5,4305956.5,CRBU,S10.c,7.278753321146567,S10.a,7.400272192448386,0.12151887130181915,TRUE,S10.c,160.9325714111328,0,0.8363948702176514,10,13,0.1,high,Beauty cinquefoil constant (21%) with northern paintbrush and prairie smoke in mesic montane turf.,2.3017439021338184,88.2519710255417,TRUE,2.3017439021338184,4533,132,2708,2654
355883.5,4318215.5,UPTA,S10.c,6.837506680322521,S10.a,7.0360040717174055,0.1984973913948842,FALSE,S10.c,154.2661895751953,0,0.8692069050950664,10,13,0.1,high,Beauty cinquefoil constant (21%) with northern paintbrush and prairie smoke in mesic montane turf.,2.1622094626435966,91.17142835304234,TRUE,2.1622094626435966,4666,132,2856,2802
333775.5,4310599.5,CRBU,Veratrum tenuipetalum,9.384177879247638,S03,9.464978183890915,0.0808003046432777,TRUE,Veratrum tenuipetalum,138.22872924804688,0,0.8791992801473045,19,27,0.2631578947368421,high,Monotypic Veratrum tenuipetalum (~85% cover) wet-mesic meadow patches; monotypic override class.,2.1528780549394884,92.0605019101801,TRUE,2.1528780549394884,3878,893,2871,2817
329817.5,4306788.5,CRBU,S10.b,8.361339860010403,M04,8.51409844831895,0.15275858830854716,TRUE,M04,131.35829162597656,0,0.757206700589518,16,18,0.25,high,"Silvery lupine-dominated (28-37%, constant) dry montane forb meadow; merged spectral facies of the Elymus-Lupinus grassland community.",2.090334965002601,81.20618788725344,TRUE,2.090334965002601,4182,536,2948,2894
328157.5,4307014.5,CRBU,Veratrum tenuipetalum,9.06973369798066,S03,9.761868064330224,0.6921343663495652,TRUE,Veratrum tenuipetalum,130.8433380126953,0,0.9128079369944524,19,27,0.2631578947368421,high,Monotypic Veratrum tenuipetalum (~85% cover) wet-mesic meadow patches; monotypic override class.,2.080739612332797,95.05083883583652,TRUE,2.080739612332797,3981,893,2962,2908
329106.5,4312434.5,CRBU,S10.b,8.27375682269575,S10.a,8.355409257698856,0.0816524350031056,TRUE,M04,132.81288146972656,0,0.7634897099052831,16,18,0.25,high,"Silvery lupine-dominated (28-37%, constant) dry montane forb meadow; merged spectral facies of the Elymus-Lupinus grassland community.",2.0684392056739376,81.76521989042527,TRUE,2.0684392056739376,4215,536,2978,2924
326256.5,4310404.5,CRBU,S10.c,6.51210079430422,S10.a,6.591714433727955,0.07961363942373545,FALSE,S10.c,134.9557647705078,0,0.8520616608432882,10,13,0.1,high,Beauty cinquefoil constant (21%) with northern paintbrush and prairie smoke in mesic montane turf.,2.0593070862592993,89.6459268366126,TRUE,2.0593070862592993,4745,132,2990,2936
356319.5,4311068.5,UPTA,S10.c,6.412582862551159,S10.a,6.675361086060455,0.26277822350929636,FALSE,S10.c,143.9141082763672,0,0.825301743217817,10,13,0.1,high,Beauty cinquefoil constant (21%) with northern paintbrush and prairie smoke in mesic montane turf.,2.0278367530224126,87.26495784499517,TRUE,2.0278367530224126,4776,132,3029,2975
330841.5,4309728.5,CRBU,S10.b,7.982411505102357,S10.a,7.994933121106634,0.01252161600427648,TRUE,M04,134.3684539794922,0,0.7934125441448993,16,18,0.25,high,"Silvery lupine-dominated (28-37%, constant) dry montane forb meadow; merged spectral facies of the Elymus-Lupinus grassland community.",1.9956028762755893,84.42761001669459,TRUE,1.9956028762755893,4309,536,3071,3017
354274.5,4313356.5,UPTA,S10.c,6.180864257021443,S10.a,6.522762660516695,0.3418984034952519,FALSE,S10.c,138.82940673828125,0,0.8621893952802492,10,13,0.1,high,Beauty cinquefoil constant (21%) with northern paintbrush and prairie smoke in mesic montane turf.,1.9545608960512135,90.54704402192068,TRUE,1.9545608960512135,4839,132,3123,3069
334850.5,4309083.5,CRBU,S10.b,7.716349374428764,M04,7.9018483440932465,0.18549896966448287,TRUE,M04,130.37307739257812,0,0.7877786902016836,16,18,0.25,high,"Silvery lupine-dominated (28-37%, constant) dry montane forb meadow; merged spectral facies of the Elymus-Lupinus grassland community.",1.929087343607191,83.92633674187216,TRUE,1.929087343607191,4400,536,3145,3091
318967.5,4312842.5,CRBU,S13.b,13.25772236970167,S08.a,13.318792056234043,0.06106968653237565,TRUE,M02,181.67112731933597,0,0.6337513401163798,48,206,0.375,high,"Osha-led (25-33%, near-constant) subalpine tall-forb meadow with Delphinium, corn-lily and cow parsnip; merged from three spectral facies of the Ligusticum porteri - Vicia americana community.",1.9135873947471456,70.2217226415268,TRUE,1.9135873947471456,2610,3932,3161,3107
330661.5,4310404.5,CRBU,S10.b,7.651811962999877,S10.a,7.8820860310893455,0.23027406808946793,TRUE,M04,122.93404388427734,0,0.7711093174882395,16,18,0.25,high,"Silvery lupine-dominated (28-37%, constant) dry montane forb meadow; merged spectral facies of the Elymus-Lupinus grassland community.",1.9129529907499692,82.4431759901871,TRUE,1.9129529907499692,4417,536,3163,3109
329457.5,4305767.5,CRBU,S10.b,7.524521885948822,S10.a,7.846801135158429,0.3222792492096067,TRUE,M04,118.94152069091795,0,0.7979130525162129,16,18,0.25,high,"Silvery lupine-dominated (28-37%, constant) dry montane forb meadow; merged spectral facies of the Elymus-Lupinus grassland community.",1.8811304714872055,84.82804364390475,TRUE,1.8811304714872055,4462,536,3214,3160
329967.5,4309914.5,CRBU,S10.b,7.360784214795588,S10.a,7.68974060962924,0.3289563948336518,TRUE,M04,126.22914123535156,0,0.7938694490392839,16,18,0.25,high,"Silvery lupine-dominated (28-37%, constant) dry montane forb meadow; merged spectral facies of the Elymus-Lupinus grassland community.",1.840196053698897,84.46826322052256,TRUE,1.840196053698897,4507,536,3273,3219
327850.5,4306080.5,CRBU,S10.b,7.345369543184415,S10.a,7.508898473974584,0.16352893079016972,TRUE,M04,116.5852508544922,0.19200000166893005,0.7738033409244279,16,18,0.25,high,"Silvery lupine-dominated (28-37%, constant) dry montane forb meadow; merged spectral facies of the Elymus-Lupinus grassland community.",1.8363423857961036,82.68287726109646,TRUE,1.8363423857961036,4513,536,3278,3224
334433.5,4309401.5,CRBU,S10.b,7.068044658233161,S10.a,7.172731335461845,0.10468667722868386,TRUE,M04,127.79106903076172,0,0.7786489066720569,16,18,0.25,high,"Silvery lupine-dominated (28-37%, constant) dry montane forb meadow; merged spectral facies of the Elymus-Lupinus grassland community.",1.7670111645582902,83.11401243697483,TRUE,1.7670111645582902,4592,536,3350,3296
317598.5,4308002.5,CRBU,M02,11.875893900279618,S08.a,12.138429603664058,0.2625357033844402,TRUE,M02,169.45045471191406,0,0.6865636742882119,48,206,0.375,high,"Osha-led (25-33%, near-constant) subalpine tall-forb meadow with Delphinium, corn-lily and cow parsnip; merged from three spectral facies of the Ligusticum porteri - Vicia americana community.",1.714137635048468,74.92071057556967,TRUE,1.714137635048468,3081,3932,3424,3370
349763.5,4311602.5,UPTA,M02,11.308540440345,S08.a,11.37712465057606,0.06858421023106231,TRUE,M02,168.65293884277344,0,0.7436979879476819,48,206,0.375,high,"Osha-led (25-33%, near-constant) subalpine tall-forb meadow with Delphinium, corn-lily and cow parsnip; merged from three spectral facies of the Ligusticum porteri - Vicia americana community.",1.6322472168437387,80.00424749389934,TRUE,1.6322472168437387,3272,3932,3563,3509
316637.5,4309749.5,CRBU,M01,11.15357100907756,S07,11.452041958276428,0.29847094919886885,TRUE,M02,176.47869873046875,0,0.7048936131709573,48,206,0.375,high,"Osha-led (25-33%, near-constant) subalpine tall-forb meadow with Delphinium, corn-lily and cow parsnip; merged from three spectral facies of the Ligusticum porteri - Vicia americana community.",1.6098793061291339,76.55162053235216,TRUE,1.6098793061291339,3324,3932,3605,3551
327910.5,4297992.5,CRBU,M02,11.153291630094992,S08.a,11.235481785831825,0.0821901557368303,TRUE,M02,141.24574279785156,0,0.6583365606659287,48,206,0.375,high,"Osha-led (25-33%, near-constant) subalpine tall-forb meadow with Delphinium, corn-lily and cow parsnip; merged from three spectral facies of the Ligusticum porteri - Vicia americana community.",1.609838981246436,72.40919752840142,TRUE,1.609838981246436,3325,3932,3606,3552
318361.5,4308527.5,CRBU,M02,11.07957140362225,S08.a,11.090355407692554,0.01078400407030422,TRUE,M02,177.9702911376953,0,0.6665776601138196,48,206,0.375,high,"Osha-led (25-33%, near-constant) subalpine tall-forb meadow with Delphinium, corn-lily and cow parsnip; merged from three spectral facies of the Ligusticum porteri - Vicia americana community.",1.5991983830967464,73.14245099042206,TRUE,1.5991983830967464,3346,3932,3615,3561
328286.5,4320110.5,CRBU,M02,11.021877904763542,S08.a,11.265372334273264,0.2434944295097221,TRUE,M02,158.405029296875,0,0.7035797430960248,48,206,0.375,high,"Osha-led (25-33%, near-constant) subalpine tall-forb meadow with Delphinium, corn-lily and cow parsnip; merged from three spectral facies of the Ligusticum porteri - Vicia americana community.",1.590871043822605,76.4347186811876,TRUE,1.590871043822605,3376,3932,3631,3577
319082.5,4317404.5,CRBU,S07,11.006324231002806,M02,11.010512152331678,0.00418792132887269,TRUE,M02,183.1670379638672,0,0.6647740094677522,48,206,0.375,high,"Osha-led (25-33%, near-constant) subalpine tall-forb meadow with Delphinium, corn-lily and cow parsnip; merged from three spectral facies of the Ligusticum porteri - Vicia americana community.",1.5886260643894428,72.98197081555375,TRUE,1.5886260643894428,3381,3932,3634,3580
353016.5,4319212.5,UPTA,S21,129.28976253103983,S23,132.8301361118704,3.540373580830561,TRUE,S21,150.03306579589844,0,0.5193565624941323,14,59,0.9285714285714286,medium,"Subalpine meadow with smooth brome and fireweed signalling disturbance history, over bilberry and Arnica.",34.55414250060814,60.043424556547215,TRUE,34.55414250060814,35,215,29,2
319130.5,4312767.5,CRBU,S25,146.8821089942332,S17,146.91001316498702,0.02790417075382834,TRUE,Salix boothii,164.9630584716797,0,0.2167236935869571,30,15,0.4,medium,Salix boothii,26.816881463357987,33.11660487058698,TRUE,26.816881463357987,34,2424,35,3
323319.5,4321119.5,CRBU,S21,89.62180797975083,S15,93.7487020650888,4.126894085337966,TRUE,S21,176.8957977294922,0,0.5442925178523542,14,59,0.9285714285714286,medium,"Subalpine meadow with smooth brome and fireweed signalling disturbance history, over bilberry and Arnica.",23.95243570310503,62.26210614276297,TRUE,23.95243570310503,42,215,38,4
353187.5,4320722.5,UPTA,S21,87.03111667694589,S23,90.94307175646249,3.911955079516588,TRUE,S21,147.15274047851562,0,0.522150728048897,14,59,0.9285714285714286,medium,"Subalpine meadow with smooth brome and fireweed signalling disturbance history, over bilberry and Arnica.",23.260044328105668,60.292035992368966,TRUE,23.260044328105668,44,215,39,5
323547.5,4315023.5,CRBU,S21,98.75349772807944,S23,102.09246157017787,3.338963842098437,TRUE,Salix planifolia,150.72494506835938,0,0.8045448097053626,28,8,0.5,medium,Salix planifolia,18.66265686330573,85.41810555845534,TRUE,18.66265686330573,39,2416,43,6
351100.5,4322356.5,UPTA,S21,66.86587130335052,S23,71.00349079750265,4.137619494152133,TRUE,S15,160.0366973876953,0,0.7242226968286172,16,26,0.6875,medium,"Subalpine wet sedge meadow (Carex aquatilis, C. saxatilis) with timothy and tufted hairgrass suggesting historically irrigated/hay-influenced sites.",16.71646782583763,78.27142959415069,TRUE,16.71646782583763,48,536,44,7
347661.5,4314101.5,UPTA,S21,60.73091360276058,S23,62.96411901981429,2.2332054170537106,TRUE,S21,160.98435974121094,0,0.911918928017728,14,59,0.9285714285714286,medium,"Subalpine meadow with smooth brome and fireweed signalling disturbance history, over bilberry and Arnica.",16.23101939194994,94.97173908536361,TRUE,16.23101939194994,51,215,47,9
322613.5,4313953.5,CRBU,S21,55.6439611395943,S23,59.92442377139734,4.28046263180304,TRUE,S21,155.8720245361328,0,0.8017338977349935,14,59,0.9285714285714286,medium,"Subalpine meadow with smooth brome and fireweed signalling disturbance history, over bilberry and Arnica.",14.871474159094655,85.16800410697535,TRUE,14.871474159094655,55,215,51,12
318820.5,4320815.5,CRBU,S25,53.045494880197445,S12,53.25462667765567,0.20913179745822671,TRUE,Artemisia tridentata,190.6780242919922,0,0.1460128421864395,14,9,0.7857142857142857,medium,Artemisia tridentata,14.177004839540718,26.825092807214663,TRUE,14.177004839540718,56,215,53,14
324805.5,4314305.5,CRBU,S21,52.13801815357623,S23,55.89096554192646,3.752947388350229,TRUE,S21,152.07821655273438,0,0.759689865535467,14,59,0.9285714285714286,medium,"Subalpine meadow with smooth brome and fireweed signalling disturbance history, over bilberry and Arnica.",13.934471482577312,81.42712798206705,TRUE,13.934471482577312,59,215,54,15
324820.5,4314332.5,CRBU,S21,51.00903401089828,S23,54.74492841018595,3.735894399287666,TRUE,S21,156.6919708251953,0,0.7613071083710747,14,59,0.9285714285714286,medium,"Subalpine meadow with smooth brome and fireweed signalling disturbance history, over bilberry and Arnica.",13.632737778505769,81.57102248493474,TRUE,13.632737778505769,62,215,55,16
328049.5,4320806.5,CRBU,S25,50.881081847306504,S12,50.917293023412874,0.03621117610637014,TRUE,Artemisia tridentata,181.859130859375,0,0.13061870693899674,14,9,0.7857142857142857,medium,Artemisia tridentata,13.59854112435885,25.455396562632856,TRUE,13.59854112435885,63,215,56,17
352832.5,4321677.5,UPTA,S21,49.10215877845945,S23,52.912404586998264,3.810245808538816,TRUE,S21,156.77374267578125,0,0.7516761162013562,14,59,0.9285714285714286,medium,"Subalpine meadow with smooth brome and fireweed signalling disturbance history, over bilberry and Arnica.",13.123103935712123,80.71410304162586,TRUE,13.123103935712123,64,215,57,18
322454.5,4303404.5,CRBU,S21,47.53600152955685,S23,51.40032762773393,3.864326098177081,TRUE,S21,146.71783447265625,0.8140000104904175,0.7586604878174535,14,59,0.9285714285714286,medium,"Subalpine meadow with smooth brome and fireweed signalling disturbance history, over bilberry and Arnica.",12.70453080434027,81.3355388949273,TRUE,12.70453080434027,67,215,58,19
318019.5,4309107.5,CRBU,S21,47.08012653576099,S17,51.53866835338235,4.458541817621359,TRUE,S21,181.2275390625,0,0.5421589022700617,14,59,0.9285714285714286,medium,"Subalpine meadow with smooth brome and fireweed signalling disturbance history, over bilberry and Arnica.",12.582693087341568,62.072267272084424,TRUE,12.582693087341568,68,215,60,21
322307.5,4320062.5,CRBU,S21,44.69718918858481,S23,48.22346512414268,3.5262759355578694,TRUE,Artemisia tridentata,164.037109375,0,0.5756131421023324,14,9,0.7857142857142857,medium,Artemisia tridentata,11.945826292535765,65.04886491313816,TRUE,11.945826292535765,72,215,63,24
326637.5,4317128.5,CRBU,S21,46.139809081536654,S23,49.66525945841424,3.5254503768775862,TRUE,S23,139.60147094726562,0,0.8282890605842146,18,44,1,medium,"Forb-rich subalpine turf (unnamed forbs ~31%) with meadow pussytoes, pale agoseris and dwarf bilberry; 2025/2026-only.",10.87525729473574,87.5307550016629,TRUE,10.87525729473574,70,846,72,32
351949.5,4316578.5,UPTA,S21,42.26683064477059,S23,44.96524292832716,2.6984122835565643,TRUE,S15,158.701171875,0,0.8599616712569472,16,26,0.6875,medium,"Subalpine wet sedge meadow (Carex aquatilis, C. saxatilis) with timothy and tufted hairgrass suggesting historically irrigated/hay-influenced sites.",10.566707661192648,90.34883183399097,TRUE,10.566707661192648,81,536,75,35
347133.5,4277836.5,ALMO,S21,52.84594651509338,S15,54.73778021574673,1.8918337006533503,TRUE,Salix planifolia,140.39804077148438,0,0.9772932287904904,28,8,0.5,medium,Salix planifolia,9.986945162625538,100,TRUE,9.986945162625538,57,2416,77,37
323337.5,4315197.5,CRBU,S21,39.78283856169275,S23,41.62589810648708,1.843059544794322,TRUE,Ribes sp.,153.93614196777344,0,0.6437644896711787,18,3,0.5555555555555556,medium,Ribes sp.,9.376904973940874,71.11264461416064,TRUE,9.376904973940874,90,846,86,45
348964.5,4318425.5,UPTA,S21,36.674135804435366,S15,38.93685635351142,2.262720549076058,TRUE,S15,163.96051025390625,0,0.6550889359445836,16,26,0.6875,medium,"Subalpine wet sedge meadow (Carex aquatilis, C. saxatilis) with timothy and tufted hairgrass suggesting historically irrigated/hay-influenced sites.",9.168533951108842,72.12023947306821,TRUE,9.168533951108842,101,536,89,48
323574.5,4315077.5,CRBU,S21,37.66808007269759,S23,40.46181726405606,2.793737191358467,TRUE,Ribes sp.,154.7357940673828,0,0.6857725892244522,18,3,0.5555555555555556,medium,Ribes sp.,8.87845161789411,74.8503236247238,TRUE,8.87845161789411,98,846,91,50
326235.5,4314347.5,CRBU,S25,33.20158525837223,S12,33.24736232137458,0.04577706300234752,TRUE,Artemisia tridentata,170.7562713623047,0,0.1954587368691129,14,9,0.7857142857142857,medium,Artemisia tridentata,8.873496909613804,31.224551118333224,TRUE,8.873496909613804,114,215,92,51
334538.5,4313575.5,CRBU,S12,29.301625447698303,S25,29.833685955096453,0.5320605073981497,TRUE,Artemisia tridentata,179.7264404296875,0,0.21010994709294248,14,9,0.7857142857142857,medium,Artemisia tridentata,7.831188807204547,32.52814546121725,TRUE,7.831188807204547,150,215,115,69
347670.5,4319716.5,UPTA,S21,32.89749684657854,S23,34.04359757357541,1.1461007269968704,TRUE,S23,162.60035705566406,0,0.5861776662142445,18,44,1,medium,"Forb-rich subalpine turf (unnamed forbs ~31%) with meadow pussytoes, pale agoseris and dwarf bilberry; 2025/2026-only.",7.754014368092917,65.98884554662543,TRUE,7.754014368092917,116,846,117,71
332904.5,4314143.5,CRBU,S20,26.748310647637144,M01,28.224667718050934,1.476357070413794,TRUE,S20,172.8610076904297,0,0.1589309636364891,13,36,0.9230769230769232,medium,"Half-bare (46%) rocky montane barren with sulphur buckwheat, false goldenaster and scattered sagebrush; 2025-only.",7.418646582468855,27.974485231847535,TRUE,7.418646582468855,177,177,121,75
356520.5,4311164.5,UPTA,S22,30.14515739922149,S18,31.854684534027893,1.7095271348064038,TRUE,S22,145.4022674560547,0,0.3878538824218845,17,163,0.8823529411764706,medium,"Sagebrush park with very heavy cured litter (NPV 41%) and low forb cover (pussytoes, woolly cinquefoil); mostly 2026 plots.",7.3112745916388215,48.34294744937606,TRUE,7.3112745916388215,138,683,123,77
321628.5,4298923.5,CRBU,S21,29.106071776089625,S23,32.33244749089985,3.226375714810228,TRUE,S15,148.7145233154297,0,0.7100809254565353,16,26,0.6875,medium,"Subalpine wet sedge meadow (Carex aquatilis, C. saxatilis) with timothy and tufted hairgrass suggesting historically irrigated/hay-influenced sites.",7.276517944022406,77.01316267439677,TRUE,7.276517944022406,152,536,124,78
332412.5,4314653.5,CRBU,S20,25.79361305638701,S08.a,26.683160426357013,0.8895473699700069,TRUE,S20,168.9532928466797,0,0.19118560297196183,13,36,0.9230769230769232,medium,"Half-bare (46%) rocky montane barren with sulphur buckwheat, false goldenaster and scattered sagebrush; 2025-only.",7.153861111867753,30.84434818017239,TRUE,7.153861111867753,187,177,127,81
322022.5,4304752.5,CRBU,S20,25.163396157145968,S13.b,25.273350393160637,0.10995423601466923,TRUE,S20,151.2878875732422,0,0.22617970656911027,13,36,0.9230769230769232,medium,"Half-bare (46%) rocky montane barren with sulphur buckwheat, false goldenaster and scattered sagebrush; 2025-only.",6.979070393031023,33.9579555058897,TRUE,6.979070393031023,198,177,129,83
332730.5,4313251.5,CRBU,S12,24.88298868140459,S24.a,25.55229341606757,0.6693047346629761,TRUE,S20,127.41535186767578,0,0.25877308805950855,13,36,0.9230769230769232,medium,"Half-bare (46%) rocky montane barren with sulphur buckwheat, false goldenaster and scattered sagebrush; 2025-only.",6.901299352122641,36.857958104803906,TRUE,6.901299352122641,206,177,132,86
321136.5,4312950.5,CRBU,S21,27.214121500780664,S15,28.830882121731545,1.6167606209508811,TRUE,S15,143.2349853515625,4.203000068664551,0.6570581809317888,16,26,0.6875,medium,"Subalpine wet sedge meadow (Carex aquatilis, C. saxatilis) with timothy and tufted hairgrass suggesting historically irrigated/hay-influenced sites.",6.803530375195166,72.29545343736572,TRUE,6.803530375195166,172,536,135,88
334553.5,4312686.5,CRBU,S20,24.2865203988023,M01,25.335646363483196,1.049125964680897,TRUE,S20,150.13497924804688,0,0.27051682135376875,13,36,0.9230769230769232,medium,"Half-bare (46%) rocky montane barren with sulphur buckwheat, false goldenaster and scattered sagebrush; 2025-only.",6.735868815421833,37.90285910976231,TRUE,6.735868815421833,220,177,138,91
334805.5,4316902.5,CRBU,S20,23.82637489752121,S08.a,24.866466658425484,1.040091760904275,TRUE,S20,164.5225830078125,0,0.2348440499393276,13,36,0.9230769230769232,medium,"Half-bare (46%) rocky montane barren with sulphur buckwheat, false goldenaster and scattered sagebrush; 2025-only.",6.608247415495445,34.728867180056355,TRUE,6.608247415495445,238,177,144,97
322187.5,4305116.5,CRBU,S20,22.36660831917197,M01,23.94541767608123,1.578809356909261,TRUE,S20,147.82826232910156,0,0.25915859254240103,13,36,0.9230769230769232,medium,"Half-bare (46%) rocky montane barren with sulphur buckwheat, false goldenaster and scattered sagebrush; 2025-only.",6.2033810117687676,36.89225844282224,TRUE,6.2033810117687676,292,177,171,122
329265.5,4321560.5,CRBU,S20,22.17409040176383,M01,23.444408543141712,1.270318141377878,TRUE,S20,171.75038146972656,0,0.31222103227118964,13,36,0.9230769230769232,medium,"Half-bare (46%) rocky montane barren with sulphur buckwheat, false goldenaster and scattered sagebrush; 2025-only.",6.149986148487184,41.613499568525846,TRUE,6.149986148487184,298,177,175,126
343364.5,4285209.5,ALMO,S22,25.150905644747773,S24.b,25.83405072488812,0.6831450801403491,TRUE,S22,106.15125274658205,0.48500001430511475,0.24169249502224813,17,163,0.8823529411764706,medium,"Sagebrush park with very heavy cured litter (NPV 41%) and low forb cover (pussytoes, woolly cinquefoil); mostly 2026 plots.",6.099990620778736,35.33820894304101,TRUE,6.099990620778736,199,683,181,132
318835.5,4321302.5,CRBU,S24.b,24.001387018090597,S24.a,24.06878597554877,0.06739895745817392,TRUE,S24.a,181.608154296875,0,0.24490336043393715,16,103,0.875,medium,"Driest, earliest-melt steppe with bitterbrush, rabbitbrush, plains pricklypear and soapweed yucca; 2026-only lowest-elevation class.",6.000346754522649,35.62389633148842,TRUE,6.000346754522649,232,536,195,145
345211.5,4295350.5,ALMO,S24.b,23.63663247976497,S24.a,23.665556687493137,0.02892420772816706,TRUE,S24.a,145.67034912109375,0,0.20688121769477769,16,103,0.875,medium,"Driest, earliest-melt steppe with bitterbrush, rabbitbrush, plains pricklypear and soapweed yucca; 2026-only lowest-elevation class.",5.909158119941242,32.24086862102112,TRUE,5.909158119941242,244,536,213,161
321889.5,4305872.5,CRBU,S20,20.928575277641457,M01,22.445594215054363,1.5170189374129066,TRUE,S20,172.34121704101562,0,0.2455133516146873,13,36,0.9230769230769232,medium,"Half-bare (46%) rocky montane barren with sulphur buckwheat, false goldenaster and scattered sagebrush; 2025-only.",5.804542406611098,35.678170418085145,TRUE,5.804542406611098,354,177,227,174
347934.5,4295836.5,ALMO,S13.b,20.80778115979746,S23,21.278645755967176,0.4708645961697151,TRUE,S20,122.11325073242188,0,0.532878850739312,13,36,0.9230769230769232,medium,"Half-bare (46%) rocky montane barren with sulphur buckwheat, false goldenaster and scattered sagebrush; 2025-only.",5.771040146175639,61.24657284190816,TRUE,5.771040146175639,366,177,239,186
355313.5,4317725.5,UPTA,S15,22.8901104924306,S14,23.07512241979557,0.1850119273649682,TRUE,S15,145.3163299560547,0,0.5149761926679197,16,26,0.6875,medium,"Subalpine wet sedge meadow (Carex aquatilis, C. saxatilis) with timothy and tufted hairgrass suggesting historically irrigated/hay-influenced sites.",5.72252762310765,59.65368028027554,TRUE,5.72252762310765,267,536,247,194
318997.5,4312179.5,CRBU,S22,23.58314861867927,S25,24.308480775150336,0.7253321564710618,TRUE,S22,166.8805389404297,0,0.23840021470633013,17,163,0.8823529411764706,medium,"Sagebrush park with very heavy cured litter (NPV 41%) and low forb cover (pussytoes, woolly cinquefoil); mostly 2026 plots.",5.71975369055611,35.04527764730145,TRUE,5.71975369055611,248,683,248,195
327211.5,4308857.5,CRBU,S24.b,22.409669184695055,S24.a,22.79693934503172,0.3872701603366657,TRUE,S24.a,127.8744888305664,0,0.29617773989006363,16,103,0.875,medium,"Driest, earliest-melt steppe with bitterbrush, rabbitbrush, plains pricklypear and soapweed yucca; 2026-only lowest-elevation class.",5.602417296173764,40.186044438897405,TRUE,5.602417296173764,288,536,278,225
348613.5,4294383.5,ALMO,S21,29.57937948493962,S15,31.63029759460601,2.0509181096663873,TRUE,Salix planifolia,152.90219116210938,0,0.647778762276786,28,8,0.5,medium,Salix planifolia,5.589977289482575,71.4698153174349,TRUE,5.589977289482575,145,2416,279,226
361637.5,4310188.5,UPTA,S21,32.23518050371598,S15,36.0834175526184,3.848237048902419,TRUE,M03,126.44123077392578,0,0.4612947176777148,34,110,0.5294117647058824,medium,"Big sagebrush (22-39%) over Thurber fescue - the Artemisia tridentata ssp. vaseyana / Festuca thurberi shrubland, merged across its montane spectral facies.",5.528287848200676,54.87736036909963,TRUE,5.528287848200676,123,3218,295,242
353727.5,4287839.5,ALMO,S22,22.581675213744795,S24.b,22.940443629077414,0.35876841533262294,TRUE,S22,147.39439392089844,0,0.23636987593798983,17,163,0.8823529411764706,medium,"Sagebrush park with very heavy cured litter (NPV 41%) and low forb cover (pussytoes, woolly cinquefoil); mostly 2026 plots.",5.476860712333062,34.864627851679664,TRUE,5.476860712333062,277,683,305,252
348100.5,4289980.5,ALMO,S22,22.477918287938405,S25,22.819407873656225,0.3414895857178202,TRUE,S22,96.9315414428711,0,0.18211163773795264,17,163,0.8823529411764706,medium,"Sagebrush park with very heavy cured litter (NPV 41%) and low forb cover (pussytoes, woolly cinquefoil); mostly 2026 plots.",5.451695961480761,30.036990319226426,TRUE,5.451695961480761,284,683,308,255
324067.5,4305149.5,CRBU,S21,31.755307347725925,S23,34.023997282034664,2.268689934308739,TRUE,M03,140.83802795410156,0,0.6296486137899301,34,110,0.5294117647058824,medium,"Big sagebrush (22-39%) over Thurber fescue - the Artemisia tridentata ssp. vaseyana / Festuca thurberi shrubland, merged across its montane spectral facies.",5.445990280900511,69.85668175085263,TRUE,5.445990280900511,124,3218,309,256
343700.5,4296836.5,ALMO,S22,22.38694191691014,S24.b,23.49992350174696,1.1129815848368203,TRUE,S22,158.85548400878906,0,0.4686879469673522,17,163,0.8823529411764706,medium,"Sagebrush park with very heavy cured litter (NPV 41%) and low forb cover (pussytoes, woolly cinquefoil); mostly 2026 plots.",5.429630950469883,55.53517441520077,TRUE,5.429630950469883,291,683,312,258
350760.5,4291356.5,ALMO,S24.b,21.986686522843,S24.a,22.765799049577645,0.779112526734643,TRUE,S22,103.6002960205078,0,0.2774876392726493,17,163,0.8823529411764706,medium,"Sagebrush park with very heavy cured litter (NPV 41%) and low forb cover (pussytoes, woolly cinquefoil); mostly 2026 plots.",5.332554758295646,38.523089020158885,TRUE,5.332554758295646,301,683,324,270
338112.5,4292239.5,ALMO,S24.b,21.244841858923785,S24.a,21.69265692808979,0.4478150691660048,TRUE,S24.a,102.5340576171875,0.8130000233650208,0.3035478293226861,16,103,0.875,medium,"Driest, earliest-melt steppe with bitterbrush, rabbitbrush, plains pricklypear and soapweed yucca; 2026-only lowest-elevation class.",5.311210464730946,40.84179961161956,TRUE,5.311210464730946,334,536,329,275
356595.5,4303458.5,UPTA,S22,21.888173055784787,S14,22.758031840009135,0.8698587842243484,TRUE,S22,145.67373657226562,0,0.4119308124382177,17,163,0.8823529411764706,medium,"Sagebrush park with very heavy cured litter (NPV 41%) and low forb cover (pussytoes, woolly cinquefoil); mostly 2026 plots.",5.3086617329881856,50.4851970849903,TRUE,5.3086617329881856,304,683,330,276
344544.5,4287362.5,ALMO,S24.a,21.226856754596827,S24.b,21.439221860325972,0.2123651057291447,TRUE,S24.a,89.95771026611328,0,0.25987048523953526,16,103,0.875,medium,"Driest, earliest-melt steppe with bitterbrush, rabbitbrush, plains pricklypear and soapweed yucca; 2026-only lowest-elevation class.",5.306714188649207,36.95559923710115,TRUE,5.306714188649207,335,536,332,278
342421.5,4286281.5,ALMO,S24.b,21.086326081420545,S24.a,21.352034790774628,0.2657087093540831,TRUE,S24.a,101.94085693359376,0,0.16775899146671813,16,103,0.875,medium,"Driest, earliest-melt steppe with bitterbrush, rabbitbrush, plains pricklypear and soapweed yucca; 2026-only lowest-elevation class.",5.271581520355136,28.759960763390435,TRUE,5.271581520355136,343,536,336,282
339325.5,4286809.5,ALMO,S24.b,21.070656201918847,S24.a,21.53097268620593,0.46031648428708394,TRUE,S24.a,97.58538055419922,0,0.20511450848447016,16,103,0.875,medium,"Driest, earliest-melt steppe with bitterbrush, rabbitbrush, plains pricklypear and soapweed yucca; 2026-only lowest-elevation class.",5.267664050479712,32.08367531774491,TRUE,5.267664050479712,344,536,337,283
347850.5,4290848.5,ALMO,S22,21.701240558567815,S18,22.209916977058946,0.508676418491131,TRUE,S22,126.31099700927734,0,0.4292755705792682,17,163,0.8823529411764706,medium,"Sagebrush park with very heavy cured litter (NPV 41%) and low forb cover (pussytoes, woolly cinquefoil); mostly 2026 plots.",5.263323942936065,52.028450389389,TRUE,5.263323942936065,317,683,339,285
345139.5,4296164.5,ALMO,S24.b,20.92755585840218,S24.a,21.08669003851616,0.1591341801139805,TRUE,S24.a,145.20632934570312,0,0.3135652579754297,16,103,0.875,medium,"Driest, earliest-melt steppe with bitterbrush, rabbitbrush, plains pricklypear and soapweed yucca; 2026-only lowest-elevation class.",5.231888964600545,41.73310231784389,TRUE,5.231888964600545,355,536,343,289
356922.5,4308839.5,UPTA,S23,19.45729850141977,S25,19.602269184104394,0.14497068268462243,TRUE,Artemisia tridentata,161.51339721679688,0,0.5027734526355574,14,9,0.7857142857142857,medium,Artemisia tridentata,5.200181761750202,58.56793905952647,TRUE,5.200181761750202,522,215,350,296
343700.5,4294080.5,ALMO,S22,21.29702664784264,S14,22.533441741449664,1.2364150936070253,TRUE,S22,162.42648315429688,0,0.4019328974312368,17,163,0.8823529411764706,medium,"Sagebrush park with very heavy cured litter (NPV 41%) and low forb cover (pussytoes, woolly cinquefoil); mostly 2026 plots.",5.165287669449953,49.595630609277755,TRUE,5.165287669449953,332,683,355,301
351934.5,4311602.5,UPTA,S11,20.55369090077131,S14,21.90996166636908,1.3562707655977668,TRUE,S15,166.073486328125,0,0.6231021183498542,16,26,0.6875,medium,"Subalpine wet sedge meadow (Carex aquatilis, C. saxatilis) with timothy and tufted hairgrass suggesting historically irrigated/hay-influenced sites.",5.138422725192828,69.27420601737917,TRUE,5.138422725192828,383,536,359,305
339328.5,4281938.5,ALMO,S24.b,20.29651742070836,S24.a,20.643134921031244,0.34661750032288197,TRUE,S24.a,90.11359405517578,0,0.3037821853888,16,103,0.875,medium,"Driest, earliest-melt steppe with bitterbrush, rabbitbrush, plains pricklypear and soapweed yucca; 2026-only lowest-elevation class.",5.07412935517709,40.86265148920096,TRUE,5.07412935517709,403,536,370,316
348898.5,4291788.5,ALMO,S24.a,20.28639547637467,S24.b,20.394285894560188,0.10789041818551937,TRUE,S24.a,119.18121337890624,0,0.3148934213986305,16,103,0.875,medium,"Driest, earliest-melt steppe with bitterbrush, rabbitbrush, plains pricklypear and soapweed yucca; 2026-only lowest-elevation class.",5.071598869093667,41.85127592251267,TRUE,5.071598869093667,404,536,371,317
352841.5,4309659.5,UPTA,S11,20.35741577465752,S10.a,20.993984271234787,0.6365684965772651,TRUE,S23,161.60491943359375,0,0.759691567928138,18,44,1,medium,"Forb-rich subalpine turf (unnamed forbs ~31%) with meadow pussytoes, pale agoseris and dwarf bilberry; 2025/2026-only.",4.7982889138981095,81.42727945279344,TRUE,4.7982889138981095,396,846,467,413
357430.5,4310722.5,UPTA,S11,18.937702974647408,S14,19.594687444436673,0.6569844697892648,TRUE,S15,143.25111389160156,0,0.7061260488715161,16,26,0.6875,medium,"Subalpine wet sedge meadow (Carex aquatilis, C. saxatilis) with timothy and tufted hairgrass suggesting historically irrigated/hay-influenced sites.",4.734425743661852,76.66127674386455,TRUE,4.734425743661852,604,536,498,444
318091.5,4304308.5,CRBU,S21,19.191637479978866,S23,22.55136563118418,3.3597281512053137,TRUE,S23,150.6405792236328,0,0.673292671464646,18,44,1,medium,"Forb-rich subalpine turf (unnamed forbs ~31%) with meadow pussytoes, pale agoseris and dwarf bilberry; 2025/2026-only.",4.52351233472232,73.73992046056193,TRUE,4.52351233472232,548,846,608,554
355001.5,4308146.5,UPTA,S11,17.30197713323762,S14,18.44059612992064,1.1386189966830216,TRUE,S15,162.59007263183594,0,0.6621186037458339,16,26,0.6875,medium,"Subalpine wet sedge meadow (Carex aquatilis, C. saxatilis) with timothy and tufted hairgrass suggesting historically irrigated/hay-influenced sites.",4.325494283309405,72.74570556345024,TRUE,4.325494283309405,1114,536,745,691
318193.5,4310869.5,CRBU,S21,17.020198206213898,S15,20.422932905179895,3.402734698965997,TRUE,S15,163.10650634765625,0,0.7163361569841196,16,26,0.6875,medium,"Subalpine wet sedge meadow (Carex aquatilis, C. saxatilis) with timothy and tufted hairgrass suggesting historically irrigated/hay-influenced sites.",4.2550495515534745,77.56972314334192,TRUE,4.2550495515534745,1233,536,788,734
354166.5,4321224.5,UPTA,S23,15.11385688414748,S14,17.463126954371152,2.349270070223671,TRUE,S23,161.22361755371094,0,0.6840765432145146,18,44,1,medium,"Forb-rich subalpine turf (unnamed forbs ~31%) with meadow pussytoes, pale agoseris and dwarf bilberry; 2025/2026-only.",3.5623702308878897,74.69941759375105,TRUE,3.5623702308878897,1970,846,1298,1244
347061.5,4285188.5,ALMO,S21,20.625716646719155,S25,22.54636236930404,1.9206457225848863,TRUE,M03,102.59156799316406,0,0.5308715634409255,34,110,0.5294117647058824,medium,"Big sagebrush (22-39%) over Thurber fescue - the Artemisia tridentata ssp. vaseyana / Festuca thurberi shrubland, merged across its montane spectral facies.",3.5372812224626267,61.06797405540903,TRUE,3.5372812224626267,375,3218,1326,1272
362238.5,4310533.5,UPTA,S21,19.940597693498027,Artemisia tridentata,20.517050132851544,0.5764524393535169,TRUE,M03,123.5045166015625,0,0.4535451085036814,34,110,0.5294117647058824,medium,"Big sagebrush (22-39%) over Thurber fescue - the Artemisia tridentata ssp. vaseyana / Festuca thurberi shrubland, merged across its montane spectral facies.",3.4197842913308865,54.18783735192245,TRUE,3.4197842913308865,444,3218,1436,1382
354238.5,4321338.5,UPTA,S23,14.05035021648139,S21,16.064925858855755,2.014575642374366,TRUE,S23,165.50567626953125,0,0.7262832054634705,18,44,1,medium,"Forb-rich subalpine turf (unnamed forbs ~31%) with meadow pussytoes, pale agoseris and dwarf bilberry; 2025/2026-only.",3.3116993053732893,78.45476375964438,TRUE,3.3116993053732893,2363,846,1540,1486
347217.5,4281068.5,ALMO,Artemisia tridentata,12.182734420307144,Lonicera involucrata,12.402389382160855,0.2196549618537116,TRUE,Artemisia tridentata,119.2509994506836,0,0.7046759196210828,14,9,0.7857142857142857,medium,Artemisia tridentata,3.2559727310605266,76.5322512054663,TRUE,3.2559727310605266,2976,215,1596,1542
333202.5,4312461.5,CRBU,S21,13.752475805137442,S23,15.54766504198639,1.7951892368489482,TRUE,S23,151.33375549316406,0,0.7574497156630244,18,44,1,medium,"Forb-rich subalpine turf (unnamed forbs ~31%) with meadow pussytoes, pale agoseris and dwarf bilberry; 2025/2026-only.",3.241489633305537,81.22781020173933,TRUE,3.241489633305537,2460,846,1610,1556
325754.5,4307482.5,CRBU,S21,18.533920984342085,M03,21.604930532252176,3.0710095479100907,TRUE,M03,132.1944122314453,0,0.5984263719177013,34,110,0.5294117647058824,medium,"Big sagebrush (22-39%) over Thurber fescue - the Artemisia tridentata ssp. vaseyana / Festuca thurberi shrubland, merged across its montane spectral facies.",3.1785412259577224,67.07867657209985,TRUE,3.1785412259577224,690,3218,1688,1634
361733.5,4309050.5,UPTA,S04.a,18.424779279256978,M03,18.58209447207659,0.15731519281962036,TRUE,M03,134.00027465820312,0,0.4161831082852103,34,110,0.5294117647058824,medium,"Big sagebrush (22-39%) over Thurber fescue - the Artemisia tridentata ssp. vaseyana / Festuca thurberi shrubland, merged across its montane spectral facies.",3.1598235779555854,50.86354595349489,TRUE,3.1598235779555854,721,3218,1709,1655
342853.5,4281266.5,ALMO,M03,17.890250175531932,S24.b,18.062551323619747,0.17230114808781494,TRUE,M03,115.74470520019533,0,0.426129654991622,34,110,0.5294117647058824,medium,"Big sagebrush (22-39%) over Thurber fescue - the Artemisia tridentata ssp. vaseyana / Festuca thurberi shrubland, merged across its montane spectral facies.",3.0681525929492466,51.7485419244503,TRUE,3.0681525929492466,899,3218,1830,1776
346505.5,4282260.5,ALMO,S22,17.73258056959247,M03,18.125616125848257,0.3930355562557857,TRUE,M03,111.75211334228516,0,0.35675054342018425,34,110,0.5294117647058824,medium,"Big sagebrush (22-39%) over Thurber fescue - the Artemisia tridentata ssp. vaseyana / Festuca thurberi shrubland, merged across its montane spectral facies.",3.041112478610652,45.57552167717098,TRUE,3.041112478610652,953,3218,1869,1815
350853.5,4282407.5,ALMO,S24.b,17.609351291495535,S22,17.72545265811042,0.11610136661488468,TRUE,M03,114.10489654541016,0,0.46171489911855174,34,110,0.5294117647058824,medium,"Big sagebrush (22-39%) over Thurber fescue - the Artemisia tridentata ssp. vaseyana / Festuca thurberi shrubland, merged across its montane spectral facies.",3.0199788317688947,54.91474609634617,TRUE,3.0199788317688947,991,3218,1897,1843
346535.5,4282521.5,ALMO,S22,17.348246605471097,M03,17.40385593561371,0.05560933014261238,TRUE,M03,110.32763671875,0,0.409321985042768,34,110,0.5294117647058824,medium,"Big sagebrush (22-39%) over Thurber fescue - the Artemisia tridentata ssp. vaseyana / Festuca thurberi shrubland, merged across its montane spectral facies.",2.9751997475416245,50.25307614874588,TRUE,2.9751997475416245,1098,3218,1962,1908
352256.5,4319617.5,UPTA,M02,11.817166620701324,Ligusticum porteri,11.946402932753063,0.12923631205174146,TRUE,S23,143.1021270751953,0,0.559454166684209,18,44,1,medium,"Forb-rich subalpine turf (unnamed forbs ~31%) with meadow pussytoes, pale agoseris and dwarf bilberry; 2025/2026-only.",2.7853328839697418,63.61111686229068,TRUE,2.7853328839697418,3103,846,2198,2144
320913.5,4316974.5,CRBU,M01,11.530032748109672,S09.a,11.654747501620976,0.12471475351130223,TRUE,S23,149.89450073242188,0,0.6725833047510046,18,44,1,medium,"Forb-rich subalpine turf (unnamed forbs ~31%) with meadow pussytoes, pale agoseris and dwarf bilberry; 2025/2026-only.",2.7176547811637715,73.67680441616656,TRUE,2.7176547811637715,3197,846,2280,2226
343325.5,4295170.5,ALMO,S14,11.377921187662574,S19,11.798647132450007,0.42072594478743497,TRUE,S23,154.25177001953125,0,0.5866973740306739,18,44,1,medium,"Forb-rich subalpine turf (unnamed forbs ~31%) with meadow pussytoes, pale agoseris and dwarf bilberry; 2025/2026-only.",2.681801742534101,66.03508665292995,TRUE,2.681801742534101,3243,846,2321,2267
349019.5,4318284.5,UPTA,Salix planifolia,13.805838975147768,Betula glandulosa,13.88783277242261,0.08199379727484235,TRUE,Salix planifolia,159.3384246826172,0,0.893233574603171,28,8,0.5,medium,Salix planifolia,2.6090583263459877,93.30920604994324,TRUE,2.6090583263459877,2445,2416,2396,2342
320817.5,4324968.5,CRBU,Sambucus racemosa,10.591219081913918,S04.a,11.141794529976927,0.550575448063011,TRUE,Sambucus racemosa,160.98207092285156,0,0.8290443330339354,19,7,0.5789473684210527,medium,Sambucus racemosa,2.429792298261179,87.59795551805375,TRUE,2.429792298261179,3518,893,2585,2531
359538.5,4313311.5,UPTA,S10.a,13.259951080923456,S10.b,13.326563086212838,0.06661200528938238,TRUE,S10.a,125.70660400390624,0,0.638748153635044,30,234,0.5333333333333333,medium,Mesic montane meadow with snowberry (13%) and shrubby cinquefoil over mixed forbs and dandelion.,2.4209247728122625,70.66631511790683,TRUE,2.4209247728122625,2609,2424,2593,2539
327070.5,4319584.5,CRBU,Lonicera involucrata,10.218736017746998,Sambucus racemosa,10.518765165540463,0.3000291477934649,TRUE,Sambucus racemosa,146.53855895996094,0,0.8593869273243854,19,7,0.5789473684210527,medium,Sambucus racemosa,2.344338822740969,90.2976938783103,TRUE,2.344338822740969,3630,893,2666,2612
360670.5,4313947.5,UPTA,S10.a,12.830738917711471,S10.b,12.87767031563754,0.04693139792606793,TRUE,S10.a,132.99676513671875,0,0.6992846061652627,30,234,0.5333333333333333,medium,Mesic montane meadow with snowberry (13%) and shrubby cinquefoil over mixed forbs and dandelion.,2.3425617115633313,76.05255801873618,TRUE,2.3425617115633313,2758,2424,2667,2613
355496.5,4314026.5,UPTA,S10.b,12.58999064731522,S10.a,12.60235412347446,0.01236347615923882,TRUE,S10.a,130.21539306640625,0,0.7327900649213405,30,234,0.5333333333333333,medium,Mesic montane meadow with snowberry (13%) and shrubby cinquefoil over mixed forbs and dandelion.,2.298607292104538,79.03371287371992,TRUE,2.298607292104538,2846,2424,2714,2660
321487.5,4325566.5,CRBU,S09.a,9.746613742018871,M02,10.068176165486983,0.32156242346811226,TRUE,S09.a,162.27285766601562,0,0.7642739859175011,19,59,0.7368421052631579,medium,"Mesic subalpine meadow of Lathyrus lanszwertii, Potentilla pulcherrima and sulphur paintbrush.",2.2360265443781615,81.83500100455632,TRUE,2.2360265443781615,3771,893,2780,2726
352541.5,4317140.5,UPTA,S10.a,12.216238247525556,S10.c,12.299735121646345,0.08349687412078666,TRUE,S10.a,133.91171264648438,0,0.7324863115226403,30,234,0.5333333333333333,medium,Mesic montane meadow with snowberry (13%) and shrubby cinquefoil over mixed forbs and dandelion.,2.230369752009042,79.00668635467284,TRUE,2.230369752009042,2965,2424,2784,2730
357961.5,4312410.5,UPTA,Salix wolfii,11.817946634054293,Betula glandulosa,11.958963724058298,0.14101709000400753,TRUE,S10.a,139.36917114257812,0,0.7626633169542721,30,234,0.5333333333333333,medium,Mesic montane meadow with snowberry (13%) and shrubby cinquefoil over mixed forbs and dandelion.,2.1576519849545956,81.69169141329067,TRUE,2.1576519849545956,3102,2424,2862,2808
332472.5,4314947.5,CRBU,S07,9.00640453003201,Sambucus racemosa,9.131475999689512,0.12507146965750238,TRUE,Ribes sp.,174.36968994140625,0,0.7478501390904307,18,3,0.5555555555555556,medium,Ribes sp.,2.1228299057649584,80.37368596743126,TRUE,2.1228299057649584,3996,846,2910,2856
326880.5,4316659.5,CRBU,Osmorhiza occidentalis,9.251961810368128,S09.a,9.296252123023384,0.04429031265525474,TRUE,S09.a,142.05653381347656,0,0.8281372930488248,19,59,0.7368421052631579,medium,"Mesic subalpine meadow of Lathyrus lanszwertii, Potentilla pulcherrima and sulphur paintbrush.",2.122545608468015,87.51725145502442,TRUE,2.122545608468015,3930,893,2911,2857
328409.5,4319884.5,CRBU,S09.a,9.2451138685072891,M02,9.628084719270896,0.3829708507636056,TRUE,S09.a,169.720458984375,0,0.7296192929320342,19,59,0.7368421052631579,medium,"Mesic subalpine meadow of Lathyrus lanszwertii, Potentilla pulcherrima and sulphur paintbrush.",2.1209745828605078,78.75159280550113,TRUE,2.1209745828605078,3932,893,2914,2860
327037.5,4306938.5,CRBU,S10.b,11.34417641766482,S10.a,11.423238037708352,0.07906162004353234,TRUE,S10.a,122.9775619506836,0.20900000631809235,0.6456776236660761,30,234,0.5333333333333333,medium,Mesic montane meadow with snowberry (13%) and shrubby cinquefoil over mixed forbs and dandelion.,2.0711537734243892,71.28286609176057,TRUE,2.0711537734243892,3259,2424,2974,2920
356916.5,4312815.5,UPTA,S10.a,11.317270952659875,S10.b,11.37480438220662,0.05753342954674245,TRUE,S10.a,130.4033203125,0,0.7135604040944752,30,234,0.5333333333333333,medium,Mesic montane meadow with snowberry (13%) and shrubby cinquefoil over mixed forbs and dandelion.,2.066241530056598,77.32274997806039,TRUE,2.066241530056598,3269,2424,2981,2927
329469.5,4309110.5,CRBU,Corydalis caseana,11.165016897721706,S11,11.312967429512751,0.14795053179104656,TRUE,S10.a,134.41598510742188,0,0.7352573281829122,30,234,0.5333333333333333,medium,Mesic montane meadow with snowberry (13%) and shrubby cinquefoil over mixed forbs and dandelion.,2.038443869936176,79.25323811300422,TRUE,2.038443869936176,3320,2424,3013,2959
342076.5,4284566.5,ALMO,S26,11.1247314817311,S10.b,11.737278071369984,0.6125465896388853,TRUE,S10.a,103.8384780883789,0,0.7610164419151267,30,234,0.5333333333333333,medium,Mesic montane meadow with snowberry (13%) and shrubby cinquefoil over mixed forbs and dandelion.,2.0310887929106647,81.5451603792212,TRUE,2.0310887929106647,3332,2424,3024,2970
354832.5,4314668.5,UPTA,S10.a,11.122931857916113,S10.b,11.311119294890249,0.18818743697413431,TRUE,S10.a,133.07740783691406,0,0.7468385846362714,30,234,0.5333333333333333,medium,Mesic montane meadow with snowberry (13%) and shrubby cinquefoil over mixed forbs and dandelion.,2.030760228057834,80.28368270873686,TRUE,2.030760228057834,3333,2424,3025,2971
326088.5,4320962.5,CRBU,M02,8.543281968684196,Sambucus racemosa,8.718209110568022,0.17492714188382583,TRUE,Sambucus racemosa,166.6509246826172,0,0.8210286985807772,19,7,0.5789473684210527,medium,Sambucus racemosa,1.9599633025088223,86.88476284877048,TRUE,1.9599633025088223,4119,893,3117,3063
350034.5,4323155.5,UPTA,Salix planifolia,10.31117035746977,Salix other,10.325363475183964,0.01419311771419451,TRUE,Salix planifolia,165.14157104492188,0,0.7384869364498104,28,8,0.5,medium,Salix planifolia,1.9486280351347132,79.54059315072065,TRUE,1.9486280351347132,3604,2416,3131,3077
322265.5,4322098.5,CRBU,S09.a,8.36876827505657,S10.a,8.995783142805196,0.6270148677486258,TRUE,S09.a,158.90220642089844,0,0.8703707620292201,19,59,0.7368421052631579,medium,"Mesic subalpine meadow of Lathyrus lanszwertii, Potentilla pulcherrima and sulphur paintbrush.",1.9199271154147783,91.27498275517777,TRUE,1.9199271154147783,4177,893,3152,3098
324988.5,4321476.5,CRBU,S09.a,8.368191696918611,Osmorhiza occidentalis,8.672759491616404,0.3045677946977925,TRUE,Sambucus racemosa,167.41842651367188,0,0.8113560853858112,19,7,0.5789473684210527,medium,Sambucus racemosa,1.9197948393181246,86.02414016646435,TRUE,1.9197948393181246,4178,893,3153,3099
319424.5,4301380.5,CRBU,Sambucus racemosa,8.316865669186821,Caltha leptosepala,8.389401757445258,0.07253608825843649,TRUE,Sambucus racemosa,169.444091796875,0,0.8863121414856643,19,7,0.5789473684210527,medium,Sambucus racemosa,1.9080198409993752,92.69337016206848,TRUE,1.9080198409993752,4195,893,3169,3115
321517.5,4315548.5,CRBU,S09.a,8.209474996585168,Lonicera involucrata,8.322643283150963,0.11316828656579504,TRUE,S09.a,151.1973114013672,0,0.8174523194519576,19,59,0.7368421052631579,medium,"Mesic subalpine meadow of Lathyrus lanszwertii, Potentilla pulcherrima and sulphur paintbrush.",1.8833827310336138,86.56655380466333,TRUE,1.8833827310336138,4242,893,3211,3157
321808.5,4324095.5,CRBU,S09.a,8.000894882308247,M02,8.047814891367643,0.04692000905939686,TRUE,S09.a,167.71835327148438,0,0.8192015068596362,19,59,0.7368421052631579,medium,"Mesic subalpine meadow of Lathyrus lanszwertii, Potentilla pulcherrima and sulphur paintbrush.",1.835531171045968,86.72218810206662,TRUE,1.835531171045968,4304,893,3280,3226
318997.5,4309776.5,CRBU,S09.a,7.824134433718198,Ligusticum porteri,8.469843287288779,0.6457088535705804,TRUE,S09.a,164.46058654785156,0,0.8240904174229533,19,59,0.7368421052631579,medium,"Mesic subalpine meadow of Lathyrus lanszwertii, Potentilla pulcherrima and sulphur paintbrush.",1.7949795430133924,87.15717989153944,TRUE,1.7949795430133924,4358,893,3321,3267
323616.5,4323086.5,CRBU,S09.a,7.823856236521028,S07,8.009221406642165,0.1853651701211376,TRUE,S09.a,165.24942016601562,0,0.828632435988809,19,59,0.7368421052631579,medium,"Mesic subalpine meadow of Lathyrus lanszwertii, Potentilla pulcherrima and sulphur paintbrush.",1.794915720199243,87.5613068965628,TRUE,1.794915720199243,4359,893,3322,3268
326571.5,4317233.5,CRBU,Sambucus racemosa,7.816428725616582,S09.a,7.9792313341807635,0.16280260856418138,TRUE,Sambucus racemosa,140.70144653320312,0,0.7604422658610432,19,7,0.5789473684210527,medium,Sambucus racemosa,1.7932117323342678,81.49407295064104,TRUE,1.7932117323342678,4363,893,3327,3273
351397.5,4322296.5,UPTA,Salix planifolia,9.33480997365319,Salix other,9.574633136540154,0.2398231628869638,TRUE,Salix planifolia,155.78726196289062,0.6460000276565552,0.8371102758420124,28,8,0.5,medium,Salix planifolia,1.764113266166553,88.31562438321913,TRUE,1.764113266166553,3897,2416,3353,3299
318961.5,4309746.5,CRBU,S09.a,7.570318488785315,S07,8.24820470814257,0.677886219357255,TRUE,S09.a,169.80503845214844,0,0.824283295915731,19,59,0.7368421052631579,medium,"Mesic subalpine meadow of Lathyrus lanszwertii, Potentilla pulcherrima and sulphur paintbrush.",1.736750171738565,87.17434129378594,TRUE,1.736750171738565,4444,893,3383,3329
322343.5,4324473.5,CRBU,S09.a,7.568885791791431,Sambucus racemosa,7.6122337801682685,0.04334798837683706,TRUE,S09.a,168.76187133789062,0,0.8059568241504619,19,59,0.7368421052631579,medium,"Mesic subalpine meadow of Lathyrus lanszwertii, Potentilla pulcherrima and sulphur paintbrush.",1.736421488506299,85.54373982447031,TRUE,1.736421488506299,4447,893,3385,3331
319370.5,4310674.5,CRBU,Salix boothii,9.499096210871237,Salix other,9.603968996125646,0.10487278525440936,TRUE,Salix boothii,165.36561584472656,0.8519999980926514,0.7496864222900836,30,15,0.4,medium,Salix boothii,1.7342897568686755,80.53706963024342,TRUE,1.7342897568686755,3846,2424,3390,3336
322076.5,4312746.5,CRBU,S09.a,6.846549361599703,Ligusticum porteri,6.9450693236191565,0.0985199620194539,FALSE,Sambucus racemosa,140.24237060546875,0,0.8868303769307261,19,7,0.5789473684210527,medium,Sambucus racemosa,1.5707061462724219,92.7394802638378,TRUE,1.5707061462724219,4664,893,3668,3614
322139.5,4325119.5,CRBU,Sambucus racemosa,8.165962178904817,S09.a,8.191477320919644,0.02551514201482696,TRUE,Salix planifolia,168.92674255371094,0,0.7889703524094498,28,8,0.5,medium,Salix planifolia,1.54322179578152,84.03236512375601,TRUE,1.54322179578152,4252,2416,3722,3668
352796.5,4319812.5,UPTA,Salix planifolia,7.053495472945438,S10.c,7.087750987885046,0.03425551493960821,TRUE,Salix planifolia,151.79734802246094,0,0.8620084451855334,28,8,0.5,medium,Salix planifolia,1.3329853496523962,90.53094395126357,TRUE,1.3329853496523962,4602,2416,4097,4043
348052.5,4318398.5,UPTA,Salix other,6.687713599395699,Salix planifolia,6.83547312007471,0.14775952067901077,FALSE,Salix boothii,166.48248291015625,0.5630000233650208,0.927117391952534,30,15,0.4,medium,Salix boothii,1.2210038655076974,96.32402543599663,TRUE,1.2210038655076974,4706,2424,4311,4257
351685.5,4311911.5,UPTA,S23,227.0425234312144,S21,227.50293257145145,0.4604091402370045,TRUE,Juniperus sp.,157.16360473632812,0,0.22655131415442453,22,81,0.8181818181818182,ok,Juniperus sp.,48.40562863872037,33.991019364682785,TRUE,48.40562863872037,2,1255,2,1
338940.5,4286389.5,ALMO,S11,91.51778409872948,Veratrum tenuipetalum,91.62625994406388,0.10847584533439658,TRUE,S11,100.72671508789062,0,0.3669121412632813,30,105,0.8,ok,"Mule's-ears-dominated (22%) montane swale meadow with curlyhead goldenweed and wet-indicator inclusions (elephant's-head, marsh-marigold).",16.708784921253912,46.47965186577334,TRUE,16.708784921253912,41,2424,45,8
319274.5,4312626.5,CRBU,S21,76.4157855865331,S17,78.24861438215216,1.8328287956190508,TRUE,S12,172.39871215820312,0,0.4604322157608692,25,770,0.92,ok,"Sparse subalpine forb cover on rocky ground (36% bare): hairy false goldenaster, silvery lupine and Arnica.",15.28315711730662,54.80061908955005,TRUE,15.28315711730662,45,1604,49,10
323436.5,4315839.5,CRBU,S21,70.12515061572785,S23,73.14493884370972,3.019788227981877,TRUE,Juniperus sp.,164.2001495361328,0,0.5443254171132924,22,81,0.8181818181818182,ok,Juniperus sp.,14.950732345818253,62.26503336104657,TRUE,14.950732345818253,46,1255,50,11
348088.5,4316986.5,UPTA,S03,68.4935544228552,Veratrum tenuipetalum,68.62783994126895,0.1342855184137477,TRUE,Juniperus sp.,153.9111328125,0,0.5498794960001891,22,81,0.8181818181818182,ok,Juniperus sp.,14.602874868694718,62.759208634370694,TRUE,14.602874868694718,47,1255,52,13
326790.5,4318290.5,CRBU,S21,59.18454429637896,S15,62.99618670427698,3.81164240789802,TRUE,Juniperus sp.,147.82138061523438,0,0.8343242759912614,22,81,0.8181818181818182,ok,Juniperus sp.,12.618187241168352,88.06773949253564,TRUE,12.618187241168352,54,1255,59,20
323358.5,4315842.5,CRBU,S21,60.42489580087139,S23,63.20334138034008,2.778445579468688,TRUE,S07,168.26148986816406,0,1.0053777428420092,24,40,0.7083333333333334,ok,"Late-melt (DOY ~170) alpine wet forb turf: Rhodiola (Tolmachevia) integrifolia, marsh-marigold, Senecio triangularis and queen's crown; 2018-alpine sampled.",12.3341802060814,100,TRUE,12.3341802060814,52,1369,62,23
347421.5,4286671.5,ALMO,S21,52.661878979220305,S25,56.74091274988301,4.079033770662704,TRUE,S25,105.9296646118164,0,0.46478598047764613,21,269,0.7619047619047619,ok,"Low-elevation mixed shrub-steppe: sagebrush, bitterbrush, wax currant and horsebrush over a third bare ground.",11.491764126708611,55.187996170919575,TRUE,11.491764126708611,58,986,69,29
321907.5,4317719.5,CRBU,S12,51.23415441711099,Salix boothii,51.494948220768094,0.26079380365710136,TRUE,Juniperus sp.,180.26318359375,0,0.16631325258727916,22,81,0.8181818181818182,ok,Juniperus sp.,10.923158423602025,28.631325859124384,TRUE,10.923158423602025,61,1255,71,31
351781.5,4314716.5,UPTA,S21,47.649912423525784,S15,51.70096218318502,4.051049759659236,TRUE,S12,151.6064453125,0,0.3900324387790102,25,770,0.92,ok,"Sparse subalpine forb cover on rocky ground (36% bare): hairy false goldenaster, silvery lupine and Arnica.",9.529982484705156,48.536784934431324,TRUE,9.529982484705156,65,1604,82,41
348328.5,4313257.5,UPTA,S13.b,47.62457121408275,S12,48.243746333721,0.6191751196382498,TRUE,S12,172.2284393310547,0,0.15382743873190038,25,770,0.92,ok,"Sparse subalpine forb cover on rocky ground (36% bare): hairy false goldenaster, silvery lupine and Arnica.",9.52491424281655,27.520398088686566,TRUE,9.52491424281655,66,1604,83,42
326031.5,4323596.5,CRBU,S12,63.017410800685774,S25,63.02623203277406,0.00882123208828744,TRUE,Salix wolfii,179.1516876220703,0,0.15245749831068814,46,47,0.717391304347826,ok,Salix wolfii,9.291410320269852,27.398507367312856,TRUE,9.291410320269852,49,3739,87,46
322226.5,4307179.5,CRBU,S21,43.368520950927135,S23,46.59626809125709,3.227747140329953,TRUE,Juniperus sp.,165.2478790283203,0,0.774193551871923,22,81,0.8181818181818182,ok,Juniperus sp.,9.246199734020964,82.71759635773864,TRUE,9.246199734020964,76,1255,88,47
323313.5,4315713.5,CRBU,S21,42.39099101810571,S23,44.94079937542232,2.549808357316607,TRUE,S07,164.95335388183594,0,0.8446128053324471,24,40,0.7083333333333334,ok,"Late-melt (DOY ~170) alpine wet forb turf: Rhodiola (Tolmachevia) integrifolia, marsh-marigold, Senecio triangularis and queen's crown; 2018-alpine sampled.",8.653024807105314,88.98316343641926,TRUE,8.653024807105314,78,1369,94,53
349241.5,4320257.5,UPTA,S21,41.252494957490306,S15,44.01209065260662,2.7595956951163103,TRUE,S05.a,153.72024536132812,0,0.4531872649879312,24,195,0.7916666666666666,ok,"Dry montane park with silver sagebrush (Artemisia cana), sedges and sulphur buckwheat over heavy litter (NPV ~30%).",8.420630271882274,54.15599815395565,TRUE,8.420630271882274,86,1369,96,54
321934.5,4315563.5,CRBU,S21,38.8991492918351,S23,42.83282147442545,3.9336721825903496,TRUE,Juniperus sp.,154.4735565185547,0,0.7324342396841065,22,81,0.8181818181818182,ok,Juniperus sp.,8.293326494643079,79.00205325248542,TRUE,8.293326494643079,95,1255,99,56
353178.5,4323659.5,UPTA,S21,43.766867500595616,S23,47.49479536328555,3.7279278626899313,TRUE,S11,159.60714721679688,0,0.8390441610324834,30,105,0.8,ok,"Mule's-ears-dominated (22%) montane swale meadow with curlyhead goldenweed and wet-indicator inclusions (elephant's-head, marsh-marigold).",7.99070020047199,88.48769220257134,TRUE,7.99070020047199,75,2424,107,62
323658.5,4317431.5,CRBU,S21,39.77757774174876,S23,43.04845762827657,3.2708798865278155,TRUE,S12,180.7664031982422,0,0.35606452778206005,25,770,0.92,ok,"Sparse subalpine forb cover on rocky ground (36% bare): hairy false goldenaster, silvery lupine and Arnica.",7.9555155483497515,45.51448329936284,TRUE,7.9555155483497515,91,1604,109,63
347361.5,4319656.5,UPTA,S21,39.76969694776853,S23,43.424763786015646,3.655066838247116,TRUE,S12,164.0389404296875,0,0.5583713568761539,25,770,0.92,ok,"Sparse subalpine forb cover on rocky ground (36% bare): hairy false goldenaster, silvery lupine and Arnica.",7.953939389553706,63.51477364431513,TRUE,7.953939389553706,92,1604,110,64
348370.5,4313287.5,UPTA,S13.b,39.424095455737984,S12,39.516696183184486,0.09260072744650216,TRUE,S12,170.7434539794922,0,0.18171937027179377,25,770,0.92,ok,"Sparse subalpine forb cover on rocky ground (36% bare): hairy false goldenaster, silvery lupine and Arnica.",7.884819091147596,30.002088243427224,TRUE,7.884819091147596,94,1604,113,67
356085.5,4318032.5,UPTA,S21,38.276075290486446,S15,40.98605928646197,2.709983995975527,TRUE,S05.a,150.21270751953125,0,0.5145613571862588,24,195,0.7916666666666666,ok,"Dry montane park with silver sagebrush (Artemisia cana), sedges and sulphur buckwheat over heavy litter (NPV ~30%).",7.813071151503601,59.61677021080966,TRUE,7.813071151503601,96,1369,116,70
354841.5,4322191.5,UPTA,S20,34.66556150750757,S13.b,35.244030948492316,0.5784694409847475,TRUE,Juniperus sp.,152.9970245361328,0,0.14607804217540768,22,81,0.8181818181818182,ok,Juniperus sp.,7.390722546270088,26.83089398919735,TRUE,7.390722546270088,108,1255,122,76
316967.5,4302560.5,CRBU,S21,39.665317328105466,S23,43.35214693679749,3.6868296086920225,TRUE,S11,154.90647888183594,0,0.8942758950490273,30,105,0.8,ok,"Mule's-ears-dominated (22%) montane swale meadow with curlyhead goldenweed and wet-indicator inclusions (elephant's-head, marsh-marigold).",7.24186301706797,93.40194671886633,TRUE,7.24186301706797,93,2424,125,79
342748.5,4296947.5,ALMO,S13.b,32.82009059057686,S25,32.823033024486485,0.00294243390962378,TRUE,S25,164.13180541992188,0,0.18754674788375936,21,269,0.7619047619047619,ok,"Low-elevation mixed shrub-steppe: sagebrush, bitterbrush, wax currant and horsebrush over a third bare ground.",7.161930926029828,30.520580325156548,TRUE,7.161930926029828,118,986,126,80
324208.5,4314914.5,CRBU,S21,32.831912084034265,S23,36.55226946740559,3.720357383371322,TRUE,S03,147.0498046875,0,0.8123337202368112,22,33,0.6363636363636364,ok,"Classic subalpine tall-forb community: corn-lily with Mertensia ciliata, cow parsnip, Delphinium barbeyi and osha on wet-mesic slopes and swales.",6.999787175640527,86.11112542172313,TRUE,6.999787175640527,117,1255,128,82
320232.5,4323884.5,CRBU,S25,31.469608252372772,S24.a,31.75043738449749,0.28082913212471894,TRUE,S25,162.49395751953125,0,0.15387952049681516,21,269,0.7619047619047619,ok,"Low-elevation mixed shrub-steppe: sagebrush, bitterbrush, wax currant and horsebrush over a third bare ground.",6.867231519385962,27.525032074075696,TRUE,6.867231519385962,128,986,133,87
346166.5,4316999.5,UPTA,Ligusticum porteri,33.87846108622947,S07,33.93904147125477,0.06058038502529683,TRUE,S12,181.88543701171875,0,0.25605294093433284,25,770,0.92,ok,"Sparse subalpine forb cover on rocky ground (36% bare): hairy false goldenaster, silvery lupine and Arnica.",6.775692217245894,36.61593247347251,TRUE,6.775692217245894,110,1604,136,89
320034.5,4318920.5,CRBU,S12,31.52017256941193,S14,33.1864467506778,1.666274181265873,TRUE,Juniperus sp.,188.43112182617188,0,0.184962620800135,22,81,0.8181818181818182,ok,Juniperus sp.,6.720123371451085,30.290657104068153,TRUE,6.720123371451085,125,1255,140,93
331886.5,4314443.5,CRBU,S12,33.58208541779604,S24.a,34.40849181868022,0.8264064008841814,TRUE,S12,153.8782501220703,0,0.2702474149277247,25,770,0.92,ok,"Sparse subalpine forb cover on rocky ground (36% bare): hairy false goldenaster, silvery lupine and Arnica.",6.716417083559207,37.87888861943677,TRUE,6.716417083559207,112,1604,141,94
323442.5,4320383.5,CRBU,S21,33.07545046759918,S23,36.73422874403078,3.6587782764315975,TRUE,S12,175.10414123535156,0,0.5527288462126733,25,770,0.92,ok,"Sparse subalpine forb cover on rocky ground (36% bare): hairy false goldenaster, silvery lupine and Arnica.",6.615090093519837,63.01273013608585,TRUE,6.615090093519837,115,1604,143,96
328958.5,4317143.5,CRBU,S24.a,32.62982354138227,S12,32.83599457519822,0.2061710338159486,TRUE,S12,163.6488800048828,0,0.18187870017928623,25,770,0.92,ok,"Sparse subalpine forb cover on rocky ground (36% bare): hairy false goldenaster, silvery lupine and Arnica.",6.5259647082764545,30.01626465362722,TRUE,6.5259647082764545,119,1604,146,99
329727.5,4298845.5,CRBU,S12,29.881789038319127,S24.a,30.223352649740697,0.3415636114215701,TRUE,S25,153.0240020751953,0,0.13242961970924658,21,269,0.7619047619047619,ok,"Low-elevation mixed shrub-steppe: sagebrush, bitterbrush, wax currant and horsebrush over a third bare ground.",6.520740960419004,25.616522886444287,TRUE,6.520740960419004,140,986,147,100
343442.5,4296278.5,ALMO,S24.a,29.51746005437862,S14,29.857608903465177,0.3401488490865532,TRUE,S25,158.36390686035156,0,0.14838722535407234,21,269,0.7619047619047619,ok,"Low-elevation mixed shrub-steppe: sagebrush, bitterbrush, wax currant and horsebrush over a third bare ground.",6.441237858191684,27.03635402167263,TRUE,6.441237858191684,146,986,151,104
323334.5,4304224.5,CRBU,S24.a,29.207755927074665,S12,29.244480396089145,0.03672446901448012,TRUE,S25,135.5635528564453,0,0.15423855791861735,21,269,0.7619047619047619,ok,"Low-elevation mixed shrub-steppe: sagebrush, bitterbrush, wax currant and horsebrush over a third bare ground.",6.373654876934036,27.556977500070865,TRUE,6.373654876934036,151,986,155,107
325838.5,4316734.5,CRBU,S21,29.78258899085088,S23,33.83957231076267,4.05698331991179,TRUE,S03,150.43943786621094,0,0.8945729246218062,22,33,0.6363636363636364,ok,"Classic subalpine tall-forb community: corn-lily with Mertensia ciliata, cow parsnip, Delphinium barbeyi and osha on wet-mesic slopes and swales.",6.349669307774124,93.42837498416512,TRUE,6.349669307774124,142,1255,156,108
319784.5,4310830.5,CRBU,S21,34.6915313558209,S23,38.306075951699846,3.6145445958789466,TRUE,S11,149.429443359375,0,0.8590514348548303,30,105,0.8,ok,"Mule's-ears-dominated (22%) montane swale meadow with curlyhead goldenweed and wet-indicator inclusions (elephant's-head, marsh-marigold).",6.333778092660295,90.26784336912294,TRUE,6.333778092660295,107,2424,159,111
348793.5,4281221.5,ALMO,S21,40.80292188076356,S23,44.19338900250265,3.3904671217390856,TRUE,S04.b,118.47249603271484,0,0.7188886041464395,43,23,0.6976744186046512,ok,"Mixed dry-shrub matrix core: kinnikinnick, bitterbrush and balsamroot among sparse forbs and bare soil.",6.222387252209396,77.79682763713308,TRUE,6.222387252209396,87,3716,169,120
355994.5,4314788.5,UPTA,S21,33.63174428716592,S23,37.29483386416188,3.663089576995958,TRUE,S11,132.97488403320312,0,0.7573425553635705,30,105,0.8,ok,"Mule's-ears-dominated (22%) montane swale meadow with curlyhead goldenweed and wet-indicator inclusions (elephant's-head, marsh-marigold).",6.140288331442093,81.21827559278788,TRUE,6.140288331442093,111,2424,177,128
319451.5,4322794.5,CRBU,S24.a,27.745478396498942,S18,27.935213620603477,0.18973522410453111,TRUE,S25,179.91876220703125,0,0.25365118380031804,21,269,0.7619047619047619,ok,"Low-elevation mixed shrub-steppe: sagebrush, bitterbrush, wax currant and horsebrush over a third bare ground.",6.054559759272304,36.40223565491272,TRUE,6.054559759272304,164,986,189,139
331073.5,4308680.5,CRBU,S24.b,27.5380903527248,S25,27.62829231538868,0.0902019626638797,TRUE,S25,143.97994995117188,0,0.13657466060470994,21,269,0.7619047619047619,ok,"Low-elevation mixed shrub-steppe: sagebrush, bitterbrush, wax currant and horsebrush over a third bare ground.",6.009303977899742,25.985328724310193,TRUE,6.009303977899742,167,986,194,144
321676.5,4314323.5,CRBU,S21,28.073795034113072,S23,30.294546846580552,2.22075181246748,TRUE,S03,141.69964599609375,0,0.8512355297920946,22,33,0.6363636363636364,ok,"Classic subalpine tall-forb community: corn-lily with Mertensia ciliata, cow parsnip, Delphinium barbeyi and osha on wet-mesic slopes and swales.",5.985353212093486,89.57242166206633,TRUE,5.985353212093486,159,1255,197,147
325934.5,4313272.5,CRBU,S12,27.352953727587785,S08.a,27.76645882310002,0.4135050955122352,TRUE,Juniperus sp.,165.42893981933594,0,0.161308879317869,22,81,0.8181818181818182,ok,Juniperus sp.,5.831669329163581,28.186060752418545,TRUE,5.831669329163581,168,1255,223,170
322448.5,4307068.5,CRBU,S12,26.59426390714445,S20,26.958295564177444,0.36403165703299223,TRUE,S25,162.044189453125,0,0.18069511336092328,21,269,0.7619047619047619,ok,"Low-elevation mixed shrub-steppe: sagebrush, bitterbrush, wax currant and horsebrush over a third bare ground.",5.803344162196262,29.910954781121223,TRUE,5.803344162196262,179,986,230,177
322124.5,4312935.5,CRBU,S21,27.99841499574489,S23,32.30371018796673,4.305295192221838,TRUE,S07,147.79232788085938,0,0.9313453486477308,24,40,0.7083333333333334,ok,"Late-melt (DOY ~170) alpine wet forb turf: Rhodiola (Tolmachevia) integrifolia, marsh-marigold, Senecio triangularis and queen's crown; 2018-alpine sampled.",5.715152528855319,96.70020872363065,TRUE,5.715152528855319,161,1369,249,196
323691.5,4317557.5,CRBU,S21,27.649841788544048,S23,29.914200453524217,2.2643586649801684,TRUE,S07,172.9052276611328,0,0.9135163796144656,24,40,0.7083333333333334,ok,"Late-melt (DOY ~170) alpine wet forb turf: Rhodiola (Tolmachevia) integrifolia, marsh-marigold, Senecio triangularis and queen's crown; 2018-alpine sampled.",5.644000320884695,95.11387265881757,TRUE,5.644000320884695,165,1369,269,216
331733.5,4307377.5,CRBU,S12,25.847480602643103,S25,26.2485755180143,0.4010949153711927,TRUE,S25,147.65806579589844,0,0.1928983919583768,21,269,0.7619047619047619,ok,"Low-elevation mixed shrub-steppe: sagebrush, bitterbrush, wax currant and horsebrush over a third bare ground.",5.640382685024515,30.996743920806367,TRUE,5.640382685024515,185,986,270,217
322472.5,4313812.5,CRBU,S21,30.615914445077564,S23,34.171323218195255,3.5554087731176907,TRUE,S11,152.6392059326172,0,0.8764770256301292,30,105,0.8,ok,"Mule's-ears-dominated (22%) montane swale meadow with curlyhead goldenweed and wet-indicator inclusions (elephant's-head, marsh-marigold).",5.589675653405747,91.81828877322651,TRUE,5.589675653405747,132,2424,280,227
321586.5,4313674.5,CRBU,S21,29.787908162500543,S23,32.81880537098084,3.0308972084802974,TRUE,S11,132.73587036132812,0.4600000083446502,0.8669333404875481,30,105,0.8,ok,"Mule's-ears-dominated (22%) montane swale meadow with curlyhead goldenweed and wet-indicator inclusions (elephant's-head, marsh-marigold).",5.438503080497937,90.96913749001715,TRUE,5.438503080497937,141,2424,311,257
356196.5,4306572.5,UPTA,S21,29.368528867316247,S23,31.752566861039156,2.3840379937229095,TRUE,S11,151.92776489257812,0,0.768010081982687,30,105,0.8,ok,"Mule's-ears-dominated (22%) montane swale meadow with curlyhead goldenweed and wet-indicator inclusions (elephant's-head, marsh-marigold).",5.361935247123585,82.16742089483448,TRUE,5.361935247123585,148,2424,321,267
352244.5,4310986.5,UPTA,S21,35.876595493924455,S15,37.94769242781638,2.0710969338919227,TRUE,Salix wolfii,166.493408203125,0,0.8450797257536948,46,47,0.717391304347826,ok,Salix wolfii,5.28971541980219,89.02470777374134,TRUE,5.28971541980219,104,3739,334,280
326760.5,4322635.5,CRBU,S11,28.030180394151017,S15,29.31421433455588,1.2840339404048642,TRUE,S11,183.9929962158203,0,0.5308178318413482,30,105,0.8,ok,"Mule's-ears-dominated (22%) montane swale meadow with curlyhead goldenweed and wet-indicator inclusions (elephant's-head, marsh-marigold).",5.117587364271853,61.06319327565276,TRUE,5.117587364271853,160,2424,364,310
326286.5,4306743.5,CRBU,S21,24.544177247821622,S15,24.977545187175735,0.43336793935410967,TRUE,S05.a,132.96304321289062,0,0.6066047359325436,24,195,0.7916666666666666,ok,"Dry montane park with silver sagebrush (Artemisia cana), sedges and sulphur buckwheat over heavy litter (NPV ~30%).",5.01005920113261,67.8063481364908,TRUE,5.01005920113261,213,1369,381,327
323562.5,4314863.5,CRBU,S21,23.15389415608645,S23,26.04283352705464,2.8889393709681883,TRUE,S03,155.86036682128906,0,0.895350426321614,22,33,0.6363636363636364,ok,"Classic subalpine tall-forb community: corn-lily with Mertensia ciliata, cow parsnip, Delphinium barbeyi and osha on wet-mesic slopes and swales.",4.936426820499613,93.49755335250248,TRUE,4.936426820499613,259,1255,402,348
320091.5,4310977.5,CRBU,S21,25.43836316622979,S23,28.67046862250083,3.2321054562710394,TRUE,S11,147.98605346679688,0.01899999938905239,0.8231327316214998,30,105,0.8,ok,"Mule's-ears-dominated (22%) montane swale meadow with curlyhead goldenweed and wet-indicator inclusions (elephant's-head, marsh-marigold).",4.644388444050866,87.0719696069307,TRUE,4.644388444050866,194,2424,532,478
318877.5,4305797.5,CRBU,S21,31.474118836689264,S23,34.422489935160456,2.948371098471192,TRUE,Salix wolfii,164.62376403808594,0,0.9090207454508722,46,47,0.717391304347826,ok,Salix wolfii,4.6406056495331605,94.7138727152085,TRUE,4.6406056495331605,127,3739,535,481
345121.5,4283203.5,ALMO,S24.b,24.978712447611176,S24.a,25.380934994099437,0.40222254648826095,TRUE,S18,116.20316314697266,0,0.3549866959869913,30,373,0.9333333333333332,ok,"Earliest snow-free sagebrush steppe with rubber and yellow rabbitbrush, bitterbrush and Indian ricegrass; mostly 2025/2026 low-elevation plots.",4.560468088330573,45.41858300108257,TRUE,4.560468088330573,203,2424,581,527
342517.5,4296494.5,ALMO,S14,24.15186315302064,Corydalis caseana,25.16399189209347,1.0121287390728355,TRUE,S18,165.8083953857422,0,0.25262383654122156,30,373,0.9333333333333332,ok,"Earliest snow-free sagebrush steppe with rubber and yellow rabbitbrush, bitterbrush and Indian ricegrass; mostly 2025/2026 low-elevation plots.",4.409506751562416,36.31082722825884,TRUE,4.409506751562416,224,2424,682,628
328952.5,4302983.5,CRBU,S24.b,24.035355700957975,S22,24.056369106016582,0.02101340505860705,TRUE,S18,121.86627197265624,0,0.31584819757411936,30,373,0.9333333333333332,ok,"Earliest snow-free sagebrush steppe with rubber and yellow rabbitbrush, bitterbrush and Indian ricegrass; mostly 2025/2026 low-elevation plots.",4.388235498358359,41.93622732257267,TRUE,4.388235498358359,229,2424,697,643
321607.5,4313254.5,CRBU,S21,29.699661095427036,Salix planifolia,32.90012327145652,3.200462176029486,TRUE,Salix wolfii,139.10824584960938,0.1420000046491623,0.830347752454677,46,47,0.717391304347826,ok,Salix wolfii,4.378976129047257,87.71392752018366,TRUE,4.378976129047257,143,3739,704,650
342196.5,4296380.5,ALMO,S24.a,23.308181926956248,S24.b,23.56696657740707,0.25878465045082066,TRUE,S18,161.808349609375,0,0.252851856429548,30,373,0.9333333333333332,ok,"Earliest snow-free sagebrush steppe with rubber and yellow rabbitbrush, bitterbrush and Indian ricegrass; mostly 2025/2026 low-elevation plots.",4.255472338609389,36.33111534316172,TRUE,4.255472338609389,253,2424,787,733
342472.5,4296356.5,ALMO,S24.a,22.798924510220985,S14,22.952420363454824,0.15349585323383863,TRUE,S18,164.804443359375,0,0.2255021910666916,30,373,0.9333333333333332,ok,"Earliest snow-free sagebrush steppe with rubber and yellow rabbitbrush, bitterbrush and Indian ricegrass; mostly 2025/2026 low-elevation plots.",4.162495080368485,33.897673429346106,TRUE,4.162495080368485,273,2424,842,788
342433.5,4296407.5,ALMO,S24.a,22.68319046606983,S14,22.957178098357463,0.273987632287632,TRUE,S18,160.83265686035156,0,0.2606954156102679,30,373,0.9333333333333332,ok,"Earliest snow-free sagebrush steppe with rubber and yellow rabbitbrush, bitterbrush and Indian ricegrass; mostly 2025/2026 low-elevation plots.",4.14136503148419,37.02899758086467,TRUE,4.14136503148419,274,2424,853,799
344457.5,4294887.5,ALMO,S24.a,22.49244902862736,S24.b,22.64526852024858,0.15281949162121933,TRUE,S18,157.70738220214844,0,0.23001173177884335,30,373,0.9333333333333332,ok,"Earliest snow-free sagebrush steppe with rubber and yellow rabbitbrush, bitterbrush and Indian ricegrass; mostly 2025/2026 low-elevation plots.",4.106540568838122,34.29891071087831,TRUE,4.106540568838122,282,2424,874,820
343034.5,4296659.5,ALMO,S14,22.23428448786935,S22,22.347266216404044,0.11298172853469524,TRUE,S18,172.7002716064453,0,0.36613673443159145,30,373,0.9333333333333332,ok,"Earliest snow-free sagebrush steppe with rubber and yellow rabbitbrush, bitterbrush and Indian ricegrass; mostly 2025/2026 low-elevation plots.",4.059406387997748,46.41065988874332,TRUE,4.059406387997748,295,2424,901,847
344049.5,4295449.5,ALMO,S24.b,21.79331368639284,S24.a,21.82465507737702,0.03134139098417776,TRUE,S18,166.8763427734375,0,0.21878210878513393,30,373,0.9333333333333332,ok,"Earliest snow-free sagebrush steppe with rubber and yellow rabbitbrush, bitterbrush and Indian ricegrass; mostly 2025/2026 low-elevation plots.",3.978896502941142,33.29975277213613,TRUE,3.978896502941142,310,2424,949,895
336544.5,4307575.5,CRBU,S04.a,19.30319621701424,M03,19.71459164925176,0.4113954322375229,TRUE,S05.a,129.75405883789062,0,0.45001668912520304,24,195,0.7916666666666666,ok,"Dry montane park with silver sagebrush (Artemisia cana), sedges and sulphur buckwheat over heavy litter (NPV ~30%).",3.9402484280422856,53.873895536138136,TRUE,3.9402484280422856,537,1369,976,922
347868.5,4318209.5,UPTA,S12,21.486260539814264,S24.a,21.580213462925993,0.09395292311172908,TRUE,S18,167.14883422851562,0,0.2959076805550691,30,373,0.9333333333333332,ok,"Earliest snow-free sagebrush steppe with rubber and yellow rabbitbrush, bitterbrush and Indian ricegrass; mostly 2025/2026 low-elevation plots.",3.9228365246964665,40.16201585586818,TRUE,3.9228365246964665,322,2424,986,932
322085.5,4312095.5,CRBU,S21,19.129579281877103,S25,21.482722164039934,2.3531428821628317,TRUE,S05.a,145.65289306640625,0,0.5316995911440033,24,195,0.7916666666666666,ok,"Dry montane park with silver sagebrush (Artemisia cana), sedges and sulphur buckwheat over heavy litter (NPV ~30%).",3.90480901955963,61.14164798493384,TRUE,3.90480901955963,560,1369,995,941
323772.5,4315053.5,CRBU,S21,25.50741444070853,S23,27.57566555814465,2.0682511174361196,TRUE,Salix wolfii,149.12078857421875,0,0.68818389152257,46,47,0.717391304347826,ok,Salix wolfii,3.760863081591737,75.06486972615761,TRUE,3.760863081591737,191,3739,1111,1057
355466.5,4321872.5,UPTA,S13.b,21.049999937829092,M01,21.94535388162167,0.8953539437925819,TRUE,M01,170.1075897216797,0,0.3664857848016593,34,372,0.8235294117647058,ok,"Dwarf bilberry heath (30-47% Vaccinium cover) merged from three spectral clusters spanning subalpine to late-melt alpine benches; one floristic community whose spectral variation tracks melt timing, not composition.",3.6100452065875883,46.441716714824615,TRUE,3.6100452065875883,346,3218,1244,1190
350316.5,4313323.5,UPTA,S21,24.26314794287462,S15,25.71142829755244,1.44828035467782,TRUE,Salix wolfii,152.28855895996094,0,0.8510754956389949,46,47,0.717391304347826,ok,Salix wolfii,3.5774059951731023,89.5581825914734,TRUE,3.5774059951731023,222,3739,1283,1229
352430.5,4318986.5,UPTA,S21,17.04393004388324,S23,17.636553191240733,0.592623147357493,TRUE,S05.a,141.26995849609375,0,0.5960056083219518,24,195,0.7916666666666666,ok,"Dry montane park with silver sagebrush (Artemisia cana), sedges and sulphur buckwheat over heavy litter (NPV ~30%).",3.4790776516005035,66.86328864982801,TRUE,3.4790776516005035,1222,1369,1382,1328
321430.5,4314629.5,CRBU,S21,17.018526118163937,S23,19.506648967803024,2.488122849639087,TRUE,S05.a,137.72523498535156,0,0.6193157800417782,24,195,0.7916666666666666,ok,"Dry montane park with silver sagebrush (Artemisia cana), sedges and sulphur buckwheat over heavy litter (NPV ~30%).",3.473892096977515,68.9373158135498,TRUE,3.473892096977515,1235,1369,1385,1331
351004.5,4293566.5,ALMO,S04.a,16.897225238220297,M03,16.931158388882444,0.03393315066214697,TRUE,S05.a,132.13755798339844,0,0.44712043752256153,24,195,0.7916666666666666,ok,"Dry montane park with silver sagebrush (Artemisia cana), sedges and sulphur buckwheat over heavy litter (NPV ~30%).",3.4491316585431386,53.616200973907944,TRUE,3.4491316585431386,1285,1369,1410,1356
333274.5,4314479.5,CRBU,S08.a,19.944810657534987,S07,20.063229662602637,0.11841900506765056,TRUE,M01,168.21832275390625,0,0.4636777499584154,34,372,0.8235294117647058,ok,"Dwarf bilberry heath (30-47% Vaccinium cover) merged from three spectral clusters spanning subalpine to late-melt alpine benches; one floristic community whose spectral variation tracks melt timing, not composition.",3.4205068087024815,55.08939114011257,TRUE,3.4205068087024815,442,3218,1435,1381
353337.5,4324191.5,UPTA,M01,19.78434458335619,S08.a,19.87657171630222,0.09222713294602868,TRUE,M01,169.05992126464844,0,0.35171984437315373,34,372,0.8235294117647058,ok,"Dwarf bilberry heath (30-47% Vaccinium cover) merged from three spectral clusters spanning subalpine to late-melt alpine benches; one floristic community whose spectral variation tracks melt timing, not composition.",3.392987104017445,45.127914229166805,TRUE,3.392987104017445,466,3218,1460,1406
332652.5,4314980.5,CRBU,S20,19.628853566019252,M01,19.97551768963179,0.3466641236125376,TRUE,Dasiphora fruticosa,168.62574768066406,0,0.3969632463178429,34,16,0.6764705882352942,ok,Dasiphora fruticosa,3.3663206145417908,49.153454913307556,TRUE,3.3663206145417908,492,3218,1484,1430
329733.5,4307254.5,CRBU,S04.a,16.475706615528427,M03,16.612930458412876,0.137223842884449,TRUE,S05.a,129.04458618164062,0,0.4925019263678634,24,195,0.7916666666666666,ok,"Dry montane park with silver sagebrush (Artemisia cana), sedges and sulphur buckwheat over heavy litter (NPV ~30%).",3.3630895299868198,57.65402796748764,TRUE,3.3630895299868198,1452,1369,1488,1434
352694.5,4309434.5,UPTA,S14,19.4822711235802,S10.c,19.850883893211453,0.3686127696312518,TRUE,Dasiphora fruticosa,161.54896545410156,0,0.7540434558526662,34,16,0.6764705882352942,ok,Dasiphora fruticosa,3.3411819330567605,80.92473755781847,TRUE,3.3411819330567605,516,3218,1516,1462
317565.5,4313260.5,CRBU,S20,19.36200455240601,S17,19.821976466819542,0.4599719144135399,TRUE,M01,169.54891967773438,0,0.49815708655597446,34,372,0.8235294117647058,ok,"Dwarf bilberry heath (30-47% Vaccinium cover) merged from three spectral clusters spanning subalpine to late-melt alpine benches; one floristic community whose spectral variation tracks melt timing, not composition.",3.3205563862604457,58.157196969686126,TRUE,3.3205563862604457,531,3218,1533,1479
333685.5,4314113.5,CRBU,S08.a,19.358194484390715,M01,19.492377516725373,0.13418303233465778,TRUE,M01,175.5067138671875,0,0.36261218620516145,34,372,0.8235294117647058,ok,"Dwarf bilberry heath (30-47% Vaccinium cover) merged from three spectral clusters spanning subalpine to late-melt alpine benches; one floristic community whose spectral variation tracks melt timing, not composition.",3.3199029649865257,46.097062509482235,TRUE,3.3199029649865257,532,3218,1535,1481
343019.5,4281758.5,ALMO,M03,16.169946409884023,S04.a,16.524400204981013,0.3544537950969904,TRUE,S05.a,117.20333099365234,4.918000221252441,0.4677581091690265,24,195,0.7916666666666666,ok,"Dry montane park with silver sagebrush (Artemisia cana), sedges and sulphur buckwheat over heavy litter (NPV ~30%).",3.300676489363716,55.45244191220756,TRUE,3.300676489363716,1574,1369,1546,1492
349169.5,4322086.5,UPTA,S13.b,18.943730608412967,M01,19.401718630213193,0.4579880218002259,TRUE,M01,171.11695861816406,0,0.36869670340080535,34,372,0.8235294117647058,ok,"Dwarf bilberry heath (30-47% Vaccinium cover) merged from three spectral clusters spanning subalpine to late-melt alpine benches; one floristic community whose spectral variation tracks melt timing, not composition.",3.248822996663662,46.63843363679848,TRUE,3.248822996663662,599,3218,1603,1549
335874.5,4311527.5,CRBU,M01,18.835092396089625,S08.a,18.860710078921457,0.02561768283183241,TRUE,M01,153.67642211914062,0,0.4494113464992794,34,372,0.8235294117647058,ok,"Dwarf bilberry heath (30-47% Vaccinium cover) merged from three spectral clusters spanning subalpine to late-melt alpine benches; one floristic community whose spectral variation tracks melt timing, not composition.",3.2301916969577973,53.8200350556314,TRUE,3.2301916969577973,626,3218,1627,1573
355445.5,4322284.5,UPTA,M01,18.614635091349296,S13.b,18.685824800715604,0.071189709366308307,TRUE,M01,172.98934936523438,0,0.42934659252210655,34,372,0.8235294117647058,ok,"Dwarf bilberry heath (30-47% Vaccinium cover) merged from three spectral clusters spanning subalpine to late-melt alpine benches; one floristic community whose spectral variation tracks melt timing, not composition.",3.1923835811104997,52.03476958087491,TRUE,3.1923835811104997,666,3218,1669,1615
323169.5,4300872.5,CRBU,S08.a,21.637642509202728,S07,22.127982184681656,0.4903396754789284,TRUE,Salix wolfii,171.94808959960938,0,0.5369445588209159,46,47,0.717391304347826,ok,Salix wolfii,3.190296338137207,61.60832002688653,TRUE,3.190296338137207,318,3739,1675,1621
355088.5,4321284.5,UPTA,S08.a,18.485748917876094,M01,18.499118944007822,0.01337002613172799,TRUE,M01,161.71688842773438,0.3779999911785126,0.4084744360739999,34,372,0.8235294117647058,ok,"Dwarf bilberry heath (30-47% Vaccinium cover) merged from three spectral clusters spanning subalpine to late-melt alpine benches; one floristic community whose spectral variation tracks melt timing, not composition.",3.170279784715414,50.17766531072471,TRUE,3.170279784715414,696,3218,1695,1641
322082.5,4312749.5,CRBU,S21,14.800613518052268,S23,17.348268314228232,2.547654796175964,TRUE,S03,140.24237060546875,0.19900000095367432,0.9324267611336844,22,33,0.6363636363636364,ok,"Classic subalpine tall-forb community: corn-lily with Mertensia ciliata, cow parsnip, Delphinium barbeyi and osha on wet-mesic slopes and swales.",3.155501404551275,96.79642761459438,TRUE,3.155501404551275,2092,1255,1717,1663
349439.5,4319206.5,UPTA,Prunus virginiana,18.133607634734833,S12,18.13458954220636,9.819074715267109e-4,TRUE,Dasiphora fruticosa,150.212158203125,0,0.4895557901586453,34,16,0.6764705882352942,ok,Dasiphora fruticosa,3.10988805288642,57.391894912468345,TRUE,3.10988805288642,823,3218,1777,1723
317154.5,4313818.5,CRBU,S08.a,17.98903016423838,M01,18.176292833009853,0.18726266877147424,TRUE,M01,171.72512817382812,0,0.4891321155607078,34,372,0.8235294117647058,ok,"Dwarf bilberry heath (30-47% Vaccinium cover) merged from three spectral clusters spanning subalpine to late-melt alpine benches; one floristic community whose spectral variation tracks melt timing, not composition.",3.0850932212527953,57.3541983808742,TRUE,3.0850932212527953,867,3218,1806,1752
349622.5,4321170.5,UPTA,S21,20.86501332160953,S23,22.51923544509028,1.65422212348075,TRUE,Salix wolfii,169.42062377929688,0,0.5673748668071323,46,47,0.717391304347826,ok,Salix wolfii,3.0763783793360973,64.31586273066473,TRUE,3.0763783793360973,362,3739,1824,1770
318766.5,4309812.5,CRBU,S13.b,17.52837746179596,M01,17.680406230114134,0.1520287683181749,TRUE,Dasiphora fruticosa,182.1906280517578,0,0.47719906053345706,34,16,0.6764705882352942,ok,Dasiphora fruticosa,3.006091934541847,56.29245243707859,TRUE,3.006091934541847,1026,3218,1920,1866
361049.5,4310245.5,UPTA,S19,14.951030577003063,S18,15.031768434199764,0.08073785719670035,TRUE,S19,120.86369323730467,0,0.5705018958373429,25,42,0.72,ok,"Dry montane park with pendent-pod crazyweed, prairie smoke and heavy cured litter (NPV ~25%).",2.9902061154006128,64.59409076040022,TRUE,2.9902061154006128,2039,1604,1946,1892
322121.5,4304854.5,CRBU,M01,17.257993135848075,Sambucus racemosa,17.28548223197643,0.02748909612835604,TRUE,Dasiphora fruticosa,149.37767028808594,0,0.495088010433165,34,16,0.6764705882352942,ok,Dasiphora fruticosa,2.959721405197074,57.884125311409896,TRUE,2.959721405197074,1129,3218,1983,1929
355226.5,4314158.5,UPTA,S10.a,14.357676371278105,S10.b,14.435697404893777,0.07802103361566992,TRUE,S19,131.74082946777344,0,0.4952198109010907,25,42,0.72,ok,"Dry montane park with pendent-pod crazyweed, prairie smoke and heavy cured litter (NPV ~25%).",2.871535274255621,57.89585228425054,TRUE,2.871535274255621,2269,1604,2114,2060
349316.5,4320554.5,UPTA,S21,19.155563909554644,S23,19.640112821173116,0.4845489116184716,TRUE,Salix wolfii,171.3596649169922,0,0.5636241321279273,46,47,0.717391304347826,ok,Salix wolfii,2.824333814074886,63.98214036679351,TRUE,2.824333814074886,554,3739,2165,2111
325190.5,4323392.5,CRBU,S08.a,15.203969271038003,M02,15.235220065979004,0.03125079494100014,TRUE,S08.a,168.63734436035156,0,0.6572803339292056,30,67,0.6666666666666666,ok,Tufted hairgrass with Arnica mollis and Senecio crassulus - the graminoid-forb core of the upper-subalpine meadow.,2.7758523111209636,72.31521954448337,TRUE,2.7758523111209636,1929,2424,2204,2150
352469.5,4317287.5,UPTA,S10.a,13.713064733946684,S06.b,13.776902265197322,0.06383753125063762,TRUE,S19,137.80657958984375,0,0.5902247170745283,25,42,0.72,ok,"Dry montane park with pendent-pod crazyweed, prairie smoke and heavy cured litter (NPV ~25%).",2.742612946789337,66.34893270162708,TRUE,2.742612946789337,2471,1604,2254,2200
346232.5,4317455.5,UPTA,S08.a,14.985795207546364,M02,15.05161249360349,0.06581728605712556,TRUE,S08.a,179.979736328125,0,0.5829384259529763,30,67,0.6666666666666666,ok,Tufted hairgrass with Arnica mollis and Senecio crassulus - the graminoid-forb core of the upper-subalpine meadow.,2.736019359108652,65.70063350029471,TRUE,2.736019359108652,2031,2424,2259,2205
322274.5,4315203.5,CRBU,S21,18.53905640482846,S23,22.06626773155154,3.52721132672308,TRUE,Salix wolfii,161.4978790283203,0,0.8471971630108429,46,47,0.717391304347826,ok,Salix wolfii,2.7334347415938827,89.21310717472329,TRUE,2.7334347415938827,688,3739,2264,2210
354124.5,4321383.5,UPTA,S23,15.54227468978894,S21,16.154714674272146,0.6124399844832045,TRUE,Dasiphora fruticosa,165.52337646484375,0,0.6691245010140806,34,16,0.6764705882352942,ok,Dasiphora fruticosa,2.6654781191950283,73.3690566659318,TRUE,2.6654781191950283,1821,3218,2337,2283
333613.5,4308077.5,CRBU,Sambucus racemosa,13.241317940136632,Lonicera involucrata,13.316163695170456,0.07484575503382374,TRUE,S19,125.035400390625,0,0.550181872610426,25,42,0.72,ok,"Dry montane park with pendent-pod crazyweed, prairie smoke and heavy cured litter (NPV ~25%).",2.6482635880273264,62.786112653390504,TRUE,2.6482635880273264,2618,1604,2359,2305
342580.5,4287650.5,ALMO,M03,12.988323389712722,S18,13.15690984464755,0.16858645493482882,TRUE,S19,106.08729553222656,0,0.5087083042289732,25,42,0.72,ok,"Dry montane park with pendent-pod crazyweed, prairie smoke and heavy cured litter (NPV ~25%).",2.5976646779425443,59.09599366012525,TRUE,2.5976646779425443,2694,1604,2408,2354
356496.5,4313902.5,UPTA,S10.a,12.72682371829733,S10.b,12.813106039941903,0.08628232164457472,TRUE,S19,134.06837463378906,0,0.6528124374187851,25,42,0.72,ok,"Dry montane park with pendent-pod crazyweed, prairie smoke and heavy cured litter (NPV ~25%).",2.545364743659466,71.91768756408065,TRUE,2.545364743659466,2790,1604,2471,2417
329289.5,4313074.5,CRBU,S10.a,17.431674911962126,S10.b,17.440547996740918,0.00887308477879145,TRUE,S02.a,129.056640625,0,0.5203075950570183,47,146,0.9148936170212766,ok,"Core montane dry-mesic meadow of mule's-ears, Thurber fescue, Delphinium and scattered sagebrush.",2.5426711128274175,60.128042867931505,TRUE,2.5426711128274175,1065,3786,2474,2420
318193.5,4306999.5,CRBU,S07,12.438664542822558,Caltha leptosepala,12.575383073636605,0.13671853081404706,TRUE,S07,169.14332580566406,0,0.8890296597014226,24,40,0.7083333333333334,ok,"Late-melt (DOY ~170) alpine wet forb turf: Rhodiola (Tolmachevia) integrifolia, marsh-marigold, Senecio triangularis and queen's crown; 2018-alpine sampled.",2.539031767630389,92.93516188566173,TRUE,2.539031767630389,2899,1369,2479,2425
333643.5,4307803.5,CRBU,S24.b,17.147679915448666,S10.a,17.19153778516562,0.04385786971695538,TRUE,S02.a,125.81190490722656,0,0.5385101429050565,47,146,0.9148936170212766,ok,"Core montane dry-mesic meadow of mule's-ears, Thurber fescue, Delphinium and scattered sagebrush.",2.501246185075537,61.74761818207071,TRUE,2.501246185075537,1173,3786,2503,2449
334406.5,4306284.5,CRBU,S14,12.47835596520938,S19,12.510248676820645,0.03189271161126328,TRUE,S19,126.00560760498048,0,0.5006918065702138,25,42,0.72,ok,"Dry montane park with pendent-pod crazyweed, prairie smoke and heavy cured litter (NPV ~25%).",2.495671193041876,58.38272418695198,TRUE,2.495671193041876,2888,1604,2511,2457
345322.5,4287584.5,ALMO,S04.b,16.359828074475445,S02.a,16.499921006589226,0.14009293211378093,TRUE,S04.b,92.42185974121094,0,0.4480503015838701,43,23,0.6976744186046512,ok,"Mixed dry-shrub matrix core: kinnikinnick, bitterbrush and balsamroot among sparse forbs and bare soil.",2.494850392244714,53.698935813655275,TRUE,2.494850392244714,1495,3716,2514,2460
323241.5,4320743.5,CRBU,S08.a,13.653636332528794,M02,13.899263863724933,0.24562753119613667,TRUE,S08.a,173.9699249267578,0,0.6556889847123389,30,67,0.6666666666666666,ok,Tufted hairgrass with Arnica mollis and Senecio crassulus - the graminoid-forb core of the upper-subalpine meadow.,2.492801537099376,72.1736289314918,TRUE,2.492801537099376,2492,2424,2520,2466
334949.5,4312620.5,CRBU,Sambucus racemosa,13.638442068632026,M02,13.76510148839328,0.12665941976125517,TRUE,S08.a,158.47210693359375,0,0.7726193555599025,30,67,0.6666666666666666,ok,Tufted hairgrass with Arnica mollis and Senecio crassulus - the graminoid-forb core of the upper-subalpine meadow.,2.4900274567390603,82.57753192786642,TRUE,2.4900274567390603,2499,2424,2523,2469
352991.5,4283281.5,ALMO,S10.a,14.511586691491823,S10.c,14.556693624211771,0.04510693271994803,TRUE,Dasiphora fruticosa,143.06625366210938,0,0.7484945410125482,34,16,0.6764705882352942,ok,Dasiphora fruticosa,2.4887165857637084,80.4310217565833,TRUE,2.4887165857637084,2199,3218,2526,2472
334580.5,4304857.5,CRBU,S02.a,16.858660129488694,S18,17.059572935843452,0.20091280635475783,TRUE,S02.a,123.55768585205078,0,0.5258763038579181,47,146,0.9148936170212766,ok,"Core montane dry-mesic meadow of mule's-ears, Thurber fescue, Delphinium and scattered sagebrush.",2.4590883164537622,60.62351984076303,TRUE,2.4590883164537622,1303,3786,2551,2497
350655.5,4283650.5,ALMO,S02.a,16.830772041147107,S02.b,16.937242019063266,0.10646997791615932,TRUE,S02.a,111.41021728515624,2.315999984741211,0.5527692024405375,47,146,0.9148936170212766,ok,"Core montane dry-mesic meadow of mule's-ears, Thurber fescue, Delphinium and scattered sagebrush.",2.455020420684924,63.01632083948442,TRUE,2.455020420684924,1306,3786,2558,2504
349370.5,4294017.5,ALMO,S04.a,12.2530624362254,S08.a,12.402978318761836,0.14991588253643684,TRUE,S19,142.41470336914062,0,0.5893227747421226,25,42,0.72,ok,"Dry montane park with pendent-pod crazyweed, prairie smoke and heavy cured litter (NPV ~25%).",2.4506124872450803,66.26868220326078,TRUE,2.4506124872450803,2950,1604,2562,2508
344382.5,4283737.5,ALMO,S02.a,16.720561273190295,S02.b,16.86015212641661,0.13959085322631637,TRUE,S02.a,117.74581146240234,0,0.5911849982189775,47,146,0.9148936170212766,ok,"Core montane dry-mesic meadow of mule's-ears, Thurber fescue, Delphinium and scattered sagebrush.",2.4389445279539275,66.43437390739493,TRUE,2.4389445279539275,1359,3786,2579,2525
325460.5,4322221.5,CRBU,S08.a,13.246229341728329,S07,13.459541123967568,0.2133117822392414,TRUE,S08.a,176.5189666748047,0,0.6010398476209865,30,67,0.6666666666666666,ok,Tufted hairgrass with Arnica mollis and Senecio crassulus - the graminoid-forb core of the upper-subalpine meadow.,2.418419537450471,67.3112110924582,TRUE,2.418419537450471,2616,2424,2598,2544
352436.5,4283440.5,ALMO,S10.a,12.036714029837578,M01,12.04830175633274,0.01158772649516315,TRUE,S19,147.75489807128906,0,0.6577897916514709,25,42,0.72,ok,"Dry montane park with pendent-pod crazyweed, prairie smoke and heavy cured litter (NPV ~25%).",2.4073428059675157,72.36054864662152,TRUE,2.4073428059675157,3028,1604,2615,2561
340076.5,4279857.5,ALMO,S04.b,17.400615917248576,S01.b,17.51675493363085,0.11613901638227377,TRUE,S01.a,81.70724487304686,0,0.4146653307669303,53,356,0.71698113207547165,ok,"Heterogeneous core of the montane dry-mesic matrix: scattered snowberry, serviceberry and sagebrush over mule's-ears and mixed forbs.",2.3901584154477993,50.72850139701393,TRUE,2.3901584154477993,1081,4138,2627,2573
354673.5,4319999.5,UPTA,S11,17.384596372661672,S10.a,17.409375864805863,0.02477949214419084,TRUE,S01.a,157.52490234375,0,0.6708673484531542,53,356,0.71698113207547165,ok,"Heterogeneous core of the montane dry-mesic matrix: scattered snowberry, serviceberry and sagebrush over mule's-ears and mixed forbs.",2.387957961769141,73.52412686336783,TRUE,2.387957961769141,1087,4138,2631,2577
353256.5,4292860.5,ALMO,M03,15.574259973667994,S02.a,15.6140495730955,0.0397895994275057,TRUE,S04.b,92.99442291259766,0,0.46818524399586514,43,23,0.6976744186046512,ok,"Mixed dry-shrub matrix core: kinnikinnick, bitterbrush and balsamroot among sparse forbs and bare soil.",2.3750523799726784,55.490446318356206,TRUE,2.3750523799726784,1812,3716,2641,2587
324571.5,4314626.5,CRBU,Sambucus racemosa,11.602833013260245,Salix boothii,11.630725844031764,0.02789283077152049,TRUE,S07,164.78115844726562,0,0.894690427014957,24,40,0.7083333333333334,ok,"Late-melt (DOY ~170) alpine wet forb turf: Rhodiola (Tolmachevia) integrifolia, marsh-marigold, Senecio triangularis and queen's crown; 2018-alpine sampled.",2.3684183711005837,93.43882978295967,TRUE,2.3684183711005837,3172,1369,2646,2592
331514.5,4307137.5,CRBU,M01,12.947884427946995,S01.b,12.996771015815357,0.04888658786835975,TRUE,S08.a,147.53048706054688,0,0.5964366713422743,30,67,0.6666666666666666,ok,Tufted hairgrass with Arnica mollis and Senecio crassulus - the graminoid-forb core of the upper-subalpine meadow.,2.3639494577188143,66.90164256777295,TRUE,2.3639494577188143,2712,2424,2648,2594
318433.5,4308470.5,CRBU,M02,12.91680365237248,S08.a,12.943535671442689,0.02673201907020939,TRUE,S08.a,174.1834259033203,0,0.6528897665110522,30,67,0.6666666666666666,ok,Tufted hairgrass with Arnica mollis and Senecio crassulus - the graminoid-forb core of the upper-subalpine meadow.,2.358274910423175,71.92456793544109,TRUE,2.358274910423175,2725,2424,2653,2599
341748.5,4279749.5,ALMO,S24.b,15.424643483563717,S24.a,15.432865660078054,0.00822217651433909,TRUE,S04.b,84.87881469726561,0,0.48609392284839725,43,23,0.6976744186046512,ok,"Mixed dry-shrub matrix core: kinnikinnick, bitterbrush and balsamroot among sparse forbs and bare soil.",2.352236079133594,57.0838745801879,TRUE,2.352236079133594,1859,3716,2656,2602
357616.5,4319278.5,UPTA,M01,12.8828395829416,S07,13.17551099729109,0.2926714143494884,TRUE,S08.a,158.6004638671875,0,0.637616576656643,30,67,0.6666666666666666,ok,Tufted hairgrass with Arnica mollis and Senecio crassulus - the graminoid-forb core of the upper-subalpine meadow.,2.352073948099187,70.565632831253,TRUE,2.352073948099187,2736,2424,2657,2603
358151.5,4314275.5,UPTA,S10.a,11.754907447985332,S10.b,11.792365343218718,0.03745789523338594,TRUE,S19,127.70040893554688,0,0.692629139528987,25,42,0.72,ok,"Dry montane park with pendent-pod crazyweed, prairie smoke and heavy cured litter (NPV ~25%).",2.3509814895970664,75.46038655141322,TRUE,2.3509814895970664,3123,1604,2659,2605
329682.5,4314158.5,CRBU,M01,17.097433605849574,S01.a,17.22693062647521,0.12949702062563517,TRUE,S01.a,136.88778686523438,0,0.4877163591076789,53,356,0.71698113207547165,ok,"Heterogeneous core of the montane dry-mesic matrix: scattered snowberry, serviceberry and sagebrush over mule's-ears and mixed forbs.",2.348513122174765,57.22823116895963,TRUE,2.348513122174765,1190,4138,2662,2608
356055.5,4309761.5,UPTA,S18,21.254247667034345,S24.b,21.274472263708216,0.02022459667387366,TRUE,S06.b,152.56045532226562,0,0.3406878400127466,82,558,0.7317073170731707,ok,"Remaining generalist core (n=82) of the subalpine mesic meadow: Helianthella, Lathyrus, showy goldeneye and Delphinium in mixed forb turf.",2.3471390054433496,44.14633944761681,TRUE,2.3471390054433496,333,4507,2663,2609
334496.5,4313677.5,CRBU,M01,12.810278167195438,M02,13.087148307885103,0.276870140689665,TRUE,S08.a,169.32638549804688,0,0.66055432796363,30,67,0.6666666666666666,ok,Tufted hairgrass with Arnica mollis and Senecio crassulus - the graminoid-forb core of the upper-subalpine meadow.,2.3388261066962923,72.60652381469103,TRUE,2.3388261066962923,2763,2424,2672,2618
360889.5,4313719.5,UPTA,S24.b,21.03455613067526,S24.a,21.19482969982089,0.16027356914562674,TRUE,S06.b,136.84619140625,0,0.390423417990099,82,558,0.7317073170731707,ok,"Remaining generalist core (n=82) of the subalpine mesic meadow: Helianthella, Lathyrus, showy goldeneye and Delphinium in mixed forb turf.",2.322878133817488,48.57157238747951,TRUE,2.322878133817488,348,4507,2681,2627
319868.5,4312299.5,CRBU,M01,12.697849974182107,S08.a,12.709599444383567,0.01174947020145822,TRUE,S08.a,166.44015502929688,0,0.6235648380689941,30,67,0.6666666666666666,ok,Tufted hairgrass with Arnica mollis and Senecio crassulus - the graminoid-forb core of the upper-subalpine meadow.,2.318299620891977,69.31537659639595,TRUE,2.318299620891977,2804,2424,2689,2635
329406.5,4313467.5,CRBU,M01,16.814145118028765,S01.b,16.846157986322577,0.03201286829381189,TRUE,S01.a,136.9451446533203,0,0.4338178353126478,53,356,0.71698113207547165,ok,"Heterogeneous core of the montane dry-mesic matrix: scattered snowberry, serviceberry and sagebrush over mule's-ears and mixed forbs.",2.309600455727528,52.43259929721673,TRUE,2.309600455727528,1313,4138,2698,2644
321829.5,4316506.5,CRBU,S21,16.652322299835326,Lonicera involucrata,18.339197719009928,1.6868754191746014,TRUE,Salix other,158.5824737548828,0,0.8513051808080061,53,13,0.6981132075471698,ok,Salix other,2.2873723821607106,89.57861887505634,TRUE,2.2873723821607106,1394,4138,2723,2669
347847.5,4278845.5,ALMO,S02.a,15.622533455296717,S02.b,15.768898807330656,0.1463653520339392,TRUE,S02.a,112.44058227539062,0,0.5649534410858015,47,146,0.9148936170212766,ok,"Core montane dry-mesic meadow of mule's-ears, Thurber fescue, Delphinium and scattered sagebrush.",2.278780709632429,64.10041589563764,TRUE,2.278780709632429,1791,3786,2730,2676
318625.5,4311926.5,CRBU,S07,11.099681739528524,Juniperus sp.,11.402819331223878,0.3031375916953536,TRUE,S07,163.09226989746094,4.973999977111816,0.7780178136719755,24,40,0.7083333333333334,ok,"Late-melt (DOY ~170) alpine wet forb turf: Rhodiola (Tolmachevia) integrifolia, marsh-marigold, Senecio triangularis and queen's crown; 2018-alpine sampled.",2.265713047427739,83.05786081180726,TRUE,2.265713047427739,3341,1369,2743,2689
334985.5,4305596.5,CRBU,S10.c,16.37509863634655,S10.a,16.39325284884821,0.01815421250165982,TRUE,S01.a,123.32136535644533,0,0.4554853421554874,53,356,0.71698113207547165,ok,"Heterogeneous core of the montane dry-mesic matrix: scattered snowberry, serviceberry and sagebrush over mule's-ears and mixed forbs.",2.2492927834039707,54.36047002688426,TRUE,2.2492927834039707,1489,4138,2765,2711
329421.5,4313395.5,CRBU,S01.b,16.33760558162842,M01,16.43040045226221,0.09279487063378866,TRUE,S01.a,133.4686737060547,0,0.4868438810864499,53,356,0.71698113207547165,ok,"Heterogeneous core of the montane dry-mesic matrix: scattered snowberry, serviceberry and sagebrush over mule's-ears and mixed forbs.",2.2441427162637293,57.15060226353891,TRUE,2.2441427162637293,1507,4138,2771,2717
323322.5,4305572.5,CRBU,S02.a,15.172389030162114,M01,15.280387349953056,0.10799831979094245,TRUE,S02.a,142.15530395507812,0,0.5516815178318173,47,146,0.9148936170212766,ok,"Core montane dry-mesic meadow of mule's-ears, Thurber fescue, Delphinium and scattered sagebrush.",2.213120396887345,62.919543885150404,TRUE,2.213120396887345,1944,3786,2795,2741
322439.5,4313764.5,CRBU,S21,10.817768092363533,S07,11.281915274007122,0.46414718164359137,TRUE,S07,152.38446044921875,0,0.763917844068874,24,40,0.7083333333333334,ok,"Late-melt (DOY ~170) alpine wet forb turf: Rhodiola (Tolmachevia) integrifolia, marsh-marigold, Senecio triangularis and queen's crown; 2018-alpine sampled.",2.2081676651709685,81.80331321276014,TRUE,2.2081676651709685,3449,1369,2801,2747
333475.5,4311896.5,CRBU,M01,15.0445700604391,S10.b,15.14130533511294,0.09673527467384169,TRUE,S02.a,140.37408447265625,0,0.5537074330311325,47,146,0.9148936170212766,ok,"Core montane dry-mesic meadow of mule's-ears, Thurber fescue, Delphinium and scattered sagebrush.",2.1944760839554283,63.0998000928386,TRUE,2.1944760839554283,2007,3786,2818,2764
354085.5,4313647.5,UPTA,S24.a,19.832427821723545,S24.b,19.913830312684333,0.08140249096078733,TRUE,S06.b,138.97219848632812,0,0.31583519584937464,82,558,0.7317073170731707,ok,"Remaining generalist core (n=82) of the subalpine mesic meadow: Helianthella, Lathyrus, showy goldeneye and Delphinium in mixed forb turf.",2.1901252701221754,41.93507049152827,TRUE,2.1901252701221754,457,4507,2822,2768
352679.5,4309392.5,UPTA,S10.c,12.744232429671564,S10.a,12.877478617470922,0.13324618779935982,TRUE,Dasiphora fruticosa,160.47601318359375,0,0.8032477038325836,34,16,0.6764705882352942,ok,Dasiphora fruticosa,2.185617830415951,85.30269530551075,TRUE,2.185617830415951,2785,3218,2825,2771
335904.5,4310137.5,CRBU,S24.b,15.891793984377388,S24.a,15.958546473189832,0.066752488812444,TRUE,S01.a,128.602783203125,0,0.5245016629348503,53,356,0.71698113207547165,ok,"Heterogeneous core of the montane dry-mesic matrix: scattered snowberry, serviceberry and sagebrush over mule's-ears and mixed forbs.",2.1829057838504617,60.501210891302094,TRUE,2.1829057838504617,1692,4138,2827,2773
335853.5,4309659.5,CRBU,S24.a,19.750706582885396,S24.b,19.776566746376897,0.02586016349150099,TRUE,S06.b,135.35585021972656,0,0.4402316570970167,82,558,0.7317073170731707,ok,"Remaining generalist core (n=82) of the subalpine mesic meadow: Helianthella, Lathyrus, showy goldeneye and Delphinium in mixed forb turf.",2.1811006690045516,53.00327036579309,TRUE,2.1811006690045516,471,4507,2831,2777
356640.5,4320362.5,UPTA,M01,15.846034549789684,S08.a,15.87154785664418,0.02551330685449571,TRUE,S01.a,166.0225372314453,0,0.5050918323182586,53,356,0.71698113207547165,ok,"Heterogeneous core of the montane dry-mesic matrix: scattered snowberry, serviceberry and sagebrush over mule's-ears and mixed forbs.",2.1766202421095215,58.77421735277702,TRUE,2.1766202421095215,1704,4138,2836,2782
328478.5,4314005.5,CRBU,S01.b,15.845346174064398,M01,15.872732486553112,0.0273863124887157,TRUE,S01.a,134.66929626464844,0,0.4561094938873054,53,356,0.71698113207547165,ok,"Heterogeneous core of the montane dry-mesic matrix: scattered snowberry, serviceberry and sagebrush over mule's-ears and mixed forbs.",2.1765256864316878,54.4160040513279,TRUE,2.1765256864316878,1706,4138,2837,2783
329211.5,4312128.5,CRBU,S10.b,15.769983079518008,S01.b,15.809418810765592,0.03943573124758437,TRUE,S01.a,129.266845703125,0,0.5162129238296769,53,356,0.71698113207547165,ok,"Heterogeneous core of the montane dry-mesic matrix: scattered snowberry, serviceberry and sagebrush over mule's-ears and mixed forbs.",2.166173769263877,59.76371868130216,TRUE,2.166173769263877,1738,4138,2853,2799
341787.5,4290449.5,ALMO,S10.a,14.1596461896591,S01.a,14.240889842290503,0.08124365263140554,TRUE,S04.b,104.21741485595705,0,0.585682673396766,43,23,0.6976744186046512,ok,"Mixed dry-shrub matrix core: kinnikinnick, bitterbrush and balsamroot among sparse forbs and bare soil.",2.159325800338526,65.94480346226685,TRUE,2.159325800338526,2334,3716,2860,2806
342067.5,4280995.5,ALMO,S18,14.787763808647618,S02.a,14.944601473449648,0.15683766480202976,TRUE,S02.a,102.34368133544922,0,0.5670684010497364,47,146,0.9148936170212766,ok,"Core montane dry-mesic meadow of mule's-ears, Thurber fescue, Delphinium and scattered sagebrush.",2.157017042221258,64.28859487896337,TRUE,2.157017042221258,2099,3786,2863,2809
349319.5,4293974.5,ALMO,S24.a,19.462486260036048,S24.b,19.540929767329796,0.07844350729374838,TRUE,S06.b,138.37588500976562,0,0.4276213178205413,82,558,0.7317073170731707,ok,"Remaining generalist core (n=82) of the subalpine mesic meadow: Helianthella, Lathyrus, showy goldeneye and Delphinium in mixed forb turf.",2.1492720589065133,51.8812629212528,TRUE,2.1492720589065133,520,4507,2873,2819
335715.5,4306878.5,CRBU,S02.a,14.719559046029644,S02.b,14.89102249706443,0.17146345103478744,TRUE,S02.a,110.41461944580078,0,0.5750257428507356,47,146,0.9148936170212766,ok,"Core montane dry-mesic meadow of mule's-ears, Thurber fescue, Delphinium and scattered sagebrush.",2.147068355101871,64.99660094792998,TRUE,2.147068355101871,2119,3786,2876,2822
323229.5,4313476.5,CRBU,S24.b,19.43253699522888,S24.a,19.71956271335917,0.2870257181302911,TRUE,S06.b,143.01278686523438,0,0.30275286453144673,82,558,0.7317073170731707,ok,"Remaining generalist core (n=82) of the subalpine mesic meadow: Helianthella, Lathyrus, showy goldeneye and Delphinium in mixed forb turf.",2.145964715889038,40.77106746124975,TRUE,2.145964715889038,525,4507,2880,2826
352490.5,4314860.5,UPTA,S24.b,19.31082548096976,S24.a,19.34217053368519,0.0313450527154302,TRUE,S06.b,145.09701538085938,0,0.39529657684802005,82,558,0.7317073170731707,ok,"Remaining generalist core (n=82) of the subalpine mesic meadow: Helianthella, Lathyrus, showy goldeneye and Delphinium in mixed forb turf.",2.1325239276285233,49.00516266583268,TRUE,2.1325239276285233,536,4507,2895,2841
351643.5,4314608.5,UPTA,S24.b,19.29327700811484,S24.a,19.35029167902413,0.05701467090928958,TRUE,S06.b,162.61830139160156,0,0.4099749582198925,82,558,0.7317073170731707,ok,"Remaining generalist core (n=82) of the subalpine mesic meadow: Helianthella, Lathyrus, showy goldeneye and Delphinium in mixed forb turf.",2.130586022990871,50.31117456701648,TRUE,2.130586022990871,538,4507,2899,2845
325496.5,4324278.5,CRBU,Salix other,10.2678157430143,Salix wolfii,10.39372945376198,0.12591371074768,TRUE,S07,169.25173950195312,0,0.7641971556012351,24,40,0.7083333333333334,ok,"Late-melt (DOY ~170) alpine wet forb turf: Rhodiola (Tolmachevia) integrifolia, marsh-marigold, Senecio triangularis and queen's crown; 2018-alpine sampled.",2.0959091119417637,81.82816501188975,TRUE,2.0959091119417637,3617,1369,2940,2886
326844.5,4316383.5,CRBU,S24.b,18.961653788910265,S25,19.611010948138553,0.6493571592282876,TRUE,S06.b,136.86593627929688,0,0.448863385561745,82,558,0.7317073170731707,ok,"Remaining generalist core (n=82) of the subalpine mesic meadow: Helianthella, Lathyrus, showy goldeneye and Delphinium in mixed forb turf.",2.0939643648122566,53.771280122258766,TRUE,2.0939643648122566,591,4507,2942,2888
352187.5,4321131.5,UPTA,S18,18.94948096741222,S24.a,18.975238633730086,0.02575766631786535,TRUE,S06.b,142.57952880859375,0,0.4067175692505023,82,558,0.7317073170731707,ok,"Remaining generalist core (n=82) of the subalpine mesic meadow: Helianthella, Lathyrus, showy goldeneye and Delphinium in mixed forb turf.",2.092620101557591,50.021347735771954,TRUE,2.092620101557591,597,4507,2945,2891
341664.5,4291764.5,ALMO,S02.a,13.641793293039193,S04.b,13.677534649391124,0.03574135635193443,TRUE,S04.b,102.7705535888672,0,0.5105999569203256,43,23,0.6976744186046512,ok,"Mixed dry-shrub matrix core: kinnikinnick, bitterbrush and balsamroot among sparse forbs and bare soil.",2.080353973961392,59.26430383447095,TRUE,2.080353973961392,2497,3716,2964,2910
352307.5,4310557.5,UPTA,S14,12.01582960514594,Ligusticum porteri,12.275517155812423,0.25968755066648264,TRUE,Dasiphora fruticosa,160.33004760742188,0,0.46297935575206983,34,16,0.6764705882352942,ok,Dasiphora fruticosa,2.0606977765959993,55.0272513767356,TRUE,2.0606977765959993,3032,3218,2987,2933
322763.5,4323737.5,CRBU,M02,9.972808687599644,S08.a,10.191126883894343,0.2183181962946996,TRUE,S07,166.39752197265625,0,0.734446149588305,24,40,0.7083333333333334,ok,"Late-melt (DOY ~170) alpine wet forb turf: Rhodiola (Tolmachevia) integrifolia, marsh-marigold, Senecio triangularis and queen's crown; 2018-alpine sampled.",2.035691048917858,79.18106333625582,TRUE,2.035691048917858,3705,1369,3019,2965
342763.5,4287023.5,ALMO,S10.b,12.95836192381848,S10.a,13.04093370892084,0.08257178510235796,TRUE,S04.b,117.3564224243164,2.0190000534057617,0.6483453092084783,43,23,0.6976744186046512,ok,"Mixed dry-shrub matrix core: kinnikinnick, bitterbrush and balsamroot among sparse forbs and bare soil.",1.9761316672347788,71.52022394333333,TRUE,1.9761316672347788,2708,3716,3096,3042
333565.5,4313134.5,CRBU,S08.a,11.360523357160035,M02,11.418578140936976,0.05805478377693873,TRUE,Dasiphora fruticosa,151.45974731445312,0,0.6215635301711671,34,16,0.6764705882352942,ok,Dasiphora fruticosa,1.9483136822313707,69.13730982825052,TRUE,1.9483136822313707,3251,3218,3132,3078
326637.5,4308575.5,CRBU,S06.b,11.95499664803708,S10.a,11.965123654972896,0.01012700693581614,TRUE,S04.b,134.49288940429688,0,0.6649855535330337,43,23,0.6976744186046512,ok,"Mixed dry-shrub matrix core: kinnikinnick, bitterbrush and balsamroot among sparse forbs and bare soil.",1.8231198971567357,73.00079299082519,TRUE,1.8231198971567357,3060,3716,3289,3235
326679.5,4306218.5,CRBU,M03,11.737190005288747,S01.b,11.809392271947829,0.07220226665907958,TRUE,S04.b,126.59281158447266,0,0.5698915873406954,43,23,0.6976744186046512,ok,"Mixed dry-shrub matrix core: kinnikinnick, bitterbrush and balsamroot among sparse forbs and bare soil.",1.7899046955286706,64.53978844055844,TRUE,1.7899046955286706,3136,3716,3329,3275
320733.5,4321752.5,CRBU,Betula glandulosa,12.6292475561595,Salix other,12.872819736938531,0.24357218077903295,TRUE,Salix other,170.6800537109375,0,0.7880441239566788,53,13,0.6981132075471698,ok,Salix other,1.7347605665616717,83.9499537630012,TRUE,1.7347605665616717,2827,4138,3389,3335
334826.5,4308068.5,CRBU,S03,7.73849392429506,Veratrum tenuipetalum,7.7430808664795405,0.00458694218448041,TRUE,S03,123.36219787597656,0,0.903277236900232,22,33,0.6363636363636364,ok,"Classic subalpine tall-forb community: corn-lily with Mertensia ciliata, cow parsnip, Delphinium barbeyi and osha on wet-mesic slopes and swales.",1.6498524481732457,94.20284289988696,TRUE,1.6498524481732457,4395,1255,3529,3475
354250.5,4315245.5,UPTA,S10.c,10.370102484950309,S10.a,10.53858607465246,0.16848358970215038,TRUE,S04.b,132.7375946044922,0,0.7117483127989104,43,23,0.6976744186046512,ok,"Mixed dry-shrub matrix core: kinnikinnick, bitterbrush and balsamroot among sparse forbs and bare soil.",1.581425803157513,77.16151879472471,TRUE,1.581425803157513,3582,3716,3649,3595
320355.5,4311128.5,CRBU,Sambucus racemosa,10.752250988009658,S07,10.805761635730802,0.05351064772114355,TRUE,Salix other,151.05453491210938,0,0.8343779362378607,53,13,0.6981132075471698,ok,Salix other,1.4769352594308554,88.07251392364653,TRUE,1.4769352594308554,3473,4138,3855,3801
326121.5,4318338.5,CRBU,Veratrum tenuipetalum,6.834865687522365,Corydalis caseana,7.376815889765685,0.5419502022433198,FALSE,S03,143.69776916503906,0,0.8975265810802193,22,33,0.6363636363636364,ok,"Classic subalpine tall-forb community: corn-lily with Mertensia ciliata, cow parsnip, Delphinium barbeyi and osha on wet-mesic slopes and swales.",1.45719826077415,93.69117715485187,TRUE,1.45719826077415,4667,1255,3888,3834
327529.5,4308425.5,CRBU,S03,6.715571270354206,Veratrum tenuipetalum,6.7302109965118175,0.01463972615761122,FALSE,S03,132.2235107421875,0,0.9068271118469804,22,33,0.6363636363636364,ok,"Classic subalpine tall-forb community: corn-lily with Mertensia ciliata, cow parsnip, Delphinium barbeyi and osha on wet-mesic slopes and swales.",1.4317646055766735,94.5186937291243,TRUE,1.4317646055766735,4697,1255,3936,3882
324616.5,4314554.5,CRBU,S03,6.647431158277984,Veratrum tenuipetalum,6.820954394337481,0.1735232360594976,FALSE,S03,161.12501525878906,0,0.9104673050311036,22,33,0.6363636363636364,ok,"Classic subalpine tall-forb community: corn-lily with Mertensia ciliata, cow parsnip, Delphinium barbeyi and osha on wet-mesic slopes and swales.",1.4172370848694713,94.84258064149074,TRUE,1.4172370848694713,4718,1255,3962,3908
327295.5,4312860.5,CRBU,S03,6.543049346058971,Veratrum tenuipetalum,6.558873184177834,0.01582383811886334,FALSE,S03,137.446044921875,0,0.9196824380398844,22,33,0.6363636363636364,ok,"Classic subalpine tall-forb community: corn-lily with Mertensia ciliata, cow parsnip, Delphinium barbeyi and osha on wet-mesic slopes and swales.",1.394982807729881,95.66249893326653,TRUE,1.394982807729881,4736,1255,3996,3942
318349.5,4299431.5,CRBU,S26,8.40403853797947,S09.a,8.804136305688973,0.4000977677095019,TRUE,Salix other,136.4660186767578,0.3650000095367432,0.8845234332617099,53,13,0.6981132075471698,ok,Salix other,1.1543834730233762,92.53421949217879,TRUE,1.1543834730233762,4162,4138,4421,4367
348466.5,4315821.5,UPTA,S10.a,8.383007457560403,S10.c,8.51571868163969,0.13271122407928715,TRUE,Salix other,167.11587524414062,2.507999897003174,0.8344935347106861,53,13,0.6981132075471698,ok,Salix other,1.1514946319565627,88.08279932075153,TRUE,1.1514946319565627,4171,4138,4426,4372
348538.5,4311740.5,UPTA,S09.a,8.104684333322746,Salix other,8.374042634840796,0.26935830151805007,TRUE,Salix other,169.12747192382812,0,0.8386038217307992,53,13,0.6981132075471698,ok,Salix other,1.1132640106513172,88.44851292564776,TRUE,1.1132640106513172,4274,4138,4490,4436
321697.5,4309173.5,CRBU,Salix other,8.10196226575417,S10.b,8.367509491916573,0.2655472261624041,TRUE,Salix other,136.2713623046875,1.0800000429153442,0.7585911130377871,53,13,0.6981132075471698,ok,Salix other,1.112890105914991,81.32936626011212,TRUE,1.112890105914991,4275,4138,4491,4437
325409.5,4307584.5,CRBU,Salix other,7.973979074732112,S26,8.321925258325386,0.3479461835932742,TRUE,Salix other,132.09967041015625,1.5429999828338623,0.8465435179864051,53,13,0.6981132075471698,ok,Salix other,1.0953102626202484,89.15494897870441,TRUE,1.0953102626202484,4314,4138,4525,4471
349976.5,4322923.5,UPTA,Betula glandulosa,7.400710666646529,Salix other,7.647061339418042,0.2463506727715128,TRUE,Salix other,169.65321350097656,0.19499999284744263,0.8541786910760781,53,13,0.6981132075471698,ok,Salix other,1.0165657907916457,89.83429002252136,TRUE,1.0165657907916457,4490,4138,4652,4598
328811.5,4312506.5,CRBU,Symphoricarpos rotundifolius,7.323643667534473,Salix other,7.427045292603467,0.10340162506899464,TRUE,Salix other,134.81521606445312,0,0.8289755892023264,53,13,0.6981132075471698,ok,Salix other,1.0059798243317803,87.59183902196744,TRUE,1.0059798243317803,4521,4138,4667,4613
